ID,Item,Company,Quantity,Currency,Conversion Rate,ID (Items),Item Code (Items),Qty (Items),Rate (Items),UOM (Items)
BOM-SAS KS Grade 9 DSE Bookkit - (HI/CA/HS/SST)-001,SAS KS Grade 9 DSE Bookkit - (HI/CA/HS/SST),Inventre Edu Services Pvt Ltd,1,INR,1,6sjgvho71l,Beehive,1,0,Nos
,,,,,,6sjdj8pctb,Moments - English Suppl. Rdr,1,0,Nos
,,,,,,6sjjatshb3,Words and Expressions 1,1,0,Nos
,,,,,,6sj74k8hir,Contemporary India - Geography Grade 9,1,0,Nos
,,,,,,6sj9nsrt8a,India & Contemporary World History Grade 9,1,0,Nos
,,,,,,6sjoqdnj9e,Democratic Politics Grade 9,1,0,Nos
,,,,,,6sjv8or26o,Economics Textbook,1,0,Nos
,,,,,,6sj149l95k,Anmol hindi Vyakaran thatha rachana - 9,1,244.8,Nos
,,,,,,6sjkgbq752,Sparsh Grade 9,1,0,Nos
,,,,,,6sjno1ju6e,Sanchayan I,1,0,Nos
,,,,,,6sjq9i5tia,Computer applications by Sumita Arora Gr IX,1,0,Nos
,,,,,,6sj5oep3a5,Comprehensive Home Science for Class IX- Anju Chauhan,1,0,Nos
,,,,,,6sj9mblg6m,CM Crown 200 pages Single ruled,12,47.41,Nos
,,,,,,6sj5adkvj7,CM Crown 200 pages Maths ruled,6,47.41,Nos
,,,,,,6sjft54nh8,CM 50 Pages Plain Drawing Book,1,22.93,Nos
,,,,,,6sjdii6fe5,CM Long 50 Pages Graph Book,1,22.44,Nos
,,,,,,6sja8bmckc,CM 200 Pages OSR Single Ruled Record Book,2,68.36,Nos
,,,,,,6sj165thr0,CM 100 Pages OSR Single Ruled Record Book,2,42.4,Nos
,,,,,,6sjugvg5d9,CM Crown 100 pages Plain Book,1,22.5,Nos
,,,,,,6sjrmuuh49,SAS Flat File,1,13.14,Nos
,,,,,,6sj4pff3ji,File Folder,1,4.43,Nos
,,,,,,6sjacb7lkh,A4 Size Colour Paper Packet (25 sheets),1,19.42,Nos
,,,,,,6sj7u75bqi,Transparent Roll,1,33.75,Nos
,,,,,,6sjh1lo24u,SAS KS Label Sheet,1,4.24,Nos
,,,,,,6sj33fb8er,Poster Paint (6 Shades),1,50,Nos
,,,,,,6sjqlbevlf,"Flat Brushes - Size 1,3,5,6",6,88.75,Nos
,,,,,,6sjn3cgmfg,A4 Size Plain Sheets (25 sheets),2,18.64,Nos
,,,,,,6sj9fd3uiu,Opendoor Thinking Assessment-SAS,2,480,Nos
,,,,,,6sjp31ngd2,Worksheet,1,300,Nos
,,,,,,6sj8dihe06,SAS KS Almanac,1,75,Nos
,,,,,,6sj75t8634,SAS KS Mini Almanac,1,12,Nos
,,,,,,6sjeq3nbqs,SAS KS ID Card,1,78,Nos
,,,,,,6sj809r3lb,DSE KIT,1,0,Nos
BOM-SAS KS Grade 9 DSE Bookkit - (PA/MA/HS/SST)-001,SAS KS Grade 9 DSE Bookkit - (PA/MA/HS/SST),Inventre Edu Services Pvt Ltd,1,INR,1,2j6dmcj8bb,Beehive,1,0,Nos
,,,,,,2j6942gh0k,Moments - English Suppl. Rdr,1,0,Nos
,,,,,,2j6v5gmpod,Words and Expressions 1,1,0,Nos
,,,,,,2j6fdn47l5,Maths text (RS Agarwal) 9,1,0,Nos
,,,,,,2j6l4fe9cr,Maths Textbook 9,1,0,Nos
,,,,,,2j6vtutv7c,Maths Lab Manual 9,1,251.6,Nos
,,,,,,2j6mikmi56,Contemporary India - Geography Grade 9,1,0,Nos
,,,,,,2j61ulh5kc,India & Contemporary World History Grade 9,1,0,Nos
,,,,,,2j6ljt8d0p,Democratic Politics Grade 9,1,0,Nos
,,,,,,2j6anbk07f,Economics Textbook,1,0,Nos
,,,,,,2j6h0hvh84,Panoramic - Indian Painting 9,1,243,Nos
,,,,,,2j6tkt6udt,Comprehensive Home Science for Class IX- Anju Chauhan,1,0,Nos
,,,,,,2j6qoq4hpp,CM Crown 200 pages Single ruled,12,47.41,Nos
,,,,,,2j67lletqg,CM Crown 200 pages Maths ruled,6,47.41,Nos
,,,,,,2j6piqfvvq,CM 50 Pages Plain Drawing Book,1,22.93,Nos
,,,,,,2j6hjk0sb4,CM Long 50 Pages Graph Book,1,22.44,Nos
,,,,,,2j63npt25t,CM 200 Pages OSR Single Ruled Record Book,2,68.36,Nos
,,,,,,2j680j340l,CM 100 Pages OSR Single Ruled Record Book,2,42.4,Nos
,,,,,,2j63ug7jco,CM Crown 100 pages Plain Book,1,22.5,Nos
,,,,,,2j67ikei10,SAS Flat File,1,13.14,Nos
,,,,,,2j68hvl5e2,File Folder,1,4.43,Nos
,,,,,,2j6bisvkrb,A4 Size Colour Paper Packet (25 sheets),1,19.42,Nos
,,,,,,2j6oovc7i7,Transparent Roll,1,33.75,Nos
,,,,,,2j6u3tvug8,SAS KS Label Sheet,1,4.24,Nos
,,,,,,2j64lpcsj9,Poster Paint (6 Shades),1,50,Nos
,,,,,,2j6cf4ii1u,"Flat Brushes - Size 1,3,5,6",6,88.75,Nos
,,,,,,2j66jve1ua,A4 Size Plain Sheets (25 sheets),2,18.64,Nos
,,,,,,2j62rj5q59,Opendoor Thinking Assessment-SAS,2,480,Nos
,,,,,,2j6p71vkoc,Worksheet,1,300,Nos
,,,,,,2j6c1ssuar,SAS KS Almanac,1,75,Nos
,,,,,,2j6f3vjooc,SAS KS Mini Almanac,1,12,Nos
,,,,,,2j6r09dv9a,SAS KS ID Card,1,78,Nos
,,,,,,2j665hhhka,DSE KIT,1,0,Nos
BOM-SAS KS Grade 9 DSE Bookkit - (TE/CA/HS/SST)-001,SAS KS Grade 9 DSE Bookkit - (TE/CA/HS/SST),Inventre Edu Services Pvt Ltd,1,INR,1,uj6vobvoau,Beehive,1,0,Nos
,,,,,,uj6egl30ua,Moments - English Suppl. Rdr,1,0,Nos
,,,,,,uj6tl41p0f,Words and Expressions 1,1,0,Nos
,,,,,,uj6i3lg7f7,Contemporary India - Geography Grade 9,1,0,Nos
,,,,,,uj6pua6tvt,India & Contemporary World History Grade 9,1,0,Nos
,,,,,,uj64tkqto6,Democratic Politics Grade 9,1,0,Nos
,,,,,,uj637mpa0m,Economics Textbook,1,0,Nos
,,,,,,uj61img2qh,Anmol hindi Vyakaran thatha rachana - 9,1,244.8,Nos
,,,,,,uj6ul3vd35,Sparsh Grade 9,1,0,Nos
,,,,,,uj6v3qe4se,Sanchayan I,1,0,Nos
,,,,,,uj6er99ona,Computer applications by Sumita Arora Gr IX,1,0,Nos
,,,,,,uj65pl5279,Comprehensive Home Science for Class IX- Anju Chauhan,1,0,Nos
,,,,,,uj6cr90f0j,CM Crown 200 pages Single ruled,12,47.41,Nos
,,,,,,uj6fqatcq0,CM Crown 200 pages Maths ruled,6,47.41,Nos
,,,,,,uj6tp6uiu9,CM 50 Pages Plain Drawing Book,1,22.93,Nos
,,,,,,uj6k73sdcs,CM Long 50 Pages Graph Book,1,22.44,Nos
,,,,,,uj6ebgqj2n,CM 200 Pages OSR Single Ruled Record Book,2,68.36,Nos
,,,,,,uj6ri17tmk,CM 100 Pages OSR Single Ruled Record Book,2,42.4,Nos
,,,,,,uj666drc7t,CM Crown 100 pages Plain Book,1,22.5,Nos
,,,,,,uj6bt5bkpq,SAS Flat File,1,13.14,Nos
,,,,,,uj6gb3h57n,File Folder,1,4.43,Nos
,,,,,,uj6vonia7j,A4 Size Colour Paper Packet (25 sheets),1,19.42,Nos
,,,,,,uj6bg08hm8,Transparent Roll,1,33.75,Nos
,,,,,,uj61nqj7p1,SAS KS Label Sheet,1,4.24,Nos
,,,,,,uj6nk1qobl,Poster Paint (6 Shades),1,50,Nos
,,,,,,uj60pd2hc2,"Flat Brushes - Size 1,3,5,6",6,88.75,Nos
,,,,,,uj6fmdng97,A4 Size Plain Sheets (25 sheets),2,18.64,Nos
,,,,,,uj64qnak1i,Opendoor Thinking Assessment-SAS,2,480,Nos
,,,,,,uj62atpb13,Worksheet,1,300,Nos
,,,,,,uj6547utck,SAS KS Almanac,1,75,Nos
,,,,,,uj632g0r45,SAS KS Mini Almanac,1,12,Nos
,,,,,,uj67kgnovu,SAS KS ID Card,1,78,Nos
,,,,,,uj6odlrmfg,DSE KIT,1,0,Nos
BOM-SAS KS Grade 9 DSE Bookkit - (PA/MA/GS/SST)-001,SAS KS Grade 9 DSE Bookkit - (PA/MA/GS/SST),Inventre Edu Services Pvt Ltd,1,INR,1,plqj4omq44,Beehive,1,0,Nos
,,,,,,plqjni5gr5,Moments - English Suppl. Rdr,1,0,Nos
,,,,,,plquqpseqi,Words and Expressions 1,1,0,Nos
,,,,,,plqoku7knh,Maths text (RS Agarwal) 9,1,0,Nos
,,,,,,plqupnkese,Maths Textbook 9,1,0,Nos
,,,,,,plqo3g3nmb,Maths Lab Manual 9,1,251.6,Nos
,,,,,,plq9nj40po,Science Textbook 9,1,0,Nos
,,,,,,plqmhqbt3k,Science Exempler Problems 9,1,99,Nos
,,,,,,plq3n1bkgr,Laboratory Manual Science 9,1,389,Nos
,,,,,,plqg27ic47,Contemporary India - Geography Grade 9,1,0,Nos
,,,,,,plqc2n7vu9,India & Contemporary World History Grade 9,1,0,Nos
,,,,,,plqv24bk83,Democratic Politics Grade 9,1,0,Nos
,,,,,,plq3gevn24,Economics Textbook,1,0,Nos
,,,,,,plqpos19hm,Panoramic - Indian Painting 9,1,243,Nos
,,,,,,plq3vfmubu,CM Crown 200 pages Single ruled,12,47.41,Nos
,,,,,,plqijigvot,CM Crown 200 pages Maths ruled,6,47.41,Nos
,,,,,,plqs6aaqer,CM 50 Pages Plain Drawing Book,1,22.93,Nos
,,,,,,plq9chbtcm,CM Long 50 Pages Graph Book,1,22.44,Nos
,,,,,,plq6thk44l,CM 200 Pages OSR Single Ruled Record Book,2,68.36,Nos
,,,,,,plq990n8p3,CM 100 Pages OSR Single Ruled Record Book,2,42.4,Nos
,,,,,,plqhdvmejs,CM Crown 100 pages Plain Book,1,22.5,Nos
,,,,,,plqf4d2h73,SAS Flat File,1,13.14,Nos
,,,,,,plq7lsph27,File Folder,1,4.43,Nos
,,,,,,plqtkm4hsk,A4 Size Colour Paper Packet (25 sheets),1,19.42,Nos
,,,,,,plq6ioqmio,Transparent Roll,1,33.75,Nos
,,,,,,plq3feejli,SAS KS Label Sheet,1,4.24,Nos
,,,,,,plq8t6l1h9,Poster Paint (6 Shades),1,50,Nos
,,,,,,plq7qml05l,"Flat Brushes - Size 1,3,5,6",6,88.75,Nos
,,,,,,plq17ad3mq,A4 Size Plain Sheets (25 sheets),2,18.64,Nos
,,,,,,plqmbfc75d,Opendoor Thinking Assessment-SAS,2,480,Nos
,,,,,,plqp1vlqat,Worksheet,1,300,Nos
,,,,,,plqmaecbnq,SAS KS Almanac,1,75,Nos
,,,,,,plq4sqgus0,SAS KS Mini Almanac,1,12,Nos
,,,,,,plqj4tkcll,SAS KS ID Card,1,78,Nos
,,,,,,plq5msd7k7,DSE KIT,1,0,Nos
BOM-SAS KS Grade 9 DSE Bookkit- (PA/CA/HS/SST)-001,SAS KS Grade 9 DSE Bookkit- (PA/CA/HS/SST),Inventre Edu Services Pvt Ltd,1,INR,1,lv82j8tlfc,Beehive,1,0,Nos
,,,,,,lv8ofhknl1,Moments - English Suppl. Rdr,1,0,Nos
,,,,,,lv88rrtg51,Words and Expressions 1,1,0,Nos
,,,,,,lv8r77f8t6,Contemporary India - Geography Grade 9,1,0,Nos
,,,,,,lv8jjqejqg,India & Contemporary World History Grade 9,1,0,Nos
,,,,,,lv8j04pq34,Democratic Politics Grade 9,1,0,Nos
,,,,,,lv88s9rfq9,Economics Textbook,1,0,Nos
,,,,,,lv8biak1i4,Panoramic - Indian Painting 9,1,243,Nos
,,,,,,lv8rnjbesv,Computer applications by Sumita Arora Gr IX,1,0,Nos
,,,,,,lv8o6vl8v7,Comprehensive Home Science for Class IX- Anju Chauhan,1,0,Nos
,,,,,,lv8g84vghi,CM Crown 200 pages Single ruled,12,47.41,Nos
,,,,,,lv8abc73ff,CM Crown 200 pages Maths ruled,6,47.41,Nos
,,,,,,lv8pqfo1ke,CM 50 Pages Plain Drawing Book,1,22.93,Nos
,,,,,,lv81qkagl1,CM Long 50 Pages Graph Book,1,22.44,Nos
,,,,,,lv8ivpfpb4,CM 200 Pages OSR Single Ruled Record Book,2,68.36,Nos
,,,,,,lv80qbavn7,CM 100 Pages OSR Single Ruled Record Book,2,42.4,Nos
,,,,,,lv8a5aln44,CM Crown 100 pages Plain Book,1,22.5,Nos
,,,,,,lv8sf6th2a,SAS Flat File,1,13.14,Nos
,,,,,,lv8nhdik9n,File Folder,1,4.43,Nos
,,,,,,lv8s3kmlrs,A4 Size Colour Paper Packet (25 sheets),1,19.42,Nos
,,,,,,lv8hpms3mb,Transparent Roll,1,33.75,Nos
,,,,,,lv82ivgd84,SAS KS Label Sheet,1,4.24,Nos
,,,,,,lv85stp3na,Poster Paint (6 Shades),1,50,Nos
,,,,,,lv8pd3r4il,"Flat Brushes - Size 1,3,5,6",6,88.75,Nos
,,,,,,lv83hbm9ce,A4 Size Plain Sheets (25 sheets),2,18.64,Nos
,,,,,,lv8tmufphp,Opendoor Thinking Assessment-SAS,2,480,Nos
,,,,,,lv8e2hnr4f,Worksheet,1,300,Nos
,,,,,,lv8ov2ksod,SAS KS Almanac,1,75,Nos
,,,,,,lv8blb4rks,SAS KS Mini Almanac,1,12,Nos
,,,,,,lv80gs3pq2,SAS KS ID Card,1,78,Nos
,,,,,,lv8gnsuhbr,DSE KIT,1,0,Nos
BOM-Grade 9 DSE - (HI/CA/HS/SST)-001,Grade 9 DSE - (HI/CA/HS/SST),Inventre Edu Services Pvt Ltd,1,INR,1,eamm6j0lg3,Beehive,1,0,Nos
,,,,,,eamhegbe5a,Moments - English Suppl. Rdr,1,0,Nos
,,,,,,eamqpgd5lr,Words and Expressions 1,1,0,Nos
,,,,,,eamgvpr76o,Contemporary India - Geography Grade 9,1,0,Nos
,,,,,,eambjpdg6u,India & Contemporary World History Grade 9,1,0,Nos
,,,,,,eamvt19q5s,Democratic Politics Grade 9,1,0,Nos
,,,,,,eamjd99icj,Economics Textbook,1,0,Nos
,,,,,,eamaehmsa6,Anmol hindi Vyakaran thatha rachana - 9,1,244.8,Nos
,,,,,,eamk03sbmb,Sparsh Grade 9,1,0,Nos
,,,,,,eamli67se7,Sanchayan I,1,0,Nos
,,,,,,eam5163a5m,Computer applications by Sumita Arora Gr IX,1,0,Nos
,,,,,,eamaaqopu6,Comprehensive Home Science for Class IX- Anju Chauhan,1,0,Nos
,,,,,,eam6scaugc,CM Crown 200 pages Single ruled,12,47.41,Nos
,,,,,,eam1qt7pus,CM Crown 200 pages Maths ruled,6,47.41,Nos
,,,,,,eamg5l39k0,CM 50 Pages Plain Drawing Book,1,22.93,Nos
,,,,,,eamh9qmt3c,CM Long 50 Pages Graph Book,1,22.44,Nos
,,,,,,eamauj4vmf,CM 200 Pages OSR Single Ruled Record Book,2,68.36,Nos
,,,,,,eamh8r5n39,CM 100 Pages OSR Single Ruled Record Book,2,42.4,Nos
,,,,,,eam292slcu,CM Crown 100 pages Plain Book,1,22.5,Nos
,,,,,,eamkr3rmgi,SAS Flat File,1,13.14,Nos
,,,,,,eam8p4j0na,File Folder,1,4.43,Nos
,,,,,,eamnm68i58,A4 Size Colour Paper Packet (25 sheets),1,19.42,Nos
,,,,,,eam0cimhqq,Transparent Roll,1,33.75,Nos
,,,,,,eami73sgmn,SAS BP Label Sheet,1,4.24,Nos
,,,,,,eamhn53e77,Poster Paint (6 Shades),1,50,Nos
,,,,,,eamenlesii,"Flat Brushes - Size 1,3,5,6",6,88.75,Nos
,,,,,,eam662pe89,A4 Size Plain Sheets (25 sheets),2,18.64,Nos
,,,,,,eam1a9jg21,Opendoor Thinking Assessment-SAS,2,480,Nos
,,,,,,eammf68smb,Worksheet,1,300,Nos
,,,,,,eam742ekka,SAS BP Almanac,1,75,Nos
,,,,,,eam3l30u1a,SAS BP Mini Almanac,1,10.5,Nos
,,,,,,eams98on1a,SAS BP ID Card,1,78,Nos
,,,,,,eamrr3q3gf,DSE KIT,1,0,Nos
BOM-Grade 9 DSE Bookkit - (TE/CA/HS/SST)-001,Grade 9 DSE Bookkit - (TE/CA/HS/SST),Inventre Edu Services Pvt Ltd,1,INR,1,fls9ocg0b6,Beehive,1,0,Nos
,,,,,,fls3g72gp7,Moments - English Suppl. Rdr,1,0,Nos
,,,,,,flsdl00bom,Words and Expressions 1,1,0,Nos
,,,,,,fls7tlrpt0,Contemporary India - Geography Grade 9,1,0,Nos
,,,,,,flsvvui1t2,India & Contemporary World History Grade 9,1,0,Nos
,,,,,,fls6f3nv7e,Democratic Politics Grade 9,1,0,Nos
,,,,,,flshktn2sn,Economics Textbook,1,0,Nos
,,,,,,flspj0epqv,Anmol hindi Vyakaran thatha rachana - 9,1,244.8,Nos
,,,,,,flsdgnjeh9,Sparsh Grade 9,1,0,Nos
,,,,,,fls2ccelon,Sanchayan I,1,0,Nos
,,,,,,fls23vv51t,Computer applications by Sumita Arora Gr IX,1,0,Nos
,,,,,,flsn1jqq19,Comprehensive Home Science for Class IX- Anju Chauhan,1,0,Nos
,,,,,,flstg6sokp,CM Crown 200 pages Single ruled,12,47.41,Nos
,,,,,,fls0qhl9tq,CM Crown 200 pages Maths ruled,6,47.41,Nos
,,,,,,fls9do5lkl,CM 50 Pages Plain Drawing Book,1,22.93,Nos
,,,,,,flsa9ta8c7,CM Long 50 Pages Graph Book,1,22.44,Nos
,,,,,,fls7i5auag,CM 200 Pages OSR Single Ruled Record Book,2,68.36,Nos
,,,,,,flsh157nkd,CM 100 Pages OSR Single Ruled Record Book,2,42.4,Nos
,,,,,,fls9jr30ad,CM Crown 100 pages Plain Book,1,22.5,Nos
,,,,,,fls6dio3pk,SAS Flat File,1,13.14,Nos
,,,,,,flsr7r6ia2,File Folder,1,4.43,Nos
,,,,,,flsl5f9jaj,A4 Size Colour Paper Packet (25 sheets),1,19.42,Nos
,,,,,,fls205rlni,Transparent Roll,1,33.75,Nos
,,,,,,flsn5mo3n3,SAS BP Label Sheet,1,4.24,Nos
,,,,,,fls5huhbuv,Poster Paint (6 Shades),1,50,Nos
,,,,,,flsh9endms,"Flat Brushes - Size 1,3,5,6",6,88.75,Nos
,,,,,,flshidkh5v,A4 Size Plain Sheets (25 sheets),2,18.64,Nos
,,,,,,flst2302m4,Opendoor Thinking Assessment-SAS,2,480,Nos
,,,,,,flsvib7eg0,Worksheet,1,300,Nos
,,,,,,flsimjf0jn,SAS BP Almanac,1,75,Nos
,,,,,,fls5gvm19i,SAS BP Mini Almanac,1,10.5,Nos
,,,,,,fls2g35u6e,SAS BP ID Card,1,78,Nos
,,,,,,fls27uf09q,DSE KIT,1,0,Nos
BOM-Grade 9 DSE Bookkit - (PA/MA/GS/SST)-001,Grade 9 DSE Bookkit - (PA/MA/GS/SST),Inventre Edu Services Pvt Ltd,1,INR,1,8qchp6ii1q,Beehive,1,0,Nos
,,,,,,8qc2pd7e48,Moments - English Suppl. Rdr,1,0,Nos
,,,,,,8qcpk8ei5r,Words and Expressions 1,1,0,Nos
,,,,,,8qctot6o11,Maths text (RS Agarwal) 9,1,0,Nos
,,,,,,8qc6ii9ih2,Maths Textbook 9,1,0,Nos
,,,,,,8qc2u3ojhe,Maths Lab Manual 9,1,251.6,Nos
,,,,,,8qc6qju8mk,Science Textbook 9,1,0,Nos
,,,,,,8qcb8fc7r1,Science Exempler Problems 9,1,99,Nos
,,,,,,8qcbq2o24h,Laboratory Manual Science 9,1,389,Nos
,,,,,,8qchhcm0rc,Contemporary India - Geography Grade 9,1,0,Nos
,,,,,,8qco03ghhk,India & Contemporary World History Grade 9,1,0,Nos
,,,,,,8qcqs0h1rv,Democratic Politics Grade 9,1,0,Nos
,,,,,,8qc9dfhbhq,Economics Textbook,1,0,Nos
,,,,,,8qcuho34s8,Panoramic - Indian Painting 9,1,243,Nos
,,,,,,8qcgv8fnok,CM Crown 200 pages Single ruled,12,47.41,Nos
,,,,,,8qc7ftutsc,CM Crown 200 pages Maths ruled,6,47.41,Nos
,,,,,,8qc4cq5g1e,CM 50 Pages Plain Drawing Book,1,22.93,Nos
,,,,,,8qc2tttna3,CM Long 50 Pages Graph Book,1,22.44,Nos
,,,,,,8qcoovs8pr,CM 200 Pages OSR Single Ruled Record Book,2,68.36,Nos
,,,,,,8qc4sb1bsh,CM 100 Pages OSR Single Ruled Record Book,2,42.4,Nos
,,,,,,8qc68ae8uc,CM Crown 100 pages Plain Book,1,22.5,Nos
,,,,,,8qca7k5g0b,SAS Flat File,1,13.14,Nos
,,,,,,8qc2la00i8,File Folder,1,4.43,Nos
,,,,,,8qcpk3qfk8,A4 Size Colour Paper Packet (25 sheets),1,19.42,Nos
,,,,,,8qcmg8p9t6,Transparent Roll,1,33.75,Nos
,,,,,,8qcp3p9teo,SAS BP Label Sheet,1,4.24,Nos
,,,,,,8qcnkmbjhl,Poster Paint (6 Shades),1,50,Nos
,,,,,,8qcp2tt128,"Flat Brushes - Size 1,3,5,6",6,88.75,Nos
,,,,,,8qcj19og1l,A4 Size Plain Sheets (25 sheets),2,18.64,Nos
,,,,,,8qcb5d3lpi,Opendoor Thinking Assessment-SAS,2,480,Nos
,,,,,,8qc1iu6ak9,Worksheet,1,300,Nos
,,,,,,8qch9335gs,SAS BP Almanac,1,75,Nos
,,,,,,8qchd3t5f0,SAS BP Mini Almanac,1,10.5,Nos
,,,,,,8qcrqvqjtr,SAS BP ID Card,1,78,Nos
,,,,,,8qcm52qaje,DSE KIT,1,0,Nos
BOM-Grade 9 DSE Bookkit - (PA/MA/HS/SST)-001,Grade 9 DSE Bookkit - (PA/MA/HS/SST),Inventre Edu Services Pvt Ltd,1,INR,1,166rp0a9dr,Beehive,1,0,Nos
,,,,,,1661lq8c9a,Moments - English Suppl. Rdr,1,0,Nos
,,,,,,166n3f9qjh,Words and Expressions 1,1,0,Nos
,,,,,,166j94k024,Maths text (RS Agarwal) 9,1,0,Nos
,,,,,,166jt5b21m,Maths Textbook 9,1,0,Nos
,,,,,,166hl3pqtd,Maths Lab Manual 9,1,251.6,Nos
,,,,,,166qo9qgeg,Contemporary India - Geography Grade 9,1,0,Nos
,,,,,,166l6ondlt,India & Contemporary World History Grade 9,1,0,Nos
,,,,,,1661s97uo8,Democratic Politics Grade 9,1,0,Nos
,,,,,,166d4fh9un,Economics Textbook,1,0,Nos
,,,,,,166p290mk0,Panoramic - Indian Painting 9,1,243,Nos
,,,,,,166fvanj9s,Comprehensive Home Science for Class IX- Anju Chauhan,1,0,Nos
,,,,,,166tobh1kv,CM Crown 200 pages Single ruled,12,47.41,Nos
,,,,,,166ct9bapj,CM Crown 200 pages Maths ruled,6,47.41,Nos
,,,,,,16621nqjhh,CM 50 Pages Plain Drawing Book,1,22.93,Nos
,,,,,,166co7613q,CM Long 50 Pages Graph Book,1,22.44,Nos
,,,,,,1664iota98,CM 200 Pages OSR Single Ruled Record Book,2,68.36,Nos
,,,,,,1662u242en,CM 100 Pages OSR Single Ruled Record Book,2,42.4,Nos
,,,,,,166vtt9jkb,CM Crown 100 pages Plain Book,1,22.5,Nos
,,,,,,166pfo58rl,SAS Flat File,1,13.14,Nos
,,,,,,1665l95lh3,File Folder,1,4.43,Nos
,,,,,,166aki0q3a,A4 Size Colour Paper Packet (25 sheets),1,19.42,Nos
,,,,,,1661ppogf8,Transparent Roll,1,33.75,Nos
,,,,,,166204jt03,SAS BP Label Sheet,1,4.24,Nos
,,,,,,166n5n40tj,Poster Paint (6 Shades),1,50,Nos
,,,,,,166ft9cpav,"Flat Brushes - Size 1,3,5,6",6,88.75,Nos
,,,,,,166lg53npk,A4 Size Plain Sheets (25 sheets),2,18.64,Nos
,,,,,,16657g3mlg,Opendoor Thinking Assessment-SAS,2,480,Nos
,,,,,,1666qb713q,Worksheet,1,300,Nos
,,,,,,1665h8kmq7,SAS BP Almanac,1,75,Nos
,,,,,,166k5klus9,SAS BP Mini Almanac,1,10.5,Nos
,,,,,,1664ak4eop,SAS BP ID Card,1,78,Nos
,,,,,,166056ajhn,DSE KIT,1,0,Nos
BOM-Grade 9 DSE Bookkit- (PA/CA/HS/SST)-001,Grade 9 DSE Bookkit- (PA/CA/HS/SST),Inventre Edu Services Pvt Ltd,1,INR,1,dtqt86evgp,Beehive,1,0,Nos
,,,,,,dtqihog66i,Moments - English Suppl. Rdr,1,0,Nos
,,,,,,dtqakj85ss,Words and Expressions 1,1,0,Nos
,,,,,,dtqske6cj7,Contemporary India - Geography Grade 9,1,0,Nos
,,,,,,dtqsdekgou,India & Contemporary World History Grade 9,1,0,Nos
,,,,,,dtqr65eqrd,Democratic Politics Grade 9,1,0,Nos
,,,,,,dtqnf0qi7g,Economics Textbook,1,0,Nos
,,,,,,dtqubk920a,Panoramic - Indian Painting 9,1,243,Nos
,,,,,,dtqbqh5sm4,Computer applications by Sumita Arora Gr IX,1,0,Nos
,,,,,,dtqscc69l6,Comprehensive Home Science for Class IX- Anju Chauhan,1,0,Nos
,,,,,,dtqpc2lpsd,CM Crown 200 pages Single ruled,12,47.41,Nos
,,,,,,dtqq9dnf3l,CM Crown 200 pages Maths ruled,6,47.41,Nos
,,,,,,dtq0ikpfoe,CM 50 Pages Plain Drawing Book,1,22.93,Nos
,,,,,,dtq883jhb4,CM Long 50 Pages Graph Book,1,22.44,Nos
,,,,,,dtq50715cb,CM 200 Pages OSR Single Ruled Record Book,2,68.36,Nos
,,,,,,dtqrqmgd3e,CM 100 Pages OSR Single Ruled Record Book,2,42.4,Nos
,,,,,,dtq4tptbrg,CM Crown 100 pages Plain Book,1,22.5,Nos
,,,,,,dtqo2ec37g,SAS Flat File,1,13.14,Nos
,,,,,,dtqic6b32p,File Folder,1,4.43,Nos
,,,,,,dtqd6e8ft3,A4 Size Colour Paper Packet (25 sheets),1,19.42,Nos
,,,,,,dtqjn7t55n,Transparent Roll,1,33.75,Nos
,,,,,,dtq8hso3l1,SAS BP Label Sheet,1,4.24,Nos
,,,,,,dtqkmhojco,Poster Paint (6 Shades),1,50,Nos
,,,,,,dtq69l47gg,"Flat Brushes - Size 1,3,5,6",6,88.75,Nos
,,,,,,dtqfubvbbq,A4 Size Plain Sheets (25 sheets),2,18.64,Nos
,,,,,,dtqtd852pb,Opendoor Thinking Assessment-SAS,2,480,Nos
,,,,,,dtq7q308vq,Worksheet,1,300,Nos
,,,,,,dtquv22id2,SAS BP Almanac,1,75,Nos
,,,,,,dtqh49eeeh,SAS BP Mini Almanac,1,10.5,Nos
,,,,,,dtq8ema1fs,SAS BP ID Card,1,78,Nos
,,,,,,dtqiuklur7,DSE KIT,1,0,Nos
BOM-SMS Grade 11 BookkitMandateHumanitiesPhysicalEducationEntrepreneurship-001,SMS Grade 11 BookkitMandateHumanitiesPhysicalEducationEntrepreneurship,Inventre Edu Services Pvt Ltd,1,INR,1,7o4asstean,SMS Grade 11 Mandate,1,0,Nos
,,,,,,7o4kv7ik5e,SMS Grade 11 Humanities,1,0,Nos
,,,,,,7o4c88hvs6,SMS Grade 11 Physical Education,1,0,Nos
,,,,,,7o4ho2jpa6,SMS Grade 11 Entrepreneurship,1,0,Nos
BOM-SMS Grade 11 BookkitMandateHumanitiesPhysicalEducationComputer Science-001,SMS Grade 11 BookkitMandateHumanitiesPhysicalEducationComputer Science,Inventre Edu Services Pvt Ltd,1,INR,1,71i4nd55kr,SMS Grade 11 Mandate,1,0,Nos
,,,,,,71ijkrpthq,SMS Grade 11 Humanities,1,0,Nos
,,,,,,71inogpuap,SMS Grade 11 Physical Education,1,0,Nos
,,,,,,71i0udttdg,SMS Grade 11 Computer Science,1,0,Nos
BOM-SMS Grade 11 BookkitMandateHumanitiesEntrepreneurshipPsychology-001,SMS Grade 11 BookkitMandateHumanitiesEntrepreneurshipPsychology,Inventre Edu Services Pvt Ltd,1,INR,1,69jt4p1vqm,SMS Grade 11 Mandate,1,0,Nos
,,,,,,69j3r4h1lk,SMS Grade 11 Humanities,1,0,Nos
,,,,,,69jb8tqutv,SMS Grade 11 Entrepreneurship,1,0,Nos
,,,,,,69jlvrgqtg,SMS Grade 11 Psychology,1,0,Nos
BOM-SMS Grade 11 BookkitMandateHumanitiesEntrepreneurshipPhysical Education-001,SMS Grade 11 BookkitMandateHumanitiesEntrepreneurshipPhysical Education,Inventre Edu Services Pvt Ltd,1,INR,1,51ci40tko1,SMS Grade 11 Mandate,1,0,Nos
,,,,,,51cg7gbd8q,SMS Grade 11 Humanities,1,0,Nos
,,,,,,51c6tnmtd4,SMS Grade 11 Entrepreneurship,1,0,Nos
,,,,,,51c0hq3nj5,SMS Grade 11 Physical Education,1,0,Nos
BOM-SMS Grade 11 BookkitMandateHumanitiesEntrepreneurshipComputer Science-001,SMS Grade 11 BookkitMandateHumanitiesEntrepreneurshipComputer Science,Inventre Edu Services Pvt Ltd,1,INR,1,3op6esh1os,SMS Grade 11 Mandate,1,0,Nos
,,,,,,3opsaglsv8,SMS Grade 11 Humanities,1,0,Nos
,,,,,,3opc0a7jqo,SMS Grade 11 Entrepreneurship,1,0,Nos
,,,,,,3op8ejd9iu,SMS Grade 11 Computer Science,1,0,Nos
BOM-SMS Grade 11 BookkitMandateHumanitiesEconomicsPsychology-001,SMS Grade 11 BookkitMandateHumanitiesEconomicsPsychology,Inventre Edu Services Pvt Ltd,1,INR,1,2q945rhr4s,SMS Grade 11 Mandate,1,0,Nos
,,,,,,2q9pkf0moi,SMS Grade 11 Humanities,1,0,Nos
,,,,,,2q93asj0ug,SMS Grade 11 Economics,1,0,Nos
,,,,,,2q9toqhkdu,SMS Grade 11 Psychology,1,0,Nos
BOM-SMS Grade 11 BookkitMandateHumanitiesEconomicsPhysical Education-001,SMS Grade 11 BookkitMandateHumanitiesEconomicsPhysical Education,Inventre Edu Services Pvt Ltd,1,INR,1,210aqa6h10,SMS Grade 11 Mandate,1,0,Nos
,,,,,,210gfbshpj,SMS Grade 11 Humanities,1,0,Nos
,,,,,,2101frqfkb,SMS Grade 11 Economics,1,0,Nos
,,,,,,2102im8k01,SMS Grade 11 Physical Education,1,0,Nos
BOM-SMS Grade 11 BookkitMandateHumanitiesEconomicsEntrepreneurship-001,SMS Grade 11 BookkitMandateHumanitiesEconomicsEntrepreneurship,Inventre Edu Services Pvt Ltd,1,INR,1,136q3udkvb,SMS Grade 11 Mandate,1,0,Nos
,,,,,,136468rj5u,SMS Grade 11 Humanities,1,0,Nos
,,,,,,136ogsarm3,SMS Grade 11 Economics,1,0,Nos
,,,,,,1366l7srhk,SMS Grade 11 Entrepreneurship,1,0,Nos
BOM-SMS Grade 11 BookkitMandateHumanitiesEconomicsComputer Science-001,SMS Grade 11 BookkitMandateHumanitiesEconomicsComputer Science,Inventre Edu Services Pvt Ltd,1,INR,1,t4ht7dv3rc,SMS Grade 11 Mandate,1,0,Nos
,,,,,,t4hkarkntj,SMS Grade 11 Humanities,1,0,Nos
,,,,,,t4h4ab4g2n,SMS Grade 11 Economics,1,0,Nos
,,,,,,t4h12srkuh,SMS Grade 11 Computer Science,1,0,Nos
BOM-SMS Grade 11 BookkitMandateCommerceMathematics-001,SMS Grade 11 BookkitMandateCommerceMathematics,Inventre Edu Services Pvt Ltd,1,INR,1,s4hai6n24o,SMS Grade 11 Mandate,1,0,Nos
,,,,,,s4hb8gi4rr,SMS Grade 11 Commerce,1,0,Nos
,,,,,,s4h0n9f1md,SMS Grade 11 Mathematics,1,0,Nos
BOM-SMS Grade 11 BookkitMandateCommercePsychology-001,SMS Grade 11 BookkitMandateCommercePsychology,Inventre Edu Services Pvt Ltd,1,INR,1,reqaf810jh,SMS Grade 11 Mandate,1,0,Nos
,,,,,,req7cjfjpd,SMS Grade 11 Commerce,1,0,Nos
,,,,,,reqj9urue0,SMS Grade 11 Psychology,1,0,Nos
BOM-SMS Grade 11 BookkitMandateCommercePhysical Education-001,SMS Grade 11 BookkitMandateCommercePhysical Education,Inventre Edu Services Pvt Ltd,1,INR,1,qkaq33670i,SMS Grade 11 Mandate,1,0,Nos
,,,,,,qka9ujrs7s,SMS Grade 11 Commerce,1,0,Nos
,,,,,,qkalcajjvh,SMS Grade 11 Physical Education,1,0,Nos
BOM-SMS Grade 11 BookkitMandateCommerceEntrepreneurship-001,SMS Grade 11 BookkitMandateCommerceEntrepreneurship,Inventre Edu Services Pvt Ltd,1,INR,1,pslm1gddkm,SMS Grade 11 Mandate,1,0,Nos
,,,,,,pslf57tcf9,SMS Grade 11 Commerce,1,0,Nos
,,,,,,pslnpm936r,SMS Grade 11 Entrepreneurship,1,0,Nos
BOM-SMS Grade 11 BookkitMandateCommerceComputer Science-001,SMS Grade 11 BookkitMandateCommerceComputer Science,Inventre Edu Services Pvt Ltd,1,INR,1,jdrv812dn2,SMS Grade 11 Mandate,1,0,Nos
,,,,,,jdrneh769m,SMS Grade 11 Commerce,1,0,Nos
,,,,,,jdrudgcm7e,SMS Grade 11 Computer Science,1,0,Nos
BOM-WM JK Grade 8 BookkitFrench 2nd Lan Kan 3rd Lan-001,WM JK Grade 8 BookkitFrench 2nd Lan Kan 3rd Lan,Inventre Edu Services Pvt Ltd,1,INR,1,gsds1h2ocr,Grade 8 Mandate Textbook,1,0,Nos
,,,,,,gsda40a8te,WM JK Grade 8 French,1,0,Nos
,,,,,,gsd1aidq3n,WM Grade 8 Notebook,1,0,Nos
,,,,,,gsdqtck2im,WM Grade 8 Stationery,1,0,Nos
,,,,,,gsdm2bdrco,WM JK Stationery,1,0,Nos
,,,,,,gsd6pqrb78,WM JK Grade 8 Program,1,0,Nos
,,,,,,gsd2i2afpr,WM JK Other MS,1,0,Nos
BOM-WM JK Grade 7 BookkitFrench 2nd Lan Kan 3rd Lan-001,WM JK Grade 7 BookkitFrench 2nd Lan Kan 3rd Lan,Inventre Edu Services Pvt Ltd,1,INR,1,g3qg058j95,Grade 7 Mandate Textbook,1,0,Nos
,,,,,,g3qstmvkvm,WM JK Grade 7 French,1,0,Nos
,,,,,,g3q31gvsgg,WM Grade 7 Notebook,1,0,Nos
,,,,,,g3qbsddsan,WM Grade 7 Stationery,1,0,Nos
,,,,,,g3qv8bvbmj,WM JK Stationery,1,0,Nos
,,,,,,g3qnaoealv,WM JK Grade 7 Program,1,0,Nos
,,,,,,g3qe9t2ncq,WM JK Other MS,1,0,Nos
BOM-WM JK Grade 6 BookkitFrench 2nd Lan Kan 3rd Lan-001,WM JK Grade 6 BookkitFrench 2nd Lan Kan 3rd Lan,Inventre Edu Services Pvt Ltd,1,INR,1,fa7eq2298h,Grade 6 Mandate Textbook,1,0,Nos
,,,,,,fa74fnlgap,WM JK Grade 6 French,1,0,Nos
,,,,,,fa7o3j8ct4,WM Grade 6 Notebook,1,0,Nos
,,,,,,fa7aec25qe,WM Grade 6 Stationery,1,0,Nos
,,,,,,fa7549f28s,WM JK Stationery,1,0,Nos
,,,,,,fa7p9fiqco,WM JK Grade 6 Program,1,0,Nos
,,,,,,fa7rj28m91,WM JK Other MS,1,0,Nos
BOM-WM JK Grade 8 BookkitKannada 2nd Lan Hin 3rd Lan-001,WM JK Grade 8 BookkitKannada 2nd Lan Hin 3rd Lan,Inventre Edu Services Pvt Ltd,1,INR,1,buhvgb3qbm,Grade 8 Mandate Textbook,1,0,Nos
,,,,,,buhm3j66hl,WM JK Grade 8 Kannada-Hindi,1,0,Nos
,,,,,,buh5h8c699,WM Grade 8 Notebook,1,0,Nos
,,,,,,buh2drpnf6,WM Grade 8 Stationery,1,0,Nos
,,,,,,buham8g3vi,WM JK Stationery,1,0,Nos
,,,,,,buhun07gm1,WM JK Grade 8 Program,1,0,Nos
,,,,,,buhn509d8d,WM JK Other MS,1,0,Nos
BOM-WM JK Grade 8 BookkitHindi 2nd Lan Kan 3rd Lan-001,WM JK Grade 8 BookkitHindi 2nd Lan Kan 3rd Lan,Inventre Edu Services Pvt Ltd,1,INR,1,au31gi5tcg,Grade 8 Mandate Textbook,1,0,Nos
,,,,,,au3j8ua5hh,WM JK Grade 8 Hindi,1,0,Nos
,,,,,,au3mhomov2,WM Grade 8 Notebook,1,0,Nos
,,,,,,au39afr6ko,WM Grade 8 Stationery,1,0,Nos
,,,,,,au319vorbi,WM JK Stationery,1,0,Nos
,,,,,,au3faa133i,WM JK Grade 8 Program,1,0,Nos
,,,,,,au37vc4re5,WM JK Other MS,1,0,Nos
BOM-WM JK Grade 7 BookkitKannada 2nd Lan Hin 3rd Lan-001,WM JK Grade 7 BookkitKannada 2nd Lan Hin 3rd Lan,Inventre Edu Services Pvt Ltd,1,INR,1,9sufu3lu49,Grade 7 Mandate Textbook,1,0,Nos
,,,,,,9sunqra0b2,WM JK Grade 7 Kannada-Hindi,1,0,Nos
,,,,,,9sufj2jsdf,WM Grade 7 Notebook,1,0,Nos
,,,,,,9suhqjel5p,WM Grade 7 Stationery,1,0,Nos
,,,,,,9su3q8lftj,WM JK Stationery,1,0,Nos
,,,,,,9su9ivglcb,WM JK Grade 7 Program,1,0,Nos
,,,,,,9su5e5qou3,WM JK Other MS,1,0,Nos
BOM-WM JK Grade 7 BookkitHindi 2nd Lan Kan 3rd Lan-001,WM JK Grade 7 BookkitHindi 2nd Lan Kan 3rd Lan,Inventre Edu Services Pvt Ltd,1,INR,1,843qvke6ds,Grade 7 Mandate Textbook,1,0,Nos
,,,,,,843vugqepf,WM JK Grade 7 Hindi,1,0,Nos
,,,,,,8436u216k1,WM Grade 7 Notebook,1,0,Nos
,,,,,,843d3ao1vs,WM Grade 7 Stationery,1,0,Nos
,,,,,,843qedklpq,WM JK Stationery,1,0,Nos
,,,,,,843nb5168v,WM JK Grade 7 Program,1,0,Nos
,,,,,,84382ogucs,WM JK Other MS,1,0,Nos
BOM-WM JK Grade 6 BookkitKannada 2nd Lan Hin 3rd Lan-001,WM JK Grade 6 BookkitKannada 2nd Lan Hin 3rd Lan,Inventre Edu Services Pvt Ltd,1,INR,1,fd2pa60d8b,Grade 6 Mandate Textbook,1,0,Nos
,,,,,,fd25gg6b8a,WM JK Grade 6 Kannada,1,0,Nos
,,,,,,fd2tji2417,WM Grade 6 Notebook,1,0,Nos
,,,,,,fd2i5maun4,WM Grade 6 Stationery,1,0,Nos
,,,,,,fd26ka6mgc,WM JK Stationery,1,0,Nos
,,,,,,fd2ocp5jd7,WM JK Grade 6 Program,1,0,Nos
,,,,,,fd2ujo3142,WM JK Other MS,1,0,Nos
BOM-WM JK Grade 6 BookkitHindi 2nd Lan Kan 3rd Lan-001,WM JK Grade 6 BookkitHindi 2nd Lan Kan 3rd Lan,Inventre Edu Services Pvt Ltd,1,INR,1,edq9erv6ni,Grade 6 Mandate Textbook,1,0,Nos
,,,,,,edqv5njgv8,WM JK Grade 6 Hindi,1,0,Nos
,,,,,,edqmp0kdj1,WM Grade 6 Notebook,1,0,Nos
,,,,,,edqdtnq6rk,WM Grade 6 Stationery,1,0,Nos
,,,,,,edqm77dauh,WM JK Stationery,1,0,Nos
,,,,,,edq4of2khq,WM JK Grade 6 Program,1,0,Nos
,,,,,,edqugl2hc9,WM JK Other MS,1,0,Nos
BOM-WM JK Grade 5 BookkitKannada 2nd Lan Hin 3rd Lan-001,WM JK Grade 5 BookkitKannada 2nd Lan Hin 3rd Lan,Inventre Edu Services Pvt Ltd,1,INR,1,d0mcol139l,Grade 5 Mandate Textbook,1,1679.54,Nos
,,,,,,d0m56ovm3v,WM JK Grade 5 Kannada,1,0,Nos
,,,,,,d0m650dsnp,WM Grade 5 Notebook,1,0,Nos
,,,,,,d0m75djp0j,WM Grade 5 Stationery,1,0,Nos
,,,,,,d0m6onf8sf,WM JK Stationery,1,0,Nos
,,,,,,d0mp4ufnm7,WM JK Grade 5 Program,1,0,Nos
,,,,,,d0mseta7p7,WM JK Other MS,1,0,Nos
BOM-WM JK Grade 5 BookkitHindi 2nd Lan Kan 3rd Lan-001,WM JK Grade 5 BookkitHindi 2nd Lan Kan 3rd Lan,Inventre Edu Services Pvt Ltd,1,INR,1,bv0po7lpu9,Grade 5 Mandate Textbook,1,1679.54,Nos
,,,,,,bv0b3ovfi2,WM JK Grade 5 Hindi,1,0,Nos
,,,,,,bv04gh4m1d,WM Grade 5 Notebook,1,0,Nos
,,,,,,bv04a2mqrm,WM Grade 5 Stationery,1,0,Nos
,,,,,,bv0s36ob7r,WM JK Stationery,1,0,Nos
,,,,,,bv011fcc6r,WM JK Grade 5 Program,1,0,Nos
,,,,,,bv0cbqjuvi,WM JK Other MS,1,0,Nos
BOM-WM JK Grade 4 BookkitHindi 2nd Lan Kan 3rd Lan-001,WM JK Grade 4 BookkitHindi 2nd Lan Kan 3rd Lan,Inventre Edu Services Pvt Ltd,1,INR,1,athhod05gv,Grade 4 Mandate Textbook,1,1578.82,Nos
,,,,,,athnofo6dg,WM JK Grade 4 Hindi,1,0,Nos
,,,,,,ath1vhjpik,WM Grade 4 Notebook,1,0,Nos
,,,,,,ath1n4a5tg,WM Grade 4 Stationery,1,0,Nos
,,,,,,athr301li6,WM JK Stationery,1,0,Nos
,,,,,,athpggospj,WM JK Grade 4 Program,1,0,Nos
,,,,,,ath8890pvi,WM JK Other MS,1,0,Nos
BOM-WM JK Grade 4 BookkitKannada 2nd Lan Hin 3rd Lan-001,WM JK Grade 4 BookkitKannada 2nd Lan Hin 3rd Lan,Inventre Edu Services Pvt Ltd,1,INR,1,9d4m5pof4b,Grade 4 Mandate Textbook,1,1578.82,Nos
,,,,,,9d46v4t6sp,WM JK Grade 4 Kannada,1,0,Nos
,,,,,,9d4plht6ik,WM Grade 4 Notebook,1,0,Nos
,,,,,,9d40nup2bo,WM Grade 4 Stationery,1,0,Nos
,,,,,,9d4g2sd39t,WM JK Stationery,1,0,Nos
,,,,,,9d4cok1imm,WM JK Grade 4 Program,1,0,Nos
,,,,,,9d4es4kbsa,WM JK Other MS,1,0,Nos
BOM-WM JK Grade 3 BookkitKannada 2nd Lan Hin 3rd Lan-001,WM JK Grade 3 BookkitKannada 2nd Lan Hin 3rd Lan,Inventre Edu Services Pvt Ltd,1,INR,1,78d09ql8s5,Grade 3 Mandate Textbook,1,1731.98,Nos
,,,,,,78d2a77l9u,WM JK Grade 3 Kannada,1,0,Nos
,,,,,,78d31bu9d2,WM Grade 3 Notebook,1,0,Nos
,,,,,,78dt8p27l6,WM Grade 3 Stationery,1,0,Nos
,,,,,,78dmkhe2bt,WM JK Stationery,1,0,Nos
,,,,,,78dcb47ujh,WM JK Grade 3 Program,1,0,Nos
,,,,,,78d8t5sfsb,WM JK Other,1,0,Nos
BOM-WM JK Grade 3 BookkitHindi 2nd Lan Kan 3rd Lan-001,WM JK Grade 3 BookkitHindi 2nd Lan Kan 3rd Lan,Inventre Edu Services Pvt Ltd,1,INR,1,4un4joe64a,Grade 3 Mandate Textbook,1,1731.98,Nos
,,,,,,4unj5v3bh0,WM JK Grade 3 Hindi,1,0,Nos
,,,,,,4unlril787,WM Grade 3 Notebook,1,0,Nos
,,,,,,4unmujm7us,WM Grade 3 Stationery,1,0,Nos
,,,,,,4unmo4qgbq,WM JK Stationery,1,0,Nos
,,,,,,4unnlluvuh,WM JK Grade 3 Program,1,0,Nos
,,,,,,4unjnv2h7s,WM JK Other,1,0,Nos
BOM-WM JK Grade 2 BookkitKannada 2nd Lan Hin 3rd Lan-001,WM JK Grade 2 BookkitKannada 2nd Lan Hin 3rd Lan,Inventre Edu Services Pvt Ltd,1,INR,1,3cv2i7j8hd,Grade 2 Mandate Textbook,1,1049.15,Nos
,,,,,,1nm7iie8l0,WM Grade 2 Textbook,1,0,Nos
,,,,,,1nmag498de,WM JK Grade 2 Kannada,1,0,Nos
,,,,,,1nmft9ls91,WM Grade 2 Notebook,1,0,Nos
,,,,,,1nm0jqt0qt,WM Grade 2 Stationery,1,0,Nos
,,,,,,1nmnbue2es,WM JK Stationery,1,0,Nos
,,,,,,1nmv5juipg,WM JK Other,1,0,Nos
BOM-WM JK Grade 2 BookkitHindi 2nd Lan Kan 3rd Lan-001,WM JK Grade 2 BookkitHindi 2nd Lan Kan 3rd Lan,Inventre Edu Services Pvt Ltd,1,INR,1,rbmvot05c9,WM Grade 2 Textbook,1,0,Nos
,,,,,,rbm6p0ipun,WM JK Grade 2 Hindi,1,0,Nos
,,,,,,rbmmfbh2lo,WM Grade 2 Notebook,1,0,Nos
,,,,,,rbmmi8b8jk,WM Grade 2 Stationery,1,0,Nos
,,,,,,rbmao74bn5,WM JK Stationery,1,0,Nos
,,,,,,rbmngv6vco,WM JK Other,1,0,Nos
,,,,,,3jfce43gm7,Grade 2 Mandate Textbook,1,1049.15,Nos
BOM-WM JK Grade 1 BookkitKannada 2nd Lan Hin 3rd Lan-001,WM JK Grade 1 BookkitKannada 2nd Lan Hin 3rd Lan,Inventre Edu Services Pvt Ltd,1,INR,1,345gko0i9d,Grade 1 Mandate Textbook,1,989.33,Nos
,,,,,,q3vopfvohb,WM Grade 1 Textbook,1,0,Nos
,,,,,,q3v5hki0ug,WM JK Grade 1 Kannada,1,0,Nos
,,,,,,q3vqefg065,WM Grade 1 Notebook,1,0,Nos
,,,,,,q3vrcm85l1,WM Grade 1 Stationery,1,0,Nos
,,,,,,q3v656g7ht,WM JK Stationery,1,0,Nos
,,,,,,q3vudrcip8,WM JK Other,1,0,Nos
BOM-WM JK Grade 1 BookkitHindi 2nd Lan Kan 3rd Lan-001,WM JK Grade 1 BookkitHindi 2nd Lan Kan 3rd Lan,Inventre Edu Services Pvt Ltd,1,INR,1,2t5ljshjq7,Grade 1 Mandate Textbook,1,989.33,Nos
,,,,,,opvqienmdq,WM Grade 1 Textbook,1,0,Nos
,,,,,,opv9onodkn,WM JK Grade 1 Hindi,1,0,Nos
,,,,,,opvmlkgiog,WM Grade 1 Notebook,1,0,Nos
,,,,,,opvruotk6n,WM Grade 1 Stationery,1,0,Nos
,,,,,,opvlfsc6ci,WM JK Stationery,1,0,Nos
,,,,,,opv425el0q,WM JK Other,1,0,Nos
BOM-WM JK Grade UKG BookkitKannada-001,WM JK Grade UKG BookkitKannada,Inventre Edu Services Pvt Ltd,1,INR,1,no742qcvue,WM Grade UKG Textbook,1,0,Nos
,,,,,,no7q4cpmi9,WM Grade UKG Kannada,1,0,Nos
,,,,,,no7ibfumc2,WM Grade UKG Notebook,1,0,Nos
,,,,,,no7aff4rqr,WM Grade UKG Stationery,1,0,Nos
,,,,,,no7te44jih,WM JK Stationery,1,0,Nos
,,,,,,no7avvk0g7,WM JK Other,1,0,Nos
BOM-WM JK Grade UKG BookkitHindi-001,WM JK Grade UKG BookkitHindi,Inventre Edu Services Pvt Ltd,1,INR,1,ls3g5r73uv,WM Grade UKG Textbook,1,0,Nos
,,,,,,ls3k8plfci,WM Grade UKG Hindi,1,0,Nos
,,,,,,ls3s88k9in,WM Grade UKG Notebook,1,0,Nos
,,,,,,ls34ufah4u,WM Grade UKG Stationery,1,0,Nos
,,,,,,ls3ef5ie3o,WM JK Stationery,1,0,Nos
,,,,,,ls3poam84o,WM JK Other,1,0,Nos
BOM-WM JK Grade LKG Bookkit-001,WM JK Grade LKG Bookkit,Inventre Edu Services Pvt Ltd,1,INR,1,iob6echhif,WM Grade LKG Textbook,1,0,Nos
,,,,,,iobpdhstnj,WM Grade LKG Notebook,1,0,Nos
,,,,,,iobie8dm55,WM Grade LKG Stationery,1,0,Nos
,,,,,,iobu06d9u7,WM JK Stationery,1,0,Nos
,,,,,,iobn54p6mv,WM JK Other,1,0,Nos
BOM-WM JK Grade Nursery Bookkit-001,WM JK Grade Nursery Bookkit,Inventre Edu Services Pvt Ltd,1,INR,1,htc108p0lk,WM Grade Nursery Textbook,1,0,Nos
,,,,,,htctlectmn,WM Grade LKG Textbook,1,0,Nos
,,,,,,htcrbcud50,WM Grade UKG Textbook,1,0,Nos
,,,,,,htc1ufq0qu,WM JK Stationery,1,0,Nos
,,,,,,htcrg064vb,WM JK Other,1,0,Nos
BOM-WM JK Magic Box Girls Grade 11-001,WM JK Magic Box Girls Grade 11,Inventre Edu Services Pvt Ltd,1,INR,1,nnl7t34h64,WM JK Maroon Polo,2,0,Nos
,,,,,,nnlfqkrtaa,WM JK Girls Pant,2,0,Nos
,,,,,,nnljqgchp4,WM JK Regular Socks,2,0,Nos
,,,,,,nnlragcmit,WM JK Sports Polo,1,0,Nos
,,,,,,nnlbn5t1rp,WM JK Sports Track,1,0,Nos
,,,,,,nnl564om6c,WM JK Sports Socks,1,0,Nos
,,,,,,nnlba1nbiq,WM JK Hoodie,1,0,Nos
,,,,,,nnl8lqb7ps,WM JK Belt,1,0,Nos
,,,,,,nnlugor0v3,WM JK Caps,1,0,Nos
,,,,,,nnl4kdq90c,WM JK Secondary Bag,1,0,Nos
,,,,,,nnldl2dogl,WM JK Shoes,1,0,Nos
BOM-WM JK Magic Box Girls Grade 12-001,WM JK Magic Box Girls Grade 12,Inventre Edu Services Pvt Ltd,1,INR,1,l5jmughtvn,WM JK Maroon Polo,2,0,Nos
,,,,,,l5j9sftkgh,WM JK Girls Pant,2,0,Nos
,,,,,,l5ji4p37b2,WM JK Regular Socks,2,0,Nos
,,,,,,l5j1d6sv4o,WM JK Sports Polo,1,0,Nos
,,,,,,l5j5660t97,WM JK Sports Track,1,0,Nos
,,,,,,l5jn42dn12,WM JK Sports Socks,1,0,Nos
,,,,,,l5j9d5bdip,WM JK Hoodie,1,0,Nos
,,,,,,l5j9ms6pf3,WM JK Belt,1,0,Nos
,,,,,,l5juvjf4lr,WM JK Caps,1,0,Nos
,,,,,,l5jhqnh10d,WM JK Secondary Bag,1,0,Nos
,,,,,,l5jdoehmj8,WM JK Shoes,1,0,Nos
BOM-WM JK Magic Box Boys Grade 12-001,WM JK Magic Box Boys Grade 12,Inventre Edu Services Pvt Ltd,1,INR,1,c9pu52mk6a,WM JK Maroon Polo,2,0,Nos
,,,,,,c9pju8qve4,WM JK Boys Pant,2,0,Nos
,,,,,,c9p4pqtjc4,WM JK Regular Socks,2,0,Nos
,,,,,,c9pn8kuhcd,WM JK Sports Polo,1,0,Nos
,,,,,,c9pg2iac7a,WM JK Sports Track,1,0,Nos
,,,,,,c9pcmkreih,WM JK Sports Socks,1,0,Nos
,,,,,,c9pehfki50,WM JK Hoodie,1,0,Nos
,,,,,,c9prvmtej5,WM JK Belt,1,0,Nos
,,,,,,c9pj8e52pa,WM JK Caps,1,0,Nos
,,,,,,c9pgg9882k,WM JK Secondary Bag,1,0,Nos
,,,,,,c9plkkpg89,WM JK Shoes,1,0,Nos
BOM-WM JK Magic Box Boys Grade 11-001,WM JK Magic Box Boys Grade 11,Inventre Edu Services Pvt Ltd,1,INR,1,61m3nvjtoi,WM JK Maroon Polo,2,0,Nos
,,,,,,61mg63uum8,WM JK Boys Pant,2,0,Nos
,,,,,,61mmt0c8a9,WM JK Regular Socks,2,0,Nos
,,,,,,61mhnehuf5,WM JK Sports Polo,1,0,Nos
,,,,,,61m2mme4tc,WM JK Sports Track,1,0,Nos
,,,,,,61m6oo0t3p,WM JK Sports Socks,1,0,Nos
,,,,,,61mfled4cg,WM JK Hoodie,1,0,Nos
,,,,,,61m9iljv8s,WM JK Belt,1,0,Nos
,,,,,,61msp22uof,WM JK Caps,1,0,Nos
,,,,,,61m32jtfr8,WM JK Secondary Bag,1,0,Nos
,,,,,,61m3507lsl,WM JK Shoes,1,0,Nos
BOM-WM JK Magic Box Boys Grade 8-001,WM JK Magic Box Boys Grade 8,Inventre Edu Services Pvt Ltd,1,INR,1,0jchi37121,WM JK Maroon Polo,2,0,Nos
,,,,,,0jc24japr4,WM JK Boys Pant,2,0,Nos
,,,,,,0jcnjekghg,WM JK Regular Socks,2,0,Nos
,,,,,,0jctkedsth,WM JK Sports Polo,1,0,Nos
,,,,,,0jcd6bh3pr,WM JK Sports Track,1,0,Nos
,,,,,,0jc5akphsp,WM JK Sports Socks,1,0,Nos
,,,,,,0jc6lid6v2,WM JK Hoodie,1,0,Nos
,,,,,,0jc3lh420k,WM JK Belt,1,0,Nos
,,,,,,0jcfuhcmi1,WM JK Caps,1,0,Nos
,,,,,,0jc96g56qe,WM JK Secondary Bag,1,0,Nos
,,,,,,0jc29b8mt6,WM JK Shoes,1,0,Nos
,,,,,,v0ek22ck1i,WM JK Grade 8 Bookkit,1,0,Nos
BOM-WM JK Magic Box Boys Grade 7-001,WM JK Magic Box Boys Grade 7,Inventre Edu Services Pvt Ltd,1,INR,1,r6odpl7to5,WM JK Mint Polo,2,0,Nos
,,,,,,r6o0612gc9,WM JK Boys Pant,2,0,Nos
,,,,,,r6ohaaj22j,WM JK Regular Socks,2,0,Nos
,,,,,,r6oh415mmo,WM JK Sports Polo,1,0,Nos
,,,,,,r6o5pimf84,WM JK Sports Track,1,0,Nos
,,,,,,r6om6embju,WM JK Sports Socks,1,0,Nos
,,,,,,r6onf2oc4t,WM JK Hoodie,1,0,Nos
,,,,,,r6odum5n67,WM JK Belt,1,0,Nos
,,,,,,r6oaaae6jg,WM JK Caps,1,0,Nos
,,,,,,r6ojf61f7n,WM JK Secondary Bag,1,0,Nos
,,,,,,r6oatpcl76,WM JK Shoes,1,0,Nos
,,,,,,vketts4afr,WM JK Grade 7 Bookkit,1,0,Nos
BOM-WM JK Magic Box Boys Grade 6-001,WM JK Magic Box Boys Grade 6,Inventre Edu Services Pvt Ltd,1,INR,1,n4c1vtgas3,WM JK Mint Polo,2,0,Nos
,,,,,,n4c265nah1,WM JK Boys Pant,2,0,Nos
,,,,,,n4cbkl0lv0,WM JK Regular Socks,2,0,Nos
,,,,,,n4c4sp37ln,WM JK Sports Polo,1,0,Nos
,,,,,,n4c1hrshdu,WM JK Sports Track,1,0,Nos
,,,,,,n4c93aj3qo,WM JK Sports Socks,1,0,Nos
,,,,,,n4ct57e1p7,WM JK Hoodie,1,0,Nos
,,,,,,n4cp14r0pj,WM JK Caps,1,0,Nos
,,,,,,n4cb3du5me,WM JK Belt,1,0,Nos
,,,,,,n4ctaljdlo,WM JK Secondary Bag,1,0,Nos
,,,,,,n4c4s5ld33,WM JK Shoes,1,0,Nos
,,,,,,vrbveonggh,WM JK Grade 6 Bookkit,1,0,Nos
BOM-WM JK Magic Box Girls Grade 8-001,WM JK Magic Box Girls Grade 8,Inventre Edu Services Pvt Ltd,1,INR,1,j9vdae57hl,WM JK Maroon Polo,2,0,Nos
,,,,,,j9vvapjm2h,WM JK Girls Pant,2,0,Nos
,,,,,,j9va9lo1c2,WM JK Regular Socks,2,0,Nos
,,,,,,j9vpp2eud6,WM JK Sports Polo,1,0,Nos
,,,,,,j9v96od92b,WM JK Sports Track,1,0,Nos
,,,,,,j9vsbfho05,WM JK Sports Socks,1,0,Nos
,,,,,,j9vnlm9bie,WM JK Hoodie,1,0,Nos
,,,,,,j9vscs0q8g,WM JK Belt,1,0,Nos
,,,,,,j9vjtid470,WM JK Caps,1,0,Nos
,,,,,,j9v4sk4iqp,WM JK Secondary Bag,1,0,Nos
,,,,,,j9v9eu2iru,WM JK Shoes,1,0,Nos
,,,,,,v9dkshritr,WM JK Grade 8 Bookkit,1,0,Nos
BOM-WM JK Magic Box Girls Grade 7-001,WM JK Magic Box Girls Grade 7,Inventre Edu Services Pvt Ltd,1,INR,1,e8cjqlhrfl,WM JK Mint Polo,2,0,Nos
,,,,,,e8cbpiqfk8,WM JK Girls Pant,2,0,Nos
,,,,,,e8cmsi2a4k,WM JK Regular Socks,2,0,Nos
,,,,,,e8ca00i4s7,WM JK Sports Polo,1,0,Nos
,,,,,,e8cq1sn219,WM JK Sports Track,1,0,Nos
,,,,,,e8cg5i8lt5,WM JK Sports Socks,1,0,Nos
,,,,,,e8cli4t1bh,WM JK Hoodie,1,0,Nos
,,,,,,e8cona0bob,WM JK Belt,1,0,Nos
,,,,,,e8c4ns1sal,WM JK Caps,1,0,Nos
,,,,,,e8cre8vdfi,WM JK Secondary Bag,1,0,Nos
,,,,,,e8c2nvnm0n,WM JK Shoes,1,0,Nos
,,,,,,vfgfvs3a17,WM JK Grade 7 Bookkit,1,0,Nos
BOM-WM JK Grade 8 Program-001,WM JK Grade 8 Program,Inventre Edu Services Pvt Ltd,1,INR,1,vf3latjmf8,Yardstick Science Experience Kit,6,0,Nos
,,,,,,vf3e53me7p,Robotics Kit 8,1,0,Nos
,,,,,,vf3vqgdcng,Opendoor Thinking Assessment - Winmore,1,566.4,Nos
BOM-WM JK Grade 7 Program-001,WM JK Grade 7 Program,Inventre Edu Services Pvt Ltd,1,INR,1,ugak3eelb8,Yardstick Science Experience Kit,6,0,Nos
,,,,,,ugar4f8nll,Robotics Kit 6,1,0,Nos
,,,,,,uga1q04i4l,Opendoor Thinking Assessment - Winmore,1,566.4,Nos
BOM-WM JK Grade 6 Program-001,WM JK Grade 6 Program,Inventre Edu Services Pvt Ltd,1,INR,1,u17co390jk,Yardstick Science Experience Kit,6,0,Nos
,,,,,,u17b47afkj,Robotics Kit 6,1,0,Nos
,,,,,,u171ca413l,Opendoor Thinking Assessment - Winmore,1,566.4,Nos
BOM-WM JK Grade 5 Program-001,WM JK Grade 5 Program,Inventre Edu Services Pvt Ltd,1,INR,1,tb9nskq5qe,Yardstick Science Experience Kit,5,0,Nos
,,,,,,tb9j4n0mf2,Robotics Kit 5,1,0,Nos
BOM-WM JK Grade 4 Program-001,WM JK Grade 4 Program,Inventre Edu Services Pvt Ltd,1,INR,1,ssnof34krr,Yardstick Science Experience Kit,5,0,Nos
,,,,,,ssnce6okgg,Robotics Kit 4,1,0,Nos
BOM-WM JK Grade 3 Program-001,WM JK Grade 3 Program,Inventre Edu Services Pvt Ltd,1,INR,1,sbschfhfvg,Yardstick Science Experience Kit,5,0,Nos
BOM-WM JK Other MS-001,WM JK Other MS,Inventre Edu Services Pvt Ltd,1,INR,1,l9ohngo81l,WM JK Almanac,1,88.5,Nos
,,,,,,l9o8tutqli,WM JK Mini Almanac,1,14,Nos
,,,,,,l9omn07uk0,Worksheet,1,300,Nos
,,,,,,l9o0rek71v,WM JK ID Card,1,78,Nos
,,,,,,l9oqipmm9p,Annual Health Screening,1,250,Nos
BOM-WM JK Other-001,WM JK Other,Inventre Edu Services Pvt Ltd,1,INR,1,kfejp9mjbq,WM JK Almanac,1,88.5,Nos
,,,,,,kfekpi3mgq,WM JK Mini Almanac,1,14,Nos
,,,,,,kfeddl8v89,Worksheet,1,300,Nos
,,,,,,kfe1qhvi51,Annual Health Screening,1,250,Nos
,,,,,,kfe5j1e2qr,WM JK ID Card,1,78,Nos
,,,,,,kfegiqifss,Packaging & Transport,1,300,Nos
BOM-WM JK Stationery-001,WM JK Stationery,Inventre Edu Services Pvt Ltd,1,INR,1,d2qo4lu1ta,WM JK Label Sheet,1,5,Nos
BOM-WM JK Grade 8 Kannada-French-001,WM JK Grade 8 Kannada-French,Inventre Edu Services Pvt Ltd,1,INR,1,cke8stcbns,Siri Kannada Book 8,1,0,Nos
,,,,,,ckeh1ld950,Apprenons le français 2,1,0,Nos
BOM-WM JK Grade 8 French-001,WM JK Grade 8 French,Inventre Edu Services Pvt Ltd,1,INR,1,b7gs5ouj1r,Apprenons le français 4,1,0,Nos
,,,,,,b7gh5r7hca,Thili Kannada Book 8,1,0,Nos
BOM-WM JK Grade 8 Kannada-Hindi-001,WM JK Grade 8 Kannada-Hindi,Inventre Edu Services Pvt Ltd,1,INR,1,a4tuhhre0c,Siri Kannada Book 8,1,0,Nos
,,,,,,a4tocjftpe,Haste Gate Seekhe 8,1,0,Nos
BOM-WM JK Grade 8 Hindi-001,WM JK Grade 8 Hindi,Inventre Edu Services Pvt Ltd,1,INR,1,819ikng19g,Malhaar 8,1,55.25,Nos
,,,,,,819i8v1p3k,Hindi Vyakaran thatha rachana - 8 (with a CD),1,299.2,Nos
,,,,,,819iva8u1i,Thili Kannada Book 8,1,0,Nos
BOM-WM JK Grade 7 Kannada-French-001,WM JK Grade 7 Kannada-French,Inventre Edu Services Pvt Ltd,1,INR,1,5jq8l58snh,Siri Kannada Book 7,1,0,Nos
,,,,,,5jqc1vsc5u,Apprenons le français 1,1,0,Nos
BOM-WM JK Grade 7 Kannada-Hindi-001,WM JK Grade 7 Kannada-Hindi,Inventre Edu Services Pvt Ltd,1,INR,1,47m4qj4ak6,Siri Kannada Book 7,1,0,Nos
,,,,,,47mjghmtci,Haste Gate Seekhe 7,1,0,Nos
BOM-WM JK Grade 7 French-001,WM JK Grade 7 French,Inventre Edu Services Pvt Ltd,1,INR,1,vg95dh1313,Apprenons le français 3,1,0,Nos
,,,,,,vg9a5f45o1,Thili Kannada Book 7,1,0,Nos
BOM-WM JK Grade 7 Hindi-001,WM JK Grade 7 Hindi,Inventre Edu Services Pvt Ltd,1,INR,1,u98qcnp08b,Malhaar 7,1,65,Nos
,,,,,,u98dr2mmna,Hindi Vyakaran thatha rachana - 7 (with a CD),1,292.4,Nos
,,,,,,u9886afk7j,Thili Kannada Book 7,1,0,Nos
BOM-WM JK Grade 6 French-001,WM JK Grade 6 French,Inventre Edu Services Pvt Ltd,1,INR,1,sumjrp89ur,Apprenons le français 2,1,0,Nos
,,,,,,sumbcv4e1v,Thili Kannada Book 6,1,0,Nos
BOM-WM JK Grade 6 Kannada-001,WM JK Grade 6 Kannada,Inventre Edu Services Pvt Ltd,1,INR,1,pngg3otaba,Siri Kannada Book 6,1,0,Nos
,,,,,,pngh0lc54a,Haste Gate - 6,1,0,Nos
BOM-WM JK Grade 6 Hindi-001,WM JK Grade 6 Hindi,Inventre Edu Services Pvt Ltd,1,INR,1,p0isuvarin,Malhaar 6,1,55,Nos
,,,,,,p0ivplcleb,Hindi Vyakaran thatha rachana - 6 (with a CD),1,292,Nos
,,,,,,p0if168a88,Thili Kannada Book 6,1,0,Nos
BOM-WM JK Grade 5 Kannada-001,WM JK Grade 5 Kannada,Inventre Edu Services Pvt Ltd,1,INR,1,o3jov7i08j,Siri Kannada Book 5,1,0,Nos
,,,,,,o3k1vljo6c,Sachitra Kannada Vyakarana 5,1,0,Nos
,,,,,,o3k0ltsb55,Haste Gate - 5,1,0,Nos
BOM-WM JK Grade 5 Hindi-001,WM JK Grade 5 Hindi,Inventre Edu Services Pvt Ltd,1,INR,1,n8sqj1ijp9,Navbharti Revised 5,1,192,Nos
,,,,,,n8st0mb1i1,Sahaj hindi vyakaran pt 5,1,186,Nos
,,,,,,n8sg8c5i9f,Thili Kannada Book 5,1,0,Nos
BOM-WM JK Grade 4 Kannada-001,WM JK Grade 4 Kannada,Inventre Edu Services Pvt Ltd,1,INR,1,mf7shjgge6,Savi Kannada Book 4,1,0,Nos
,,,,,,mf7no0q2r2,Sachitra Kannada Vyakarana 4,1,0,Nos
,,,,,,mf7fgec7fl,Swar Gyan 4,1,138,Nos
BOM-WM JK Grade 4 Hindi-001,WM JK Grade 4 Hindi,Inventre Edu Services Pvt Ltd,1,INR,1,l5kc1likcf,Navbharti Revised – 4,1,188,Nos
,,,,,,l5kelqebuh,Sahaj hindi vyakaran pt 4,1,178,Nos
,,,,,,l5kvle150s,Kali Kannada Book 4,1,0,Nos
BOM-WM JK Grade 3 Kannada-001,WM JK Grade 3 Kannada,Inventre Edu Services Pvt Ltd,1,INR,1,ke10vts9rr,Savi Kannada Book 3,1,0,Nos
,,,,,,ke1q5ph3jb,Sachitra Kannada Vyakarana 3,1,0,Nos
,,,,,,ke102nacam,Shabd Gyan,1,126,Nos
BOM-WM JK Grade 3 Hindi-001,WM JK Grade 3 Hindi,Inventre Edu Services Pvt Ltd,1,INR,1,jqu3q7pblg,Navbharti Revised 3,1,128.69,Nos
,,,,,,jqusuaoiah,Kali Kannada Book 3,1,0,Nos
BOM-WM JK Grade 2 Kannada-001,WM JK Grade 2 Kannada,Inventre Edu Services Pvt Ltd,1,INR,1,j39mjhemlo,Savi Kannada Book 2,1,0,Nos
,,,,,,j39nruufll,Sachitra Kannada Vyakarana 2,1,0,Nos
,,,,,,j391iih808,Saral Bhasha - Praveshika -B,1,90,Nos
BOM-WM JK Grade 2 Hindi-001,WM JK Grade 2 Hindi,Inventre Edu Services Pvt Ltd,1,INR,1,hlev77bj66,Navbharti Revised 2,1,172,Nos
,,,,,,hle8pa37cl,Kali Kannada Book 2,1,0,Nos
BOM-WM JK Grade 1 Kannada-001,WM JK Grade 1 Kannada,Inventre Edu Services Pvt Ltd,1,INR,1,h3v425v3lp,Savi Kannada Book 1,1,0,Nos
,,,,,,h3v1cgjb7u,Sachitra Kannada Vyakarana 1,1,0,Nos
,,,,,,h3vf91due4,Akshar Gyaan,1,120,Nos
BOM-WM JK Grade 1 Hindi-001,WM JK Grade 1 Hindi,Inventre Edu Services Pvt Ltd,1,INR,1,gebo6ip39a,Navbharti Revised 1,1,168,Nos
,,,,,,gebbklcpko,Kali Kannada Book 1,1,0,Nos
BOM-WM JK Magic Box Girls Grade 6-001,WM JK Magic Box Girls Grade 6,Inventre Edu Services Pvt Ltd,1,INR,1,espatqt04t,WM JK Mint Polo,2,0,Nos
,,,,,,esp0u9i3uk,WM JK Girls Pant,2,0,Nos
,,,,,,espqkn8ffm,WM JK Regular Socks,2,0,Nos
,,,,,,espj12v3in,WM JK Sports Polo,1,0,Nos
,,,,,,espa57bqoh,WM JK Sports Track,1,0,Nos
,,,,,,esp08g5l8d,WM JK Sports Socks,1,0,Nos
,,,,,,espbok6fie,WM JK Hoodie,1,0,Nos
,,,,,,espch5k5ei,WM JK Caps,1,0,Nos
,,,,,,esp35ekt4f,WM JK Belt,1,0,Nos
,,,,,,esppf41ioe,WM JK Pri Bag,1,0,Nos
,,,,,,esplcbdgtl,WM JK Shoes,1,0,Nos
,,,,,,0098smkfj7,WM JK Grade 6 Bookkit,1,0,Nos
BOM-WM JK Magic Box Girls Grade 5-001,WM JK Magic Box Girls Grade 5,Inventre Edu Services Pvt Ltd,1,INR,1,o7v6sg84pl,WM JK Mint Polo,2,0,Nos
,,,,,,o7v2t3o4og,WM JK Skort,2,0,Nos
,,,,,,o7v7gt5g76,WM JK Regular Socks,2,0,Nos
,,,,,,o7vj418pdt,WM JK Sports Polo,1,0,Nos
,,,,,,o7voibp1r0,WM JK Sports Track,1,0,Nos
,,,,,,o7v2tonkh9,WM JK Sports Socks,1,0,Nos
,,,,,,o7vguv9225,WM JK Hoodie,1,0,Nos
,,,,,,o7v9lvhvd9,WM JK Caps,1,0,Nos
,,,,,,o7vrc7qdm5,WM JK Belt,1,0,Nos
,,,,,,o7vqn9gtue,WM JK Pri Bag,1,0,Nos
,,,,,,o7vn1mob9a,WM JK Shoes,1,0,Nos
,,,,,,05h0k0cmve,WM JK Grade 5 Bookkit,1,0,Nos
BOM-WM JK Magic Box Girls Grade 4-001,WM JK Magic Box Girls Grade 4,Inventre Edu Services Pvt Ltd,1,INR,1,m4o8ark9a4,WM JK Mint Polo,2,0,Nos
,,,,,,m4os8r50u2,WM JK Skort,2,0,Nos
,,,,,,m4oa013l60,WM JK Regular Socks,2,0,Nos
,,,,,,m4ohopgi35,WM JK Sports Polo,1,0,Nos
,,,,,,m4osp7q61o,WM JK Sports Track,1,0,Nos
,,,,,,m4onl3phfm,WM JK Sports Socks,1,0,Nos
,,,,,,m4omfa9t9k,WM JK Belt,1,0,Nos
,,,,,,m4oj72avjc,WM JK Hoodie,1,0,Nos
,,,,,,m4ognbtp36,WM JK Caps,1,0,Nos
,,,,,,m4oc7qfp7p,WM JK Pri Bag,1,0,Nos
,,,,,,m4oldc0rbl,WM JK Shoes,1,0,Nos
,,,,,,0glpj9l7un,WM JK Grade 4 Bookkit,1,0,Nos
BOM-WM JK Magic Box Girls Grade 3-001,WM JK Magic Box Girls Grade 3,Inventre Edu Services Pvt Ltd,1,INR,1,jiv0uofk56,WM JK Mint Polo,2,0,Nos
,,,,,,jiv0af1s32,WM JK Skort,2,0,Nos
,,,,,,jivh16ct20,WM JK Regular Socks,2,0,Nos
,,,,,,jiv4ks00eo,WM JK Sports Polo,1,0,Nos
,,,,,,jiv233fjdh,WM JK Sports Track,1,0,Nos
,,,,,,jivqfhvt7e,WM JK Sports Socks,1,0,Nos
,,,,,,jivjv735dr,WM JK Hoodie,1,0,Nos
,,,,,,jivunaqlvc,WM JK Caps,1,0,Nos
,,,,,,jivd3v9t73,WM JK Belt,1,0,Nos
,,,,,,jivmjtbmoj,WM JK Pri Bag,1,0,Nos
,,,,,,jivvonrfao,WM JK Shoes,1,0,Nos
,,,,,,0sc84bpp6o,WM JK Grade 3 Bookkit,1,0,Nos
BOM-WM JK Magic Box Girls Grade 2-001,WM JK Magic Box Girls Grade 2,Inventre Edu Services Pvt Ltd,1,INR,1,fa5ssu7qdp,WM JK Mint Polo,2,0,Nos
,,,,,,fa54iaogsa,WM JK Half Pants,2,0,Nos
,,,,,,fa5oo9k3ag,WM JK Regular Socks,2,0,Nos
,,,,,,fa5h1sh4uj,WM JK Sports Polo,1,0,Nos
,,,,,,fa5khsp3fp,WM JK Sports Track,1,0,Nos
,,,,,,fa5vhl3cr6,WM JK Sports Socks,1,0,Nos
,,,,,,fa5tj7bvfv,WM JK Hoodie,1,0,Nos
,,,,,,fa5rm4kgbo,WM JK Caps,1,0,Nos
,,,,,,fa5nn1vtto,WM JK Belt,1,0,Nos
,,,,,,fa5i2bo6sa,WM JK Pri Bag,1,0,Nos
,,,,,,fa506gn9um,WM JK Shoes,1,0,Nos
,,,,,,16q241au19,WM JK Grade 2 Bookkit,1,0,Nos
BOM-WM JK Magic Box Girls Grade 1-001,WM JK Magic Box Girls Grade 1,Inventre Edu Services Pvt Ltd,1,INR,1,b61tnrhaqh,WM JK Mint Polo,2,0,Nos
,,,,,,b61c02ul9u,WM JK Skort,2,0,Nos
,,,,,,b61ehbdojd,WM JK Regular Socks,2,0,Nos
,,,,,,b61ed0pqs0,WM JK Sports Polo,1,0,Nos
,,,,,,b61e9d93m7,WM JK Sports Track,1,0,Nos
,,,,,,b61aj8o585,WM JK Sports Socks,1,0,Nos
,,,,,,b617jfu45h,WM JK Hoodie,1,0,Nos
,,,,,,b61rd06a16,WM JK Belt,1,0,Nos
,,,,,,b61u343b9e,WM JK Caps,1,0,Nos
,,,,,,b61rppn1l6,WM JK Pri Bag,1,0,Nos
,,,,,,b61i76g25n,WM JK Shoes,1,0,Nos
,,,,,,1ln056l9bn,WM JK Grade 1 Bookkit,1,0,Nos
BOM-WM JK Magic Box Boys Grade 5-001,WM JK Magic Box Boys Grade 5,Inventre Edu Services Pvt Ltd,1,INR,1,72fp7e33kr,WM JK Mint Polo,2,0,Nos
,,,,,,72fe8bgfog,WM JK Half Pants,2,0,Nos
,,,,,,72fu38k9ea,WM JK Regular Socks,2,0,Nos
,,,,,,72fmloej6i,WM JK Sports Polo,1,0,Nos
,,,,,,72fsbnb1gc,WM JK Sports Track,1,0,Nos
,,,,,,72fd89j5ak,WM JK Sports Socks,1,0,Nos
,,,,,,72fg1v1jv0,WM JK Hoodie,1,0,Nos
,,,,,,72f1qshp9q,WM JK Caps,1,0,Nos
,,,,,,72ftg7dn46,WM JK Belt,1,0,Nos
,,,,,,72fkg3ch9v,WM JK Pri Bag,1,0,Nos
,,,,,,72fc15aqh4,WM JK Shoes,1,0,Nos
,,,,,,0a7uivqess,WM JK Grade 5 Bookkit,1,0,Nos
BOM-WM JK Magic Box Boys Grade 4-001,WM JK Magic Box Boys Grade 4,Inventre Edu Services Pvt Ltd,1,INR,1,569elo77kn,WM JK Mint Polo,2,0,Nos
,,,,,,5691gb3b1e,WM JK Half Pants,2,0,Nos
,,,,,,5694q768m7,WM JK Regular Socks,2,0,Nos
,,,,,,569ejmtp9e,WM JK Sports Polo,1,0,Nos
,,,,,,569afte87u,WM JK Sports Track,1,0,Nos
,,,,,,5699aqk0c1,WM JK Sports Socks,1,0,Nos
,,,,,,569ob2q892,WM JK Hoodie,1,0,Nos
,,,,,,569ubm1i50,WM JK Belt,1,0,Nos
,,,,,,569d1rgte4,WM JK Caps,1,0,Nos
,,,,,,569d9auj1k,WM JK Pri Bag,1,0,Nos
,,,,,,569kd40brn,WM JK Shoes,1,0,Nos
,,,,,,0nai9vgns5,WM JK Grade 4 Bookkit,1,0,Nos
BOM-WM JK Magic Box Boys Grade 3-001,WM JK Magic Box Boys Grade 3,Inventre Edu Services Pvt Ltd,1,INR,1,t27bqu7ejf,WM JK Mint Polo,2,0,Nos
,,,,,,t27bv2v15h,WM JK Half Pants,2,0,Nos
,,,,,,t27rjv5jr4,WM JK Regular Socks,2,0,Nos
,,,,,,t27791f0u4,WM JK Sports Polo,1,0,Nos
,,,,,,t27fsabj9p,WM JK Sports Track,1,0,Nos
,,,,,,t27erdgnra,WM JK Sports Socks,1,0,Nos
,,,,,,t27734j07n,WM JK Hoodie,1,0,Nos
,,,,,,t274dd0d13,WM JK Belt,1,0,Nos
,,,,,,t27koa8r6u,WM JK Caps,1,0,Nos
,,,,,,t27l339ekn,WM JK Pri Bag,1,0,Nos
,,,,,,t270k4pi4s,WM JK Shoes,1,0,Nos
,,,,,,11iom5kgfc,WM JK Grade 3 Bookkit,1,0,Nos
BOM-WM JK Magic Box Boys Grade 2-001,WM JK Magic Box Boys Grade 2,Inventre Edu Services Pvt Ltd,1,INR,1,krkd30nfig,WM JK Mint Polo,2,0,Nos
,,,,,,krkksldgg4,WM JK Half Pants,2,0,Nos
,,,,,,krk0arj30s,WM JK Regular Socks,2,0,Nos
,,,,,,krk1e01n7o,WM JK Sports Polo,1,0,Nos
,,,,,,krk6sbbgji,WM JK Sports Track,1,0,Nos
,,,,,,krk3323vov,WM JK Sports Socks,1,0,Nos
,,,,,,krkq5ig0n2,WM JK Hoodie,1,0,Nos
,,,,,,krkfu9idvb,WM JK Belt,1,0,Nos
,,,,,,krk7d42sjf,WM JK Caps,1,0,Nos
,,,,,,krkq0e7e85,WM JK Pri Bag,1,0,Nos
,,,,,,krkg5ul1ae,WM JK Shoes,1,0,Nos
,,,,,,1gms44mi2l,WM JK Grade 2 Bookkit,1,0,Nos
BOM-WM JK Magic Box Boys Grade 1-001,WM JK Magic Box Boys Grade 1,Inventre Edu Services Pvt Ltd,1,INR,1,hktvsa5pgg,WM JK Mint Polo,2,0,Nos
,,,,,,hktimkoesr,WM JK Half Pants,2,0,Nos
,,,,,,hktfg4a5cr,WM JK Regular Socks,2,0,Nos
,,,,,,hktemcuca5,WM JK Sports Polo,1,0,Nos
,,,,,,hktat1f9ur,WM JK Sports Track,1,0,Nos
,,,,,,hktut3ts9j,WM JK Sports Socks,1,0,Nos
,,,,,,hktu8himob,WM JK Hoodie,1,0,Nos
,,,,,,hktskam2vt,WM JK Caps,1,0,Nos
,,,,,,hkthqqjcuk,WM JK Pri Bag,1,0,Nos
,,,,,,hktfqhs2vn,WM JK Shoes,1,0,Nos
,,,,,,hkt0heblvs,WM JK Belt,1,0,Nos
,,,,,,1qsds054kc,WM JK Grade 1 Bookkit,1,0,Nos
BOM-WM JK Magic Box Boys UKG-001,WM JK Magic Box Boys UKG,Inventre Edu Services Pvt Ltd,1,INR,1,5mjlnhhqnj,WM JK Yellow Polo,2,0,Nos
,,,,,,5mj8nfdnve,WM JK PP Shorts,2,0,Nos
,,,,,,5mjmufian7,WM JK Regular Socks,2,0,Nos
,,,,,,5mjpjgkra6,WM JK Sports Polo,1,0,Nos
,,,,,,5mj6b70geg,WM JK Sports Track,1,0,Nos
,,,,,,5mj6himn0c,WM JK Sports Socks,1,0,Nos
,,,,,,5mjr32j7uk,WM JK Hoodie,1,0,Nos
,,,,,,5mjrua12ja,WM JK Caps,1,0,Nos
,,,,,,5mjbr4soam,WM JK PP Bag,1,0,Nos
,,,,,,5mjgiv08fp,WM JK Shoes,1,0,Nos
,,,,,,39ms1biiad,WM JK Grade UKG Bookkit,1,0,Nos
BOM-CAS NIBM CBSE Grade 5 Bookkit w/o Stationery-001,CAS NIBM CBSE Grade 5 Bookkit w/o Stationery,Inventre Edu Services Pvt Ltd,1,INR,1,4u7mtng673,Grade 5 Mandate Textbook,1,1679.54,Nos
,,,,,,4u77i3j8uj,CAS CBSE Grade 5 Textbook,1,0,Nos
,,,,,,4u72jg8cv1,CAS CBSE Grade 5 Notebook,1,0,Nos
,,,,,,4u7krlnp8c,CAS NIBM CBSE Other,1,0,Nos
BOM-CAS NIBM CBSE Grade 4 Bookkit w/o stationery-001,CAS NIBM CBSE Grade 4 Bookkit w/o stationery,Inventre Edu Services Pvt Ltd,1,INR,1,44vsfnp7t0,Grade 4 Mandate Textbook,1,1578.82,Nos
,,,,,,44v90o2juh,CAS CBSE Grade 4 Textbook,1,0,Nos
,,,,,,44vfol2a53,CAS CBSE Grade 4 Notebook,1,0,Nos
,,,,,,44v9bqtihm,CAS NIBM CBSE Other,1,0,Nos
BOM-WM JK Magic Box Boys LKG-001,WM JK Magic Box Boys LKG,Inventre Edu Services Pvt Ltd,1,INR,1,3uohhggc4t,WM JK Yellow Polo,2,0,Nos
,,,,,,3uojcvgjl2,WM JK PP Shorts,2,0,Nos
,,,,,,3uojf2prgg,WM JK Regular Socks,2,0,Nos
,,,,,,3uo7j6rgc4,WM JK Sports Polo,1,0,Nos
,,,,,,3uomhfb4iu,WM JK Sports Track,1,0,Nos
,,,,,,3uo96mdhrr,WM JK Sports Socks,1,0,Nos
,,,,,,3uoh6lteuf,WM JK Hoodie,1,0,Nos
,,,,,,3uoeqqd5dj,WM JK Caps,1,0,Nos
,,,,,,3uoaq1sjmi,WM JK PP Bag,1,0,Nos
,,,,,,3uogtrn03q,WM JK Shoes,1,0,Nos
,,,,,,3o8d3ac4q8,WM JK Grade LKG Bookkit,1,0,Nos
BOM-CAS NIBM CBSE Grade 2 Bookkit w/o stationery-001,CAS NIBM CBSE Grade 2 Bookkit w/o stationery,Inventre Edu Services Pvt Ltd,1,INR,1,3dhmfo40tm,Grade 2 Mandate Textbook,1,1049.15,Nos
,,,,,,3dhor75hov,CAS CBSE Grade 2 Textbook,1,0,Nos
,,,,,,3dhke5mos5,CAS CBSE Grade 2 Notebook,1,0,Nos
,,,,,,3dhcdppre8,CAS NIBM CBSE Other,1,0,Nos
BOM-WM JK Magic Box Boys Nursery-001,WM JK Magic Box Boys Nursery,Inventre Edu Services Pvt Ltd,1,INR,1,1jcp3q3521,WM JK Yellow Polo,2,0,Nos
,,,,,,1jc0kdupr1,WM JK PP Shorts,2,0,Nos
,,,,,,1jcefllbtt,WM JK Regular Socks,2,0,Nos
,,,,,,1jc7vdpso6,WM JK Sports Polo,1,0,Nos
,,,,,,1jccok7il2,WM JK Sports Track,1,0,Nos
,,,,,,1jco3vlfef,WM JK Sports Socks,1,0,Nos
,,,,,,1jcfpaev64,WM JK Hoodie,1,0,Nos
,,,,,,1jcehiku6u,WM JK Caps,1,0,Nos
,,,,,,1jckto1lu6,WM JK PP Bag,1,0,Nos
,,,,,,1jcu5g5vnr,WM JK Shoes,1,0,Nos
,,,,,,449s6k6bhi,WM JK Grade Nursery Bookkit,1,0,Nos
BOM-CAS NIBM CBSE Grade 1 Bookkit w/o Stationery-001,CAS NIBM CBSE Grade 1 Bookkit w/o Stationery,Inventre Edu Services Pvt Ltd,1,INR,1,vpq1k2c6vb,Grade 1 Mandate Textbook,1,989.33,Nos
,,,,,,vpq7mm0dn7,CAS CBSE Grade 1 Textbook,1,0,Nos
,,,,,,vpqkc0vgv2,CAS CBSE Grade 1 Notebook,1,0,Nos
,,,,,,0vcp7dlsdm,CAS NIBM CBSE Other,1,0,Nos
BOM-WM JK Magic Box Girls UKG-001,WM JK Magic Box Girls UKG,Inventre Edu Services Pvt Ltd,1,INR,1,vbuaghisnb,WM JK Yellow Polo,2,0,Nos
,,,,,,vbuienqm1c,WM JK PP Skirt,2,0,Nos
,,,,,,vbunbm9rm8,WM JK Regular Socks,2,0,Nos
,,,,,,vbukd944gb,WM JK Sports Polo,1,0,Nos
,,,,,,vbue0jqkrr,WM JK Sports Track,1,0,Nos
,,,,,,vbujb9m0sq,WM JK Sports Socks,1,0,Nos
,,,,,,vbuco9ab1d,WM JK Hoodie,1,0,Nos
,,,,,,vbudbbogdl,WM JK Caps,1,0,Nos
,,,,,,vbuul8l5k4,WM JK PP Bag,1,0,Nos
,,,,,,vbu7kn8aqh,WM JK Shoes,1,0,Nos
,,,,,,3fib30jihi,WM JK Grade UKG Bookkit,1,0,Nos
BOM-WM JK Magic Box Girls LKG-001,WM JK Magic Box Girls LKG,Inventre Edu Services Pvt Ltd,1,INR,1,q1oan9jbai,WM JK Yellow Polo,2,0,Nos
,,,,,,q1ofk1al2o,WM JK PP Skirt,2,0,Nos
,,,,,,q1o878t79k,WM JK Regular Socks,2,0,Nos
,,,,,,q1o7onnqku,WM JK Sports Polo,1,0,Nos
,,,,,,q1o053vo7o,WM JK Sports Track,1,0,Nos
,,,,,,q1osjgldnb,WM JK Sports Socks,1,0,Nos
,,,,,,q1o5hcgd2k,WM JK Hoodie,1,0,Nos
,,,,,,q1o4cv7aqc,WM JK Caps,1,0,Nos
,,,,,,q1otvlejq4,WM JK PP Bag,1,0,Nos
,,,,,,q1o5mjg4u9,WM JK Shoes,1,0,Nos
,,,,,,3ugpr2le1j,WM JK Grade LKG Bookkit,1,0,Nos
BOM-WM JK Magic Box Girls Nursery-001,WM JK Magic Box Girls Nursery,Inventre Edu Services Pvt Ltd,1,INR,1,hj9u7curhg,WM JK Yellow Polo,2,0,Nos
,,,,,,hj9nhi929g,WM JK PP Skirt,2,0,Nos
,,,,,,hj95knrb1j,WM JK Regular Socks,2,0,Nos
,,,,,,hj9brkt0i9,WM JK Sports Polo,1,0,Nos
,,,,,,hj9c143vr6,WM JK Sports Track,1,0,Nos
,,,,,,hj9jhst2jo,WM JK Sports Socks,1,0,Nos
,,,,,,hj908sie6b,WM JK Hoodie,1,0,Nos
,,,,,,hj9t65eek3,WM JK Caps,1,0,Nos
,,,,,,hj9onetil3,WM JK PP Bag,1,0,Nos
,,,,,,hj9dcd9up5,WM JK Shoes,1,0,Nos
,,,,,,4abe8rn6p1,WM JK Grade Nursery Bookkit,1,0,Nos
BOM-CAS NIBM CBSE Grade 3 Bookkit w/o Stationery-001,CAS NIBM CBSE Grade 3 Bookkit w/o Stationery,Inventre Edu Services Pvt Ltd,1,INR,1,ph1rs7kaff,Grade 3 Mandate Textbook,1,1731.98,Nos
,,,,,,ph1pp24h92,CAS CBSE Grade 3 Textbook,1,0,Nos
,,,,,,ph1oq4r0bt,CAS CBSE Grade 3 Notebook,1,0,Nos
,,,,,,ph1k2jmhl0,CAS NIBM CBSE Other,1,0,Nos
BOM-SAS Keesara Grade 11 BookkitMandateHumanitiesPhysical Education-001,SAS Keesara Grade 11 BookkitMandateHumanitiesPhysical Education,Inventre Edu Services Pvt Ltd,1,INR,1,ejffhbdg9a,SAS Keesara Grade 11 Mandate,1,0,Nos
,,,,,,ejfjmor70f,SAS Keesara Grade 11 Humanities,1,0,Nos
,,,,,,ejfg5md3jc,SAS Grade 11 Physical Education,1,0,Nos
BOM-SAS Keesara Grade 11 BookkitMandateHumanitiesEntrepreneurship-001,SAS Keesara Grade 11 BookkitMandateHumanitiesEntrepreneurship,Inventre Edu Services Pvt Ltd,1,INR,1,e2d5n9cn7f,SAS Keesara Grade 11 Mandate,1,0,Nos
,,,,,,e2dtotbgau,SAS Keesara Grade 11 Humanities,1,0,Nos
,,,,,,e2dqavevgl,SAS Grade 11 Entrepreneurship,1,0,Nos
BOM-SAS Keesara Grade 11 BookkitMandateHumanitiesApplied Mathematics-001,SAS Keesara Grade 11 BookkitMandateHumanitiesApplied Mathematics,Inventre Edu Services Pvt Ltd,1,INR,1,dhmjrjrah5,SAS Keesara Grade 11 Mandate,1,0,Nos
,,,,,,dhm8qh2df5,SAS Keesara Grade 11 Humanities,1,0,Nos
,,,,,,dhm7a4p883,SAS Grade 11 Applied Mathematics,1,0,Nos
BOM-SAS Keesara Grade 11 BookkitMandateHumanitiesInformatics Practices-001,SAS Keesara Grade 11 BookkitMandateHumanitiesInformatics Practices,Inventre Edu Services Pvt Ltd,1,INR,1,cuqdovmmn2,SAS Keesara Grade 11 Mandate,1,0,Nos
,,,,,,cuqlbneurs,SAS Keesara Grade 11 Humanities,1,0,Nos
,,,,,,cuqn4nk7q6,SAS Keesara Grade 11 Informatics Practices,1,0,Nos
BOM-SAS Keesara Grade 11 Humanities-001,SAS Keesara Grade 11 Humanities,Inventre Edu Services Pvt Ltd,1,INR,1,c9gl4mvu4o,Themes of World History Grade 11 (Latest Version),1,0,Nos
,,,,,,c9g3os7pqp,Indian Constitution at Work Grade 11 (Latest Version),1,0,Nos
,,,,,,c9g87i1ohh,Political Theory Grade 11 (Latest Version),1,0,Nos
,,,,,,c9g8al5uu7,Psychology Grade 11 (Latest Version),1,0,Nos
,,,,,,c9gm0b47er,CM Crown 200 pages Single ruled,9,47.41,Nos
,,,,,,c9g3ajf38f,50 A4 Sheets,2,28,Nos
,,,,,,c9geuc28i0,SAS KS Psy 200 Pages OSR Single Ruled Practical Record Book,1,121,Nos
,,,,,,c9gq7tlid2,SAS KS His 100 Pages OSR Single Ruled Practical Record Book,1,0,Nos
BOM-SAS Suchitra Grade 11 BookkitMandateHumanitiesMarketing-001,SAS Suchitra Grade 11 BookkitMandateHumanitiesMarketing,Inventre Edu Services Pvt Ltd,1,INR,1,f783k9045i,SAS Suchitra Grade 11 Mandate,1,0,Nos
,,,,,,f786iotm4q,SAS Grade 11 Humanities,1,0,Nos
,,,,,,f78nde1lhk,SAS Grade 11 Marketing,1,0,Nos
BOM-WM WF Grade 8 BookkitKannada-001,WM WF Grade 8 BookkitKannada,Inventre Edu Services Pvt Ltd,1,INR,1,i9eqgnt1k0,Grade 8 Mandate Textbook,1,0,Nos
,,,,,,i9eeu2gj75,WM WF Grade 8 Kannada,1,0,Nos
,,,,,,i9e01pd74b,WM Grade 8 Notebook,1,0,Nos
,,,,,,i9evrjnkkj,WM Grade 8 Stationery,1,0,Nos
,,,,,,i9e2o1gg5t,WM WF Stationery,2,0,Nos
,,,,,,i9e65ntd9f,WM Program Grade 8,1,0,Nos
,,,,,,i9erauh1jl,WM WF Other MS,1,0,Nos
BOM-WM WF Grade 8 BookkitHindi-001,WM WF Grade 8 BookkitHindi,Inventre Edu Services Pvt Ltd,1,INR,1,hcl9i90652,Grade 8 Mandate Textbook,1,0,Nos
,,,,,,hcl1vd45dk,WM WF Grade 8 Hindi,1,0,Nos
,,,,,,hclq6sr36b,WM Grade 8 Notebook,1,0,Nos
,,,,,,hcltv2n1lk,WM Grade 8 Stationery,1,0,Nos
,,,,,,hcl1k7ojhp,WM WF Stationery,2,0,Nos
,,,,,,hclck135jl,WM Program Grade 8,1,0,Nos
,,,,,,hcldn94v52,WM WF Other MS,1,0,Nos
BOM-WM WF Grade 7 BookkitKannada-001,WM WF Grade 7 BookkitKannada,Inventre Edu Services Pvt Ltd,1,INR,1,gic9nurn8t,Grade 7 Mandate Textbook,1,0,Nos
,,,,,,gicosb33h6,WM WF Grade 7 Kannada,1,0,Nos
,,,,,,gickr10p90,WM Grade 7 Notebook,1,0,Nos
,,,,,,gic372kbtd,WM Grade 7 Stationery,1,0,Nos
,,,,,,gicipn4n6h,WM WF Stationery,2,0,Nos
,,,,,,giclldo35f,WM Program Grade 7,1,0,Nos
,,,,,,gic34gmkd4,WM WF Other MS,1,0,Nos
BOM-WM WF Grade 7 BookkitHindi-001,WM WF Grade 7 BookkitHindi,Inventre Edu Services Pvt Ltd,1,INR,1,fi21j3748d,Grade 7 Mandate Textbook,1,0,Nos
,,,,,,fi2ir73in2,WM WF Grade 7 Hindi,1,0,Nos
,,,,,,fi225s7j2b,WM Grade 7 Notebook,1,0,Nos
,,,,,,fi2qi55gsj,WM Grade 7 Stationery,1,0,Nos
,,,,,,fi2rv877hp,WM WF Stationery,2,0,Nos
,,,,,,fi2qi7mjnf,WM Program Grade 7,1,0,Nos
,,,,,,fi2go2d8fk,WM WF Other MS,1,0,Nos
BOM-WM WF Grade 6 BookkitKannada-001,WM WF Grade 6 BookkitKannada,Inventre Edu Services Pvt Ltd,1,INR,1,ent446jcl2,Grade 6 Mandate Textbook,1,0,Nos
,,,,,,entnc2c1ib,WM WF Grade 6 Kannada,1,0,Nos
,,,,,,ent9a82fe3,WM Grade 6 Notebook,1,0,Nos
,,,,,,ent6ha7eaf,WM Grade 6 Stationery,1,0,Nos
,,,,,,entbfr7j6q,WM WF Stationery,2,0,Nos
,,,,,,entm4ilb68,WM Program Grade 6,1,0,Nos
,,,,,,ent3mlvffe,WM WF Other MS,1,0,Nos
BOM-WM WF Grade 6 BookkitHindi-001,WM WF Grade 6 BookkitHindi,Inventre Edu Services Pvt Ltd,1,INR,1,dvdlifgorj,Grade 6 Mandate Textbook,1,0,Nos
,,,,,,dvd7qsd628,WM WF Grade 6 Hindi,1,0,Nos
,,,,,,dvdk3fbuia,WM Grade 6 Notebook,1,0,Nos
,,,,,,dvdqpod93q,WM Grade 6 Stationery,1,0,Nos
,,,,,,dvddr6jp5b,WM WF Stationery,2,0,Nos
,,,,,,dvdq4rc7h8,WM Program Grade 6,1,0,Nos
,,,,,,dvd2k2dbdj,WM WF Other MS,1,0,Nos
BOM-WM WF Grade 5 BookkitKannada-001,WM WF Grade 5 BookkitKannada,Inventre Edu Services Pvt Ltd,1,INR,1,d0ef0v158e,Grade 5 Mandate Textbook,1,1679.54,Nos
,,,,,,d0er00dkuf,WM WF Grade 5 Kannada,1,0,Nos
,,,,,,d0eeglhm0a,WM Grade 5 Notebook,1,0,Nos
,,,,,,d0eja2ldt3,WM Grade 5 Stationery,1,0,Nos
,,,,,,d0ekkl7kue,WM WF Stationery,2,0,Nos
,,,,,,d0evi91rn8,WM Program Grade 5,1,0,Nos
,,,,,,d0edfgki4s,WM WF Other MS,1,0,Nos
BOM-WM WF Grade 5 BookkitHindi-001,WM WF Grade 5 BookkitHindi,Inventre Edu Services Pvt Ltd,1,INR,1,c7s8akqlja,Grade 5 Mandate Textbook,1,1679.54,Nos
,,,,,,c7su7v9vr7,WM WF Grade 5 Hindi,1,0,Nos
,,,,,,c7sct59tei,WM Grade 5 Notebook,1,0,Nos
,,,,,,c7sqdl4qfq,WM Grade 5 Stationery,1,0,Nos
,,,,,,c7scj0v9e8,WM WF Stationery,2,0,Nos
,,,,,,c7ss1etoue,WM Program Grade 5,1,0,Nos
,,,,,,c7spc2rgfu,WM WF Other MS,1,0,Nos
BOM-WM WF Grade 4 BookkitKannada-001,WM WF Grade 4 BookkitKannada,Inventre Edu Services Pvt Ltd,1,INR,1,bbvldg8k1k,Grade 4 Mandate Textbook,1,1578.82,Nos
,,,,,,bbva45fpq2,WM WF Grade 4 Kannada,1,0,Nos
,,,,,,bbvmacrb9b,WM Grade 4 Notebook,1,0,Nos
,,,,,,bbvjr84knp,WM Grade 4 Stationery,1,0,Nos
,,,,,,bbvv9svf5s,WM WF Stationery,2,0,Nos
,,,,,,bbvk1jigf6,WM Program Grade 4,1,0,Nos
,,,,,,bbv3bnmuvm,WM WF Other MS,1,0,Nos
BOM-WM WF Grade 4 BookkitHindi-001,WM WF Grade 4 BookkitHindi,Inventre Edu Services Pvt Ltd,1,INR,1,afoiuria0j,Grade 4 Mandate Textbook,1,1578.82,Nos
,,,,,,afo27abpcf,WM WF Grade 4 Hindi,1,0,Nos
,,,,,,afocrcjjrk,WM Grade 4 Notebook,1,0,Nos
,,,,,,afosa1lar0,WM Grade 4 Stationery,1,0,Nos
,,,,,,afo99g9prr,WM WF Stationery,2,0,Nos
,,,,,,afo2svm1rj,WM Program Grade 4,1,0,Nos
,,,,,,afovlc3d9u,WM WF Other MS,1,0,Nos
BOM-WM WF Grade 3 BookkitKannada-001,WM WF Grade 3 BookkitKannada,Inventre Edu Services Pvt Ltd,1,INR,1,9851r33mpr,Grade 3 Mandate Textbook,1,1731.98,Nos
,,,,,,985ajmjhi9,WM WF Grade 3 Kannada,1,0,Nos
,,,,,,985lj4oian,WM Grade 3 Notebook,1,0,Nos
,,,,,,985lvp4tlm,WM Grade 3 Stationery,1,0,Nos
,,,,,,985vvkrkvp,WM WF Stationery,2,0,Nos
,,,,,,985h0962ef,WM Program Grade 3,1,0,Nos
,,,,,,985up8guul,WM WF Other,1,0,Nos
BOM-WM WF Grade 3 BookkitHindi-001,WM WF Grade 3 BookkitHindi,Inventre Edu Services Pvt Ltd,1,INR,1,7qf4g49240,Grade 3 Mandate Textbook,1,1731.98,Nos
,,,,,,7qfdj3q7pu,WM WF Grade 3 Hindi,1,0,Nos
,,,,,,7qf69f7d5a,WM Grade 3 Notebook,1,0,Nos
,,,,,,7qfiob4anl,WM Grade 3 Stationery,1,0,Nos
,,,,,,7qfi14knq1,WM WF Stationery,2,0,Nos
,,,,,,7qfkpjr988,WM Program Grade 3,1,0,Nos
,,,,,,7qfarr62qo,WM WF Other,1,0,Nos
BOM-WM WF Grade 2 BookkitKannada-001,WM WF Grade 2 BookkitKannada,Inventre Edu Services Pvt Ltd,1,INR,1,6gdscap0p4,Grade 2 Mandate Textbook,1,1049.15,Nos
,,,,,,6gdk9rupd8,WM WF Grade 2 Kannada,1,0,Nos
,,,,,,6gdfh068ta,WM Grade 2 Notebook,1,0,Nos
,,,,,,6gdpump05s,WM Grade 2 Stationery,1,0,Nos
,,,,,,6gdef8s8o4,WM WF Stationery,2,0,Nos
,,,,,,6gd83vsvu1,WM WF Other,1,0,Nos
BOM-WM WF Grade 2 BookkitHindi-001,WM WF Grade 2 BookkitHindi,Inventre Edu Services Pvt Ltd,1,INR,1,5hou7iomum,Grade 2 Mandate Textbook,1,1049.15,Nos
,,,,,,5ho7gk34b2,WM WF Grade 2 Hindi,1,0,Nos
,,,,,,5ho3fm29le,WM Grade 2 Notebook,1,0,Nos
,,,,,,5hoh96epav,WM Grade 2 Stationery,1,0,Nos
,,,,,,5hotn77bqt,WM WF Stationery,2,0,Nos
,,,,,,5hokt5n9o8,WM WF Other,1,0,Nos
BOM-WM WF Grade 1 BookkitKannada-001,WM WF Grade 1 BookkitKannada,Inventre Edu Services Pvt Ltd,1,INR,1,9jtd797p7b,Grade 1 Mandate Textbook,1,989.33,Nos
,,,,,,9jt3entpqa,WM Grade 1 Textbook,1,0,Nos
,,,,,,9jtga2706e,WM WF Grade 1 Kannada,1,0,Nos
,,,,,,9jt8c4g791,WM Grade 1 Notebook,1,0,Nos
,,,,,,9jt9pb570d,WM Grade 1 Stationery,1,0,Nos
,,,,,,9jtei0f1gd,WM WF Stationery,2,0,Nos
,,,,,,9jt729giul,WM WF Other,1,0,Nos
BOM-WM WF Grade 1 BookkitHindi-001,WM WF Grade 1 BookkitHindi,Inventre Edu Services Pvt Ltd,1,INR,1,8ph7r01rkc,Grade 1 Mandate Textbook,1,989.33,Nos
,,,,,,8ph8vki1ts,WM Grade 1 Textbook,1,0,Nos
,,,,,,8pht2a4l5o,WM WF Grade 1 Hindi,1,0,Nos
,,,,,,8ph815a31o,WM Grade 1 Notebook,1,0,Nos
,,,,,,8ph3ctpgnc,WM Grade 1 Stationery,1,0,Nos
,,,,,,8phpvptvan,WM WF Stationery,2,0,Nos
,,,,,,8ph99fqmqs,WM WF Other,1,0,Nos
BOM-WM WF UKG BookkitKannada-001,WM WF UKG BookkitKannada,Inventre Edu Services Pvt Ltd,1,INR,1,6faekork87,WM Grade UKG Textbook,1,0,Nos
,,,,,,6fauggve8l,WM Grade UKG Kannada,1,0,Nos
,,,,,,6fa07bft21,WM Grade UKG Notebook,1,0,Nos
,,,,,,6falunifnr,WM Grade UKG Stationery,1,0,Nos
,,,,,,7pcnq5esju,WM WF Stationery,1,0,Nos
,,,,,,6fadj843e7,WM WF Other,1,0,Nos
BOM-WM WF UKG BookkitHindi-001,WM WF UKG BookkitHindi,Inventre Edu Services Pvt Ltd,1,INR,1,5qb5ba7csq,WM Grade UKG Textbook,1,0,Nos
,,,,,,5qbd7au3qv,WM Grade UKG Hindi,1,0,Nos
,,,,,,5qbvqcqvc2,WM Grade UKG Notebook,1,0,Nos
,,,,,,5qba1s9d3k,WM Grade UKG Stationery,1,0,Nos
,,,,,,7kskva9dlm,WM WF Stationery,1,0,Nos
,,,,,,5qb1gnirra,WM WF Other,1,0,Nos
BOM-WM WF Grade LKG Bookkit-001,WM WF Grade LKG Bookkit,Inventre Edu Services Pvt Ltd,1,INR,1,4v975f83jf,WM Grade LKG Textbook,1,0,Nos
,,,,,,4v9medju44,WM Grade LKG Notebook,1,0,Nos
,,,,,,4v99cq9i0h,WM Grade LKG Stationery,1,0,Nos
,,,,,,7g6lqn2irf,WM WF Stationery,1,0,Nos
,,,,,,4v9jlbhng4,WM WF Other,1,0,Nos
BOM-WM WF Grade Nursery Bookkit-001,WM WF Grade Nursery Bookkit,Inventre Edu Services Pvt Ltd,1,INR,1,4aj1vbvt74,WM Grade Nursery Textbook,1,0,Nos
,,,,,,4ajv9ab9rp,WM Grade Nursery Notebook,1,0,Nos
,,,,,,4ajraugn1i,WM Grade Nursery Stationery,1,0,Nos
,,,,,,7449gr2oip,WM WF Stationery,1,0,Nos
,,,,,,4ajjg01644,WM WF Other,1,0,Nos
BOM-WM WF Stationery-001,WM WF Stationery,Inventre Edu Services Pvt Ltd,1,INR,1,9t0h9b106o,WM WF Label Sheet,1,5,Nos
BOM-WM Grade 8 Stationery-001,WM Grade 8 Stationery,Inventre Edu Services Pvt Ltd,1,INR,1,84pbikumip,Winmore Flat File,1,13.14,Nos
,,,,,,84p9ihaib0,File Folder,10,4.433400684,Nos
,,,,,,84p2regr1o,A4 Size Colour Paper Packet (25 sheets),1,19.41675051,Nos
,,,,,,84plk9vgpi,Transparent Roll,2,33.7521761,Nos
,,,,,,84pa9rd508,Acrylic Colour Set,1,180,Nos
,,,,,,84p0eeovcn,Colour Pencils - Set of 12,1,58.68915907,Nos
,,,,,,84p17orhru,Poster Paint (6 Shades),1,50,Nos
,,,,,,84pioppb80,"Flat Brushes - Size 1,3,5,6",1,88.75,Nos
,,,,,,84p9l357b8,A4 Size Plain Sheets (25 sheets),1,18.64,Nos
,,,,,,84p0qh6kcc,India Political Map (Booklet of 10),1,0,Nos
,,,,,,84phkmrsgh,India Outline Maps,2,0.6,Nos
BOM-WM Grade 8 Notebook-001,WM Grade 8 Notebook,Inventre Edu Services Pvt Ltd,1,INR,1,5v9f3kk5jg,Crown 200 pages Single ruled,9,38,Nos
,,,,,,5v98e4cljq,Crown 100 pages Single ruled,4,19.54607453,Nos
,,,,,,5v98l03qbd,Crown 200 pages Maths ruled,4,38,Nos
,,,,,,5v9hus61bf,50 Pages Plain Drawing Book,1,25.75560376,Nos
,,,,,,5v9l94k4a0,Long 50 Pages Graph Book,1,16,Nos
,,,,,,5v9u9ff8l0,100 Pages OSR Single Ruled Record Book,1,43,Nos
,,,,,,5v9aig525n,Crown 100 pages OSR Single Leaved,1,19.55530217,Nos
BOM-WM WF Grade 8 Kannada-001,WM WF Grade 8 Kannada,Inventre Edu Services Pvt Ltd,1,INR,1,3gm6vj55hn,Siri Kannada Book 8,1,0,Nos
,,,,,,3gmdoeq1nj,Haste Gate Seekhe 8,1,0,Nos
BOM-WM WF Grade 8 Hindi-001,WM WF Grade 8 Hindi,Inventre Edu Services Pvt Ltd,1,INR,1,2rld2dk5re,Malhaar 8,1,55.25,Nos
,,,,,,2rl76kpbed,Hindi Vyakaran thatha rachana - 8 (with a CD),1,299.2,Nos
,,,,,,2rl6cj4vc3,Thili Kannada Book 8,1,0,Nos
BOM-WM Grade 7 Stationery-001,WM Grade 7 Stationery,Inventre Edu Services Pvt Ltd,1,INR,1,21i0ihp5qp,Winmore Flat File,1,13.14,Nos
,,,,,,21ip7hfu5u,File Folder,10,4.433400684,Nos
,,,,,,21i5gbtrsr,A4 Size Colour Paper Packet (25 sheets),1,19.41675051,Nos
,,,,,,21i2nrkimh,Transparent Roll,2,33.7521761,Nos
,,,,,,21iti1nhcp,Acrylic Colour Set,1,180,Nos
,,,,,,21id1ogc37,Colour Pencils - Set of 12,1,58.68915907,Nos
,,,,,,21i6srij1b,Poster Paint (6 Shades),1,50,Nos
,,,,,,21ijf0klhe,"Flat Brushes - Size 1,3,5,6",1,88.75,Nos
,,,,,,21i8i3fgbc,A4 Size Plain Sheets (25 sheets),1,18.64,Nos
,,,,,,21io9421vk,India Political Map (Booklet of 10),1,0,Nos
,,,,,,21iug00277,India Outline Maps,2,0.6,Nos
BOM-WM Grade 7 Notebook-001,WM Grade 7 Notebook,Inventre Edu Services Pvt Ltd,1,INR,1,vjqia1j4tf,Crown 200 pages Single ruled,9,38,Nos
,,,,,,vjqf8rflsq,Crown 100 pages Single ruled,2,19.54607453,Nos
,,,,,,vjqt5fqknd,Crown 200 pages Maths ruled,4,38,Nos
,,,,,,vjqis4f6s3,50 Pages Plain Drawing Book,1,25.75560376,Nos
,,,,,,vjqevdi1ih,Long 50 Pages Graph Book,1,16,Nos
,,,,,,vjqqb67f7a,100 Pages OSR Single Ruled Record Book,1,43,Nos
,,,,,,vjq3tqo8j7,Crown 100 pages OSR Single Leaved,1,19.55530217,Nos
BOM-WM WF Grade 7 Kannada-001,WM WF Grade 7 Kannada,Inventre Edu Services Pvt Ltd,1,INR,1,to2biol2dt,Siri Kannada Book 7,1,0,Nos
,,,,,,to2r3u7p81,Haste Gate Seekhe 7,1,0,Nos
BOM-WM WF Grade 7 Hindi-001,WM WF Grade 7 Hindi,Inventre Edu Services Pvt Ltd,1,INR,1,t6mbbboq6n,Malhaar 7,1,65,Nos
,,,,,,t6mnqo1tkp,Hindi Vyakaran thatha rachana - 7 (with a CD),1,292.4,Nos
,,,,,,t6mqqj4a4v,Thili Kannada Book 7,1,0,Nos
BOM-WM Grade 6 Stationery-001,WM Grade 6 Stationery,Inventre Edu Services Pvt Ltd,1,INR,1,sa01m1269s,Winmore Flat File,1,13.14,Nos
,,,,,,sa0vummcpa,File Folder,10,4.433400684,Nos
,,,,,,sa0gov0s25,A4 Size Colour Paper Packet (25 sheets),1,19.41675051,Nos
,,,,,,sa0lud10pp,Transparent Roll,2,33.7521761,Nos
,,,,,,sa052gohhb,Acrylic Colour Set,1,180,Nos
,,,,,,sa09gop6sp,Colour Pencils - Set of 12,1,58.68915907,Nos
,,,,,,sa0b3spdg6,Poster Paint (6 Shades),1,50,Nos
,,,,,,sa0ig6n9vn,"Flat Brushes - Size 1,3,5,6",1,88.75,Nos
,,,,,,sa0ia5up34,A4 Size Plain Sheets (25 sheets),1,18.64,Nos
,,,,,,sa06k3stbj,India Political Map (Booklet of 10),1,0,Nos
,,,,,,sa06lqmvm3,India Outline Maps,2,0.6,Nos
BOM-WM Grade 6 Notebook-001,WM Grade 6 Notebook,Inventre Edu Services Pvt Ltd,1,INR,1,plu5ltch64,Crown 200 pages Single ruled,9,38,Nos
,,,,,,plu699o19s,Crown 100 pages Single ruled,2,19.54607453,Nos
,,,,,,plu8rgnkph,Crown 200 pages Maths ruled,4,38,Nos
,,,,,,plubmcflgf,50 Pages Plain Drawing Book,1,25.75560376,Nos
,,,,,,plu2ijloqr,Long 50 Pages Graph Book,1,16,Nos
,,,,,,pluvk0ihba,100 Pages OSR Single Ruled Record Book,1,43,Nos
,,,,,,plutrqq4je,Crown 100 pages OSR Single Leaved,1,19.55530217,Nos
BOM-WM WF Grade 6 Kannada-001,WM WF Grade 6 Kannada,Inventre Edu Services Pvt Ltd,1,INR,1,lukchknl69,Siri Kannada Book 6,1,0,Nos
,,,,,,luk0ahg8q4,Haste Gate - 6,1,0,Nos
BOM-WM WF Grade 6 Hindi-001,WM WF Grade 6 Hindi,Inventre Edu Services Pvt Ltd,1,INR,1,lecmeh0iev,Malhaar 6,1,55,Nos
,,,,,,lecndbpn96,Hindi Vyakaran thatha rachana - 6 (with a CD),1,292,Nos
,,,,,,lec830o2o6,Thili Kannada Book 6,1,0,Nos
BOM-WM Grade 5 Stationery-001,WM Grade 5 Stationery,Inventre Edu Services Pvt Ltd,1,INR,1,kgq9ue4nmt,Fevistik,1,12.4153756,Nos
,,,,,,kgq6e4jr6g,Poster Paint (6 Shades),1,50,Nos
,,,,,,kgqs2rumt9,Pencils (1 box),1,35.14821502,Nos
,,,,,,kgqiap0ah0,Red pencil (Nataraj),2,4.461895457,Nos
,,,,,,kgqgio65uj,Erasers,2,1.759985856,Nos
,,,,,,kgqelb7h98,Sharpener,2,1.757427947,Nos
,,,,,,kgqkgnlsup,Transparent Roll,2,33.7521761,Nos
,,,,,,kgq11ou7ek,Winmore Flat File,1,13.14,Nos
,,,,,,kgqvn2ov9k,File Folder,6,4.433400684,Nos
,,,,,,kgqnog9bfr,Oil pastel- 12 shades,1,34.90648794,Nos
,,,,,,kgq8ljc940,Marker Pen-Black CD Marker,1,13,Nos
,,,,,,kgq7ffoius,Fevicol,1,12.34731031,Nos
,,,,,,kgqjkjgn8p,Sketch Pens,1,17.26345204,Nos
,,,,,,kgqu4cm6s0,A4 Size Colour Paper Packet (25 sheets),1,19.41675051,Nos
,,,,,,kgqrcpfln9,Legal Size Button Folder,1,10.17,Nos
,,,,,,kgqc092mjb,Geometry Box,1,70,Nos
,,,,,,kgq8mol6p8,"Flat Brushes - Size 1,3,5,6",1,88.75,Nos
,,,,,,kgq1nsbm1u,World Map Outline,10,0.595150008,Nos
,,,,,,kgq6eu59jq,India Political,5,0.596926764,Nos
,,,,,,kgqku41b9v,India Physical,5,0.59104863,Nos
BOM-WM Grade 5 Notebook-001,WM Grade 5 Notebook,Inventre Edu Services Pvt Ltd,1,INR,1,gi3t2fsrvv,Crown 100 pages Single ruled,12,19.54607453,Nos
,,,,,,gi33kglje2,Crown 100 pages OSR Single Leaved,4,19.55530217,Nos
,,,,,,gi387mf8eg,50 Pages Plain Drawing Book,1,25.75560376,Nos
BOM-WM WF Grade 5 Kannada-001,WM WF Grade 5 Kannada,Inventre Edu Services Pvt Ltd,1,INR,1,f8af7ask8m,Siri Kannada Book 5,1,0,Nos
,,,,,,f8alc0nqcp,Sachitra Kannada Vyakarana 5,1,0,Nos
,,,,,,f8ah74903v,Haste Gate - 5,1,0,Nos
BOM-WM Program Grade 8-001,WM Program Grade 8,Inventre Edu Services Pvt Ltd,1,INR,1,vang19kefl,Yardstick Science Experience Kit,6,0,Nos
,,,,,,van1q4qkl1,Robotics Kit 6,1,0,Nos
,,,,,,vanvngkr6g,Opendoor Thinking Assessment - Winmore,1,566.4,Nos
BOM-WM Program Grade 7-001,WM Program Grade 7,Inventre Edu Services Pvt Ltd,1,INR,1,uuaoe3j06b,Yardstick Science Experience Kit,6,0,Nos
,,,,,,uuas3h2isu,Robotics Kit 7,1,0,Nos
,,,,,,uua13gnrtr,Opendoor Thinking Assessment - Winmore,1,566.4,Nos
BOM-WM Program Grade 6-001,WM Program Grade 6,Inventre Edu Services Pvt Ltd,1,INR,1,uf861rg7uh,Yardstick Science Experience Kit,6,0,Nos
,,,,,,uf8sbddhq3,Robotics Kit 6,1,0,Nos
,,,,,,uf89cs1le8,Opendoor Thinking Assessment - Winmore,1,566.4,Nos
BOM-WM Program Grade 5-001,WM Program Grade 5,Inventre Edu Services Pvt Ltd,1,INR,1,tupipel1s0,Yardstick Science Experience Kit,5,0,Nos
,,,,,,tupm78kbnb,Robotics Kit 5,1,0,Nos
BOM-WM Program Grade 4-001,WM Program Grade 4,Inventre Edu Services Pvt Ltd,1,INR,1,tjd2sf40kt,Yardstick Science Experience Kit,5,0,Nos
,,,,,,tjdqsohh00,Robotics Kit 4,1,0,Nos
BOM-WM Program Grade 3-001,WM Program Grade 3,Inventre Edu Services Pvt Ltd,1,INR,1,t2pg4u072i,Yardstick Science Experience Kit,5,0,Nos
BOM-WM WF Grade 5 Hindi-001,WM WF Grade 5 Hindi,Inventre Edu Services Pvt Ltd,1,INR,1,sgl8ioh4i0,Navbharti Revised 5,1,192,Nos
,,,,,,sgllnrmr68,Sahaj hindi vyakaran pt 5,1,186,Nos
,,,,,,sgla9j0ln5,Thili Kannada Book 5,1,0,Nos
BOM-WM WF Other MS-001,WM WF Other MS,Inventre Edu Services Pvt Ltd,1,INR,1,nv4ffplkfd,WM WF Almanac,1,88.5,Nos
,,,,,,nv4jq5saki,WM WF Mini Almanac,1,17.7,Nos
,,,,,,nv49jfahdi,Worksheet,1,300,Nos
,,,,,,nv4csr9vis,WM WF ID Card,1,78,Nos
,,,,,,nv47a9jg7o,Annual Health Screening,1,250,Nos
BOM-WM WF Other-001,WM WF Other,Inventre Edu Services Pvt Ltd,1,INR,1,n39jq3tnf7,WM WF Almanac,1,88.5,Nos
,,,,,,n3963beul2,WM WF Mini Almanac,1,17.7,Nos
,,,,,,n39jrg48ch,Worksheet,1,300,Nos
,,,,,,n39qgau718,Annual Health Screening,1,250,Nos
,,,,,,n39euv5111,WM WF ID Card,1,78,Nos
,,,,,,n397s03rig,Packaging & Transport,1,300,Nos
BOM-WM Grade 2 Textbook-001,WM Grade 2 Textbook,Inventre Edu Services Pvt Ltd,1,INR,1,ja0sm8iqgf,Magic World Cursive Writing 2,1,93.5,Nos
BOM-WM Grade 1 Textbook-001,WM Grade 1 Textbook,Inventre Edu Services Pvt Ltd,1,INR,1,j00snm0fnq,Magic World Cursive Writing 1,1,93.5,Nos
BOM-WM Grade UKG Kannada-001,WM Grade UKG Kannada,Inventre Edu Services Pvt Ltd,1,INR,1,i8kbvld2ig,Radiant- Kannada Akshara Mala 1,1,0,Nos
BOM-WM Grade UKG Hindi-001,WM Grade UKG Hindi,Inventre Edu Services Pvt Ltd,1,INR,1,hcuk4hftbr,Hindi Praveshika Workbook,1,0,Nos
BOM-WM Grade UKG Textbook-001,WM Grade UKG Textbook,Inventre Edu Services Pvt Ltd,1,INR,1,fu94rf153u,Literacy Book Part A -3 Version 2,1,134,Nos
,,,,,,fu94kumthh,Literacy Book Part B -3 Version 2,1,116,Nos
,,,,,,fu91irl8vl,Literacy Book Part C -3 Version 2,1,125.95,Nos
,,,,,,fu9d65jml7,Numeracy Book Part A -3 Version 2,1,131.04,Nos
,,,,,,fu97ufakpj,Numeracy Book Part B -3 Version 2,1,123.2,Nos
,,,,,,fu9mrp9fg6,Numeracy Book Part C -3 Version 2,1,123.2,Nos
,,,,,,fu9uif7is2,Multi Skill Book 3,1,0,Nos
,,,,,,fu9akuqaoi,Language Enrichment Book UKG,1,0,Nos
,,,,,,fu944c98sr,Sustainability WorkBook UKG,1,37.12,Nos
,,,,,,fu9914tg5e,Fitzroy Reader Book 1-10 (Phonics Readers Stories),1,240,Nos
BOM-WM Grade LKG Textbook-001,WM Grade LKG Textbook,Inventre Edu Services Pvt Ltd,1,INR,1,emuomt4o82,Literacy Book Part A -2 Version 2,1,141,Nos
,,,,,,emuoqj7p9v,Literacy Book Part B -2 Version 2,1,97,Nos
,,,,,,emufav5ev2,Literacy Book Part C -2 Version 2,1,38.5,Nos
,,,,,,emuidhamqm,Numeracy Book Part A -2 Version 2,1,162.84,Nos
,,,,,,emuvaiat5h,Numeracy Book Part B -2 Version 2,1,186.44,Nos
,,,,,,emu2l99ajj,Numeracy Book Part C -2 Version 2,1,53.1,Nos
,,,,,,emue13vs47,Multi Skill Book 2,1,0,Nos
BOM-WM Grade Nursery Textbook-001,WM Grade Nursery Textbook,Inventre Edu Services Pvt Ltd,1,INR,1,dovp3cvllq,Literacy Book Part A -1 Version 2,1,93,Nos
,,,,,,dovd5sro9q,Literacy Book Part B -1 Version 2,1,80,Nos
,,,,,,dov9haug8e,Literacy Book Part C -1 Version 2,1,155,Nos
,,,,,,dovd4jm46a,Numeracy Book Part A -1 Version 2,1,59,Nos
,,,,,,dovm00f83c,Numeracy Book Part B -1 Version 2,1,73.16,Nos
,,,,,,dov9s8ot9o,Numeracy Book Part C -1 Version 2,1,109.74,Nos
,,,,,,dove85qljo,Multi Skill Book 1,1,0,Nos
BOM-WM Grade 4 Stationery-001,WM Grade 4 Stationery,Inventre Edu Services Pvt Ltd,1,INR,1,a6923d3gdf,Fevistik,1,12.4153756,Nos
,,,,,,a69nhc14p9,Colour Pencils - Set of 12,1,58.68915907,Nos
,,,,,,a69bvteq49,Pencils (1 box),1,35.14821502,Nos
,,,,,,a6926rd874,Red pencil (Nataraj),2,4.461895457,Nos
,,,,,,a69n1urb03,Erasers,2,1.759985856,Nos
,,,,,,a69v6civdg,Sharpener,2,1.757427947,Nos
,,,,,,a69lcepng6,Transparent Roll,2,33.7521761,Nos
,,,,,,a69fq0n145,Winmore Flat File,1,13.14,Nos
,,,,,,a691oqd5pp,File Folder,6,4.433400684,Nos
,,,,,,a697oau11v,Oil pastel- 12 shades,1,34.90648794,Nos
,,,,,,a690pp7f0a,Scale,1,5.876728566,Nos
,,,,,,a69fl2eu5n,Fevicol,1,12.34731031,Nos
,,,,,,a69c2rbihs,Sketch Pens,1,17.26345204,Nos
,,,,,,a69nu99lb5,A4 Size Colour Paper Packet (25 sheets),1,19.41675051,Nos
,,,,,,a69rvkoal5,World Map Outline,5,0.595150008,Nos
,,,,,,a69nunovae,India Political,5,0.596926764,Nos
,,,,,,a69pfpov6j,India Physical,5,0.59104863,Nos
BOM-WM Grade 4 Notebook-001,WM Grade 4 Notebook,Inventre Edu Services Pvt Ltd,1,INR,1,7fcc8g6tou,Crown 100 pages Single ruled,12,19.54607453,Nos
,,,,,,7fcqo6rv1h,Crown 100 pages OSR Single Leaved,4,19.55530217,Nos
,,,,,,7fc41qs3os,50 Pages Plain Drawing Book,1,25.75560376,Nos
BOM-WM WF Grade 4 Kannada-001,WM WF Grade 4 Kannada,Inventre Edu Services Pvt Ltd,1,INR,1,5vve3h5tjb,Savi Kannada Book 4,1,0,Nos
,,,,,,5vvpfpbl69,Sachitra Kannada Vyakarana 4,1,0,Nos
,,,,,,5vv8onsh7t,Haste Gaate Sikhe 4,1,0,Nos
BOM-WM WF Grade 4 Hindi-001,WM WF Grade 4 Hindi,Inventre Edu Services Pvt Ltd,1,INR,1,56u9buu3d5,Navbharti Revised – 4,1,188,Nos
,,,,,,56u2qnhns0,Sahaj hindi vyakaran pt 4,1,178,Nos
,,,,,,56usu4a1nn,Kali Kannada Book 4,1,0,Nos
BOM-WM Grade 3 Stationery-001,WM Grade 3 Stationery,Inventre Edu Services Pvt Ltd,1,INR,1,3mks1v21a0,Fevistik,1,12.4153756,Nos
,,,,,,3mku58dhkb,Colour Pencils - Set of 12,1,58.68915907,Nos
,,,,,,3mk6t3bgl7,Pencils (1 box),1,35.14821502,Nos
,,,,,,3mk05lgdup,Red pencil (Nataraj),2,4.461895457,Nos
,,,,,,3mkq74vm0g,Erasers,2,1.759985856,Nos
,,,,,,3mkfutlnnm,Sharpener,2,1.757427947,Nos
,,,,,,3mk2mo3gab,Transparent Roll,2,33.7521761,Nos
,,,,,,3mkphf1gpm,Winmore Flat File,1,13.14,Nos
,,,,,,3mkgtmhmd3,File Folder,6,4.433400684,Nos
,,,,,,3mkt5j8pgp,Oil pastel- 12 shades,1,34.90648794,Nos
,,,,,,3mkqi7p4pd,Scale,1,5.876728566,Nos
,,,,,,3mkth12vmh,Fevicol,1,12.34731031,Nos
,,,,,,3mkv22764v,Sketch Pens,1,17.26345204,Nos
,,,,,,3mkph522lv,A4 Size Colour Paper Packet (25 sheets),1,19.41675051,Nos
,,,,,,3mk458umms,World Map Outline,4,0.595150008,Nos
,,,,,,3mkn3g0df0,India Political,6,0.596926764,Nos
,,,,,,3mk1ben75j,India Physical,6,0.59104863,Nos
BOM-WM Grade 3 Notebook-001,WM Grade 3 Notebook,Inventre Edu Services Pvt Ltd,1,INR,1,v45u33uds3,Crown 100 pages Single ruled,8,19.54607453,Nos
,,,,,,v45jiip82o,Crown 100 pages Board ruled,4,17.43526511,Nos
,,,,,,v45ince1bv,Crown 100 pages OSR Single Leaved,3,19.55530217,Nos
,,,,,,v45087qn4p,50 Pages Plain Drawing Book,1,25.75560376,Nos
BOM-WM WF Grade 3 Kannada-001,WM WF Grade 3 Kannada,Inventre Edu Services Pvt Ltd,1,INR,1,strjm3h5c4,Savi Kannada Book 3,1,0,Nos
,,,,,,str0os1eij,Sachitra Kannada Vyakarana 3,1,0,Nos
,,,,,,str0r5okhf,Haste Gaate Sikhe 3,1,0,Nos
BOM-WM WF Grade 3 Hindi-001,WM WF Grade 3 Hindi,Inventre Edu Services Pvt Ltd,1,INR,1,ruucm6f9ev,Navbharti Revised 3,1,128.6936416,Nos
,,,,,,ruu9bhkv7n,Kali Kannada Book 3,1,0,Nos
BOM-WM Grade 2 Notebook-001,WM Grade 2 Notebook,Inventre Edu Services Pvt Ltd,1,INR,1,pt69ba0hut,Crown 100 Pages Four Ruled,6,20,Nos
,,,,,,pt68ka9uf2,Crown 100 Pages Double Ruled,4,20,Nos
,,,,,,pt6k4eheiq,Crown 100 Pages Small Check Ruled,3,20,Nos
,,,,,,pt6gqjdm81,50 Pages Plain Drawing Book,1,25.75560376,Nos
BOM-WM Grade 2 Stationery-001,WM Grade 2 Stationery,Inventre Edu Services Pvt Ltd,1,INR,1,psgqlj0818,Fevistik,1,12.4153756,Nos
,,,,,,psglk9jq5c,Colour Pencils - Set of 12,1,58.68915907,Nos
,,,,,,psg6a4hu2r,Pencils (1 box),1,35.14821502,Nos
,,,,,,psgtkiqjpq,Red pencil (Nataraj),2,4.461895457,Nos
,,,,,,psgghm1iav,Erasers,2,1.759985856,Nos
,,,,,,psgmh2mnuq,Sharpener,2,1.757427947,Nos
,,,,,,psg2g3cve3,Transparent Roll,1,33.7521761,Nos
,,,,,,psg01gttvn,Winmore Flat File,1,13.14,Nos
,,,,,,psg3671amf,Legal Size Button Folder,1,10.17,Nos
,,,,,,psgrevnc1d,A4 Size Colour Paper Packet (25 sheets),1,19.41675051,Nos
BOM-WM WF Grade 2 Kannada-001,WM WF Grade 2 Kannada,Inventre Edu Services Pvt Ltd,1,INR,1,l1qems0cc0,Savi Kannada Book 2,1,0,Nos
,,,,,,l1q12uejuf,Sachitra Kannada Vyakarana 2,1,0,Nos
,,,,,,l1qig28qbo,Haste Gaate Sikhe 2,1,0,Nos
BOM-WM WF Grade 2 Hindi-001,WM WF Grade 2 Hindi,Inventre Edu Services Pvt Ltd,1,INR,1,vsmsfft4hf,Navbharti Revised 2,1,172,Nos
,,,,,,vsmnl4f7a5,Kali Kannada Book 2,1,0,Nos
BOM-WM WF Grade 1 Kannada-001,WM WF Grade 1 Kannada,Inventre Edu Services Pvt Ltd,1,INR,1,am7i4bnscb,Savi Kannada Book 1,1,0,Nos
,,,,,,pkhu1c8307,Sachitra Kannada Vyakarana 1,1,0,Nos
,,,,,,pkht0gv27i,Haste Gaate Sikhe 1,1,0,Nos
BOM-WM WF Grade 1 Hindi-001,WM WF Grade 1 Hindi,Inventre Edu Services Pvt Ltd,1,INR,1,gckvpjpleo,Navbharti Revised 1,1,168,Nos
,,,,,,gck0s9md3f,Kali Kannada Book 1,1,0,Nos
BOM-WM Grade 1 Stationery-001,WM Grade 1 Stationery,Inventre Edu Services Pvt Ltd,1,INR,1,9p01n5pkep,Fevistik,1,12.41628027,Nos
,,,,,,9p06ipj74q,Colour Pencils - Set of 12,1,58.68915907,Nos
,,,,,,9p00e94hrf,Pencils (1 box),1,35.15104139,Nos
,,,,,,9p0mvo76p3,Red pencil (Nataraj),2,4.462403599,Nos
,,,,,,9p0qjn7ato,Erasers,2,1.76007548,Nos
,,,,,,9p0tjugl88,Sharpener,2,1.757568882,Nos
,,,,,,9p0a9vtk1r,Transparent Roll,1,33.75319787,Nos
,,,,,,9p0p2iug5u,Winmore Flat File,1,13.14,Nos
,,,,,,9p07tutduj,Legal Size Button Folder,1,10.17,Nos
,,,,,,9p0io09jmi,Normal Crayons - set of 12,1,23.6,Nos
,,,,,,9p03rts5mq,A4 Size Colour Paper Packet (25 sheets),1,19.4171873,Nos
BOM-WM Grade 1 Notebook-001,WM Grade 1 Notebook,Inventre Edu Services Pvt Ltd,1,INR,1,4rg6acp5un,Crown 100 Pages Four Ruled,6,20,Nos
,,,,,,4rgn1htv72,Crown 100 Pages Double Ruled,4,20,Nos
,,,,,,4rg2e00p2r,Crown 100 Pages Small Check Ruled,3,20,Nos
,,,,,,4rgca62nik,50 Pages Plain Drawing Book,1,25.75930212,Nos
BOM-WM Grade UKG Stationery-001,WM Grade UKG Stationery,Inventre Edu Services Pvt Ltd,1,INR,1,m6lljhbmiu,Normal Crayons - set of 12,2,23.6,Nos
,,,,,,m6lh155r32,Modeling Clay,1,92.5,Nos
,,,,,,m6l9i4cs6e,Pencils (1 box),1,35.15234764,Nos
,,,,,,m6ljhqe8dc,Erasers,5,1.760117041,Nos
,,,,,,m6l7ij0s8k,Sharpener,2,1.757634019,Nos
,,,,,,m6l5c6n7fg,Fevistik,1,12.41669871,Nos
,,,,,,m6lkmiq3dm,Poster Paint (6 Shades),1,50,Nos
,,,,,,m6lr99nbec,Transparent Roll,1,33.75367311,Nos
,,,,,,m6lr45gg0r,Cello Tape,1,9.5,Nos
,,,,,,m6ltgev89p,Ice Cream Sticks Packet,1,0,Nos
,,,,,,m6l3boql3j,Colour Pencils - Set of 12,1,58.68915907,Nos
,,,,,,m6ltmb3m8i,A4 Size Colour Paper Packet (25 sheets),1,19.41739074,Nos
BOM-WM Grade UKG Notebook-001,WM Grade UKG Notebook,Inventre Edu Services Pvt Ltd,1,INR,1,fhu6ltspub,Crown 100 Pages Four Ruled,2,20,Nos
,,,,,,fhuusm6otg,Crown 100 Pages Medium Check Ruled,2,20,Nos
,,,,,,fhup7due17,Crown 100 Pages Double Ruled,1,20,Nos
,,,,,,fhuu76jc5h,50 Pages Plain Drawing Book,1,25.76184605,Nos
BOM-WM Grade LKG Stationery-001,WM Grade LKG Stationery,Inventre Edu Services Pvt Ltd,1,INR,1,7ljalom7ld,Normal Crayons - set of 12,2,23.6,Nos
,,,,,,7ljl83dvc5,Modeling Clay,2,92.5,Nos
,,,,,,7ljc1epant,Slate,1,0,Nos
,,,,,,7ljha18ubv,Slate Pencil,1,0,Nos
,,,,,,7ljc35ep9r,Pencils (1 box),1,35.1535743,Nos
,,,,,,7ljep6u13o,Erasers,5,1.76015615,Nos
,,,,,,7lj0gco1vl,Sharpener,2,1.757695187,Nos
,,,,,,7ljpg9q3ip,Fevistik,1,12.41709184,Nos
,,,,,,7ljk75h6vr,Poster Paint (6 Shades),1,50,Nos
,,,,,,7ljhv4kjhg,Transparent Roll,1,33.75412115,Nos
,,,,,,7lj9ac2obj,Cello Tape,1,9.5,Nos
,,,,,,7ljlrite8a,Ice Cream Sticks Packet,1,0,Nos
,,,,,,7ljsu5vt1h,Colour Pencils - Set of 12,1,58.68915907,Nos
,,,,,,7ljn6kun8h,A4 Size Colour Paper Packet (25 sheets),1,19.41758271,Nos
BOM-WM Grade LKG Notebook-001,WM Grade LKG Notebook,Inventre Edu Services Pvt Ltd,1,INR,1,s7rbju7m6k,Crown 100 Pages Four Ruled,2,20,Nos
,,,,,,s7rp6ng68u,Crown 100 Pages Medium Check Ruled,2,20,Nos
,,,,,,s7rbfs4os8,50 Pages Plain Drawing Book,1,25.76255708,Nos
BOM-WM Grade Nursery Stationery-001,WM Grade Nursery Stationery,Inventre Edu Services Pvt Ltd,1,INR,1,nhoakgj1nj,Jumbo Crayons,2,38.35,Nos
,,,,,,nhobt80ak1,Modeling Clay,2,92.5,Nos
,,,,,,nhotda863t,Slate,1,0,Nos
,,,,,,nhorro2vk4,Slate Pencil,1,0,Nos
,,,,,,nho82kag92,Fevistik,1,12.41709184,Nos
,,,,,,nhoiu9jaam,Poster Paint (6 Shades),1,50,Nos
,,,,,,nhovmqhgl8,Transparent Roll,1,33.75412115,Nos
,,,,,,nhoffj1s01,Cello Tape,1,9.5,Nos
,,,,,,nho6t1k58d,Ice Cream Sticks Packet,1,0,Nos
BOM-WM Grade Nursery Notebook-001,WM Grade Nursery Notebook,Inventre Edu Services Pvt Ltd,1,INR,1,hpalsfragh,50 Pages Plain Drawing Book,1,25.76255708,Nos
BOM-WM WF Magic box Girls Grade 6-001,WM WF Magic box Girls Grade 6,Inventre Edu Services Pvt Ltd,1,INR,1,j87n4jo227,WM WF Girls Shirt,2,0,Nos
,,,,,,j87b24tie6,WM WF Skirt,2,0,Nos
,,,,,,j87kjhthr2,WM WF Regular Socks,2,0,Nos
,,,,,,j87ecnihpt,WM WF Sports T-Shirt,1,0,Nos
,,,,,,j87j5gs6ri,WM WF Sports Pant,1,0,Nos
,,,,,,j87gsgnvhd,WM WF Sports Socks,1,0,Nos
,,,,,,j87uqfobkl,WM WF HOODIE,1,0,Nos
,,,,,,j87up98qs9,WM WF Caps,1,0,Nos
,,,,,,j87d7qsb8t,WM WF Sec Bag,1,0,Nos
,,,,,,j87g7unvh1,WM WF Shoes,1,0,Nos
,,,,,,7doelrpoes,WM WF Grade 6 Bookkit,1,0,Nos
BOM-WM WF Magic box Girls Grade 7-001,WM WF Magic box Girls Grade 7,Inventre Edu Services Pvt Ltd,1,INR,1,i0vnlp7978,WM WF Girls Shirt,2,0,Nos
,,,,,,i0vk3ebuop,WM WF Skirt,2,0,Nos
,,,,,,i0vero7ob7,WM WF Regular Socks,2,0,Nos
,,,,,,i0v8bfi4dr,WM WF Sports T-Shirt,1,0,Nos
,,,,,,i0v3v7jvvk,WM WF Sports Pant,1,0,Nos
,,,,,,i0v7uorqor,WM WF Sports Socks,1,0,Nos
,,,,,,i0vgjtg22u,WM WF HOODIE,1,0,Nos
,,,,,,i0v50avhaj,WM WF Caps,1,0,Nos
,,,,,,i0vtl6352n,WM WF Sec Bag,1,0,Nos
,,,,,,i0vlilues4,WM WF Shoes,1,0,Nos
,,,,,,813rocfr0r,WM WF Grade 7 Bookkit,1,0,Nos
BOM-WM WF Magic box Girls Grade 8-001,WM WF Magic box Girls Grade 8,Inventre Edu Services Pvt Ltd,1,INR,1,e4f6k1el70,WM WF Girls Shirt,2,0,Nos
,,,,,,e4f2tee26n,WM WF Skirt,2,0,Nos
,,,,,,e4fr9tm0vf,WM WF Regular Socks,2,0,Nos
,,,,,,e4frendu95,WM WF Sports T-Shirt,1,0,Nos
,,,,,,e4fgpc7eu3,WM WF Sports Pant,1,0,Nos
,,,,,,e4f3ljr0rs,WM WF Sports Socks,1,0,Nos
,,,,,,e4felf6n46,WM WF HOODIE,1,0,Nos
,,,,,,e4fpq2tmuu,WM WF Caps,1,0,Nos
,,,,,,e4fk9d21fu,WM WF Sec Bag,1,0,Nos
,,,,,,e4f1krdnta,WM WF Shoes,1,0,Nos
,,,,,,8gkgjng5rh,WM WF Grade 8 Bookkit,1,0,Nos
BOM-WM WF Magic box Boys Grade 8-001,WM WF Magic box Boys Grade 8,Inventre Edu Services Pvt Ltd,1,INR,1,c9e3f5qps3,WM WF Boys Shirt,2,0,Nos
,,,,,,c9ep5818vh,WM WF Full Pants,2,0,Nos
,,,,,,c9em3rmlk9,WM WF Regular Socks,2,0,Nos
,,,,,,c9e6irhhqm,WM WF Sports T-Shirt,1,0,Nos
,,,,,,c9eqm904s3,WM WF Sports Pant,1,0,Nos
,,,,,,c9e0o23qnr,WM WF Sports Socks,1,0,Nos
,,,,,,c9eo335n76,WM WF Belt,1,0,Nos
,,,,,,c9elqf73o1,WM WF HOODIE,1,0,Nos
,,,,,,c9eohnnepb,WM WF Caps,1,0,Nos
,,,,,,c9eqs4d3tj,WM WF Sec Bag,1,0,Nos
,,,,,,c9enssj2td,WM WF Shoes,1,0,Nos
,,,,,,8b5gnpvq5u,WM WF Grade 8 Bookkit,1,0,Nos
BOM-WM WF Magic box Boys Grade 7-001,WM WF Magic box Boys Grade 7,Inventre Edu Services Pvt Ltd,1,INR,1,1cucjsa7ln,WM WF Boys Shirt,2,0,Nos
,,,,,,1cukno8vj6,WM WF Full Pants,2,0,Nos
,,,,,,1cubjp19nl,WM WF Regular Socks,2,0,Nos
,,,,,,1cumqhpki3,WM WF Sports T-Shirt,1,0,Nos
,,,,,,1cu0cmip30,WM WF Sports Pant,1,0,Nos
,,,,,,1cukiuj6g0,WM WF Sports Socks,1,0,Nos
,,,,,,1cul4q5o7l,WM WF HOODIE,1,0,Nos
,,,,,,1cuhl2vi3q,WM WF Belt,1,0,Nos
,,,,,,1cu4m94cqs,WM WF Caps,1,0,Nos
,,,,,,1cui1idk3l,WM WF Sec Bag,1,0,Nos
,,,,,,1cukl1hu3s,WM WF Shoes,1,0,Nos
,,,,,,7t6kg3q106,WM WF Grade 7 Bookkit,1,0,Nos
BOM-WM WF Magic box Boys Grade 6-001,WM WF Magic box Boys Grade 6,Inventre Edu Services Pvt Ltd,1,INR,1,uhcuu1arbr,WM WF Boys Shirt,2,0,Nos
,,,,,,uhcp1notdt,WM WF Full Pants,2,0,Nos
,,,,,,uhcik0d75e,WM WF Regular Socks,2,0,Nos
,,,,,,uhcgcbmj6a,WM WF Sports T-Shirt,1,0,Nos
,,,,,,uhckabqbqo,WM WF Sports Pant,1,0,Nos
,,,,,,uhcgdoj23i,WM WF Sports Socks,1,0,Nos
,,,,,,uhcs47rcba,WM WF Belt,1,0,Nos
,,,,,,uhcic3rg16,WM WF HOODIE,1,0,Nos
,,,,,,uhcaeas9ab,WM WF Caps,1,0,Nos
,,,,,,uhcopjae6u,WM WF Sec Bag,1,0,Nos
,,,,,,uhcpsogpl8,WM WF Shoes,1,0,Nos
,,,,,,787dspb4b5,WM WF Grade 6 Bookkit,1,0,Nos
BOM-WM WF Magic box Girls Grade 5-001,WM WF Magic box Girls Grade 5,Inventre Edu Services Pvt Ltd,1,INR,1,rqu79oosq8,WM WF Girls Shirt,2,0,Nos
,,,,,,rqugefrepn,WM WF SKORT,2,0,Nos
,,,,,,rqu630r8ek,WM WF Regular Socks,2,0,Nos
,,,,,,rqu00vml4j,WM WF Sports RNT,1,0,Nos
,,,,,,rqu66juioo,WM WF Sports Shorts,1,0,Nos
,,,,,,rqur2egsub,WM WF Sports Socks,1,0,Nos
,,,,,,rqu1j7pe1a,WM WF HOODIE,1,0,Nos
,,,,,,rqubkkpckf,WM WF Caps,1,0,Nos
,,,,,,rqurq842va,WM WF Pri Bag,1,0,Nos
,,,,,,rqunvi0v7e,WM WF Shoes,1,0,Nos
,,,,,,6ip5t6k5a0,WM WF Grade 5 Bookkit,1,0,Nos
BOM-WM WF Magic box Girls Grade 4-001,WM WF Magic box Girls Grade 4,Inventre Edu Services Pvt Ltd,1,INR,1,plirho0ts5,WM WF Girls Shirt,2,0,Nos
,,,,,,plisb29jtu,WM WF SKORT,2,0,Nos
,,,,,,plideva94u,WM WF Regular Socks,2,0,Nos
,,,,,,pliar92hv8,WM WF Sports RNT,1,0,Nos
,,,,,,plis9g9rkg,WM WF Sports Shorts,1,0,Nos
,,,,,,pli53e7uer,WM WF Sports Socks,1,0,Nos
,,,,,,pli6dmsfk5,WM WF HOODIE,1,0,Nos
,,,,,,pli2g4vh2d,WM WF Caps,1,0,Nos
,,,,,,plisc3jk4j,WM WF Pri Bag,1,0,Nos
,,,,,,plit2n1rpo,WM WF Shoes,1,0,Nos
,,,,,,61imoqejpp,WM WF Grade 4 Bookkit,1,0,Nos
BOM-WM WF Magic box Girls Grade 3-001,WM WF Magic box Girls Grade 3,Inventre Edu Services Pvt Ltd,1,INR,1,ce4l202b25,WM WF Girls Shirt,2,0,Nos
,,,,,,ce4vf3ij6a,WM WF SKORT,2,0,Nos
,,,,,,ce4llof7im,WM WF Regular Socks,2,0,Nos
,,,,,,ce448io1ht,WM WF Sports RNT,1,0,Nos
,,,,,,ce4rhb95m7,WM WF Sports Shorts,1,0,Nos
,,,,,,ce44e8j1kf,WM WF Sports Socks,1,0,Nos
,,,,,,ce4s9628j4,WM WF HOODIE,1,0,Nos
,,,,,,ce41fdi4ok,WM WF Caps,1,0,Nos
,,,,,,ce4t7udcg6,WM WF Pri Bag,1,0,Nos
,,,,,,ce4kb3odsu,WM WF Shoes,1,0,Nos
,,,,,,5nfs3pvhm8,WM WF Grade 3 Bookkit,1,0,Nos
BOM-WM WF Magic box Girls Grade 2-001,WM WF Magic box Girls Grade 2,Inventre Edu Services Pvt Ltd,1,INR,1,6m4dptvan8,WM WF Girls Shirt,2,0,Nos
,,,,,,6m46qrnk5r,WM WF SKORT,2,0,Nos
,,,,,,6m4mnuvtqi,WM WF Regular Socks,2,0,Nos
,,,,,,6m47ufts6q,WM WF Sports RNT,1,0,Nos
,,,,,,6m4kbdc8nd,WM WF Sports Shorts,1,0,Nos
,,,,,,6m4fb3pks8,WM WF Sports Socks,1,0,Nos
,,,,,,6m4dhdor5j,WM WF HOODIE,1,0,Nos
,,,,,,6m4a136r1v,WM WF Caps,1,0,Nos
,,,,,,6m4fjbl8t2,WM WF Pri Bag,1,0,Nos
,,,,,,6m4gtguc86,WM WF Shoes,1,0,Nos
,,,,,,56nbg1c16f,WM WF Grade 2 Bookkit,1,0,Nos
BOM-WM WF Magic box Boys Grade 5-001,WM WF Magic box Boys Grade 5,Inventre Edu Services Pvt Ltd,1,INR,1,2qdggh004e,WM WF Boys Shirt,2,0,Nos
,,,,,,2qdm0u9ti9,WM WF HALF PANTS,2,0,Nos
,,,,,,2qd6dgajtn,WM WF Regular Socks,2,0,Nos
,,,,,,2qdto80sqa,WM WF Sports RNT,1,0,Nos
,,,,,,2qdbdu2l0g,WM WF Sports Shorts,1,0,Nos
,,,,,,2qdj49po43,WM WF Sports Socks,1,0,Nos
,,,,,,2qd64tfaj5,WM WF Belt,1,0,Nos
,,,,,,2qdps20gth,WM WF HOODIE,1,0,Nos
,,,,,,2qdbhf7ha6,WM WF Caps,1,0,Nos
,,,,,,2qduvn7btd,WM WF Pri Bag,1,0,Nos
,,,,,,2qd8o0gcvk,WM WF Shoes,1,0,Nos
,,,,,,6eg6l2dnsj,WM WF Grade 5 Bookkit,1,0,Nos
BOM-WM WF Magic box Boys Grade 4-001,WM WF Magic box Boys Grade 4,Inventre Edu Services Pvt Ltd,1,INR,1,sgijtdtl28,WM WF Boys Shirt,2,0,Nos
,,,,,,sgi0vanb3f,WM WF HALF PANTS,2,0,Nos
,,,,,,sgi1hvo8pi,WM WF Regular Socks,2,0,Nos
,,,,,,sgiuk91gnh,WM WF Sports RNT,1,0,Nos
,,,,,,sgisuan86j,WM WF Sports Shorts,1,0,Nos
,,,,,,sgitq9flol,WM WF Sports Socks,1,0,Nos
,,,,,,sgi51iek99,WM WF HOODIE,1,0,Nos
,,,,,,sgirhtrtad,WM WF Belt,1,0,Nos
,,,,,,sgi4e4hnfn,WM WF Caps,1,0,Nos
,,,,,,sgi8das5fd,WM WF Pri Bag,1,0,Nos
,,,,,,sgiq3qroi4,WM WF Shoes,1,0,Nos
,,,,,,65v3jngi28,WM WF Grade 4 Bookkit,1,0,Nos
BOM-WM WF Magic box Boys Grade 3-001,WM WF Magic box Boys Grade 3,Inventre Edu Services Pvt Ltd,1,INR,1,pvli1qls9d,WM WF Boys Shirt,2,0,Nos
,,,,,,pvl3hcif4r,WM WF HALF PANTS,2,0,Nos
,,,,,,pvldsv2gor,WM WF Regular Socks,2,0,Nos
,,,,,,pvl59dv7or,WM WF Sports RNT,1,0,Nos
,,,,,,pvlqgf0o6l,WM WF Sports Shorts,1,0,Nos
,,,,,,pvlea47gd0,WM WF Sports Socks,1,0,Nos
,,,,,,pvl25ts2j7,WM WF HOODIE,1,0,Nos
,,,,,,pvlnbqkv5o,WM WF Belt,1,0,Nos
,,,,,,pvlqe4r7h8,WM WF Caps,1,0,Nos
,,,,,,pvl9mhpnmn,WM WF Pri Bag,1,0,Nos
,,,,,,pvl7e7cs06,WM WF Shoes,1,0,Nos
,,,,,,5in9cn07t6,WM WF Grade 3 Bookkit,1,0,Nos
BOM-WM WF Magic box Boys Grade 2-001,WM WF Magic box Boys Grade 2,Inventre Edu Services Pvt Ltd,1,INR,1,kgorq83t0s,WM WF Boys Shirt,2,0,Nos
,,,,,,kgoojs6s1c,WM WF HALF PANTS,2,0,Nos
,,,,,,kgopuq8tf0,WM WF Regular Socks,2,0,Nos
,,,,,,kgoebg4irq,WM WF Sports RNT,1,0,Nos
,,,,,,kgolth7sft,WM WF Sports Shorts,1,0,Nos
,,,,,,kgoche2l6p,WM WF Sports Socks,1,0,Nos
,,,,,,kgol25irqr,WM WF Caps,1,0,Nos
,,,,,,kgogd1e9i2,WM WF HOODIE,1,0,Nos
,,,,,,kgo77836en,WM WF Pri Bag,1,0,Nos
,,,,,,kgonno5r8k,WM WF Belt,1,0,Nos
,,,,,,kgobakdv2m,WM WF Shoes,1,0,Nos
,,,,,,t230up5kjo,WM WF Grade 2 Bookkit,1,0,Nos
BOM-WM WF Magic box Girls UKG-001,WM WF Magic box Girls UKG,Inventre Edu Services Pvt Ltd,1,INR,1,k5oq54md6i,WM WF Yellow Polo,2,0,Nos
,,,,,,k5oa6c4gsv,WM WF PP Skirt,2,0,Nos
,,,,,,k5orv9tt5f,WM WF Sports RNT,1,0,Nos
,,,,,,k5o7lv823t,WM WF Sports Shorts,1,0,Nos
,,,,,,k5o22egmg6,WM WF PP Socks,2,0,Nos
,,,,,,k5onbr6c8a,WM WF Sports Socks,1,0,Nos
,,,,,,k5onbh8cru,WM WF HOODIE,1,0,Nos
,,,,,,k5o38h08os,WM WF Caps,1,0,Nos
,,,,,,k5o951d2l1,WM WF Tights,1,0,Nos
,,,,,,k5osmfjofi,WM WF PP BAG,1,0,Nos
,,,,,,k5on80s8v3,WM WF Shoes,1,0,Nos
,,,,,,9f29sg0rnv,WM WF Magic box Boys UKG,1,0,Nos
BOM-WM WF Magic box Girls LKG-001,WM WF Magic box Girls LKG,Inventre Edu Services Pvt Ltd,1,INR,1,hp7sb58sab,WM WF Yellow Polo,2,0,Nos
,,,,,,hp7hlu3ngr,WM WF PP Skirt,2,0,Nos
,,,,,,hp7alb1905,WM WF Sports RNT,1,0,Nos
,,,,,,hp780vl105,WM WF Sports Shorts,1,0,Nos
,,,,,,hp74m4m7vo,WM WF PP Socks,2,0,Nos
,,,,,,hp72uasni0,WM WF Sports Socks,1,0,Nos
,,,,,,hp7nkufj2o,WM WF Caps,1,0,Nos
,,,,,,hp7hsciig2,WM WF Tights,1,0,Nos
,,,,,,hp7ogbn8f4,WM WF HOODIE,1,0,Nos
,,,,,,hp7f1212e3,WM WF PP BAG,1,0,Nos
,,,,,,hp7eon03o0,WM WF Shoes,1,0,Nos
,,,,,,971e8ds0dl,WM WF Magic box Boys LKG,1,0,Nos
BOM-WM WF Magic box Girls Nursery-001,WM WF Magic box Girls Nursery,Inventre Edu Services Pvt Ltd,1,INR,1,g0fc0o3fg3,WM WF Yellow Polo,2,0,Nos
,,,,,,g0fqlj5c16,WM WF PP Skirt,2,0,Nos
,,,,,,g0fgjc5aku,WM WF Sports RNT,1,0,Nos
,,,,,,g0f34gipj0,WM WF Sports Shorts,1,0,Nos
,,,,,,g0fj7tj7id,WM WF PP Socks,2,0,Nos
,,,,,,g0ff0cunec,WM WF Sports Socks,1,0,Nos
,,,,,,g0f2vufg46,WM WF Tights,1,0,Nos
,,,,,,g0fre2kuni,WM WF Caps,1,0,Nos
,,,,,,g0fbgcffvh,WM WF HOODIE,1,0,Nos
,,,,,,g0fbimjjo6,WM WF PP BAG,1,0,Nos
,,,,,,g0fs492bm0,WM WF Shoes,1,0,Nos
,,,,,,8sat0jn07s,WM WF Grade Nursery Bookkit,1,0,Nos
BOM-WM WF Magic box Girls Grade 1-001,WM WF Magic box Girls Grade 1,Inventre Edu Services Pvt Ltd,1,INR,1,ea11t0l1jn,WM WF Girls Shirt,2,0,Nos
,,,,,,ea1p8kebru,WM WF SKORT,2,0,Nos
,,,,,,ea1bs3553p,WM WF Sports RNT,1,0,Nos
,,,,,,ea15h2eaaf,WM WF Sports Shorts,1,0,Nos
,,,,,,ea1u9buado,WM WF Regular Socks,2,0,Nos
,,,,,,ea16h1qnqa,WM WF Sports Socks,1,0,Nos
,,,,,,ea1sho5g3o,WM WF HOODIE,1,0,Nos
,,,,,,ea1v676kdo,WM WF Caps,1,0,Nos
,,,,,,ea15tdb5db,WM WF Pri Bag,1,0,Nos
,,,,,,ea11kucbn4,WM WF Shoes,1,0,Nos
,,,,,,sph8ujcs4v,WM WF Grade 1 Bookkit,1,0,Nos
BOM-WM WF Magic box Boys Grade 1-001,WM WF Magic box Boys Grade 1,Inventre Edu Services Pvt Ltd,1,INR,1,3v947is90i,WM WF Boys Shirt,2,0,Nos
,,,,,,3v9nrb1gf4,WM WF HALF PANTS,2,0,Nos
,,,,,,3v9h35tpbi,WM WF Sports RNT,1,0,Nos
,,,,,,3v99hbv6o5,WM WF Sports Shorts,1,0,Nos
,,,,,,3v94gtd9jr,WM WF Regular Socks,2,0,Nos
,,,,,,3v9ei7rduc,WM WF Sports Socks,1,0,Nos
,,,,,,3v9bpf5dbt,WM WF Caps,1,0,Nos
,,,,,,3v9qtriqiv,WM WF HOODIE,1,0,Nos
,,,,,,3v95178srs,WM WF Pri Bag,1,0,Nos
,,,,,,3v9jpuvk1g,WM WF Shoes,1,0,Nos
,,,,,,e18ds7a1i4,WM WF Belt,1,0,Nos
,,,,,,sibk66c75n,WM WF Grade 1 Bookkit,1,0,Nos
BOM-WM WF Magic box Boys UKG-001,WM WF Magic box Boys UKG,Inventre Edu Services Pvt Ltd,1,INR,1,pm4vu8uvlm,WM WF Yellow Polo,2,0,Nos
,,,,,,pm4urt6oi5,WM WF PP Shorts,2,0,Nos
,,,,,,pm452ufenp,WM WF Sports RNT,1,0,Nos
,,,,,,pm4ccc2i2d,WM WF Sports Shorts,1,0,Nos
,,,,,,pm4ngir9j7,WM WF PP Socks,2,0,Nos
,,,,,,pm4d6kl2l7,WM WF Sports Socks,1,0,Nos
,,,,,,pm446i42qs,WM WF Caps,1,0,Nos
,,,,,,pm4qvujlcj,WM WF HOODIE,1,0,Nos
,,,,,,pm4iq971m0,WM WF PP BAG,1,0,Nos
,,,,,,pm4a8reur3,WM WF Shoes,1,0,Nos
,,,,,,s5mvt2osmi,WM WF UKG Bookkit,1,0,Nos
BOM-WM WF Magic box Boys LKG-001,WM WF Magic box Boys LKG,Inventre Edu Services Pvt Ltd,1,INR,1,rungvvgea8,WM WF Yellow Polo,2,0,Nos
,,,,,,runecr8c5l,WM WF PP Shorts,2,0,Nos
,,,,,,runrf72b35,WM WF Sports RNT,1,0,Nos
,,,,,,runs197ogd,WM WF Sports Shorts,1,0,Nos
,,,,,,runga8c0ke,WM WF PP Socks,2,0,Nos
,,,,,,runu1g514j,WM WF Sports Socks,1,0,Nos
,,,,,,runt0cic38,WM WF Caps,1,0,Nos
,,,,,,runhlp76h3,WM WF HOODIE,1,0,Nos
,,,,,,runds06124,WM WF PP BAG,1,0,Nos
,,,,,,runoga30g0,WM WF Shoes,1,0,Nos
,,,,,,pf237i1l72,WM WF Grade LKG Bookkit,1,0,Nos
BOM-WM WF Magic box Boys Nursery-001,WM WF Magic box Boys Nursery,Inventre Edu Services Pvt Ltd,1,INR,1,ninequ5rm6,WM WF Yellow Polo,2,0,Nos
,,,,,,ninbd8chin,WM WF PP Shorts,2,0,Nos
,,,,,,ninot659f0,WM WF Sports RNT,1,0,Nos
,,,,,,nind2c8qgi,WM WF Sports Shorts,1,0,Nos
,,,,,,nin86n4oqa,WM WF PP Socks,2,0,Nos
,,,,,,ninjqes8el,WM WF Sports Socks,1,0,Nos
,,,,,,ninua58j2t,WM WF Caps,1,0,Nos
,,,,,,nini3ng6pl,WM WF HOODIE,1,0,Nos
,,,,,,nino8rl97q,WM WF PP BAG,1,0,Nos
,,,,,,ninh0189ql,WM WF Shoes,1,0,Nos
,,,,,,o2i14sjluf,WM WF Grade Nursery Bookkit,1,0,Nos
BOM-SMS Grade 11 BookkitMandateBiologyPhysicsChemistryMathematics-001,SMS Grade 11 BookkitMandateBiologyPhysicsChemistryMathematics,Inventre Edu Services Pvt Ltd,1,INR,1,e8kseb146r,SMS Grade 11 Mandate,1,0,Nos
,,,,,,e8ks8aik6o,SMS Grade 11 BPC,1,0,Nos
,,,,,,e8kq9f55iv,SMS Grade 11 Mathematics,1,0,Nos
BOM-SMS Grade 11 BookkitMandateBiologyPhysicsChemistryPsychology-001,SMS Grade 11 BookkitMandateBiologyPhysicsChemistryPsychology,Inventre Edu Services Pvt Ltd,1,INR,1,drtpq7p6uh,SMS Grade 11 Mandate,1,0,Nos
,,,,,,drt65fe78e,SMS Grade 11 BPC,1,0,Nos
,,,,,,drti5cqk35,SMS Grade 11 Psychology,1,0,Nos
BOM-SMS Grade 11 BookkitMandateBiologyPhysicsChemistryEntrepreneurship-001,SMS Grade 11 BookkitMandateBiologyPhysicsChemistryEntrepreneurship,Inventre Edu Services Pvt Ltd,1,INR,1,daf3qoj8un,SMS Grade 11 Mandate,1,0,Nos
,,,,,,dafu7qglfu,SMS Grade 11 BPC,1,0,Nos
,,,,,,daf1lua1ba,SMS Grade 11 Entrepreneurship,1,0,Nos
BOM-SMS Grade 11 BookkitMandateBiologyPhysicsChemistryPhysical Education-001,SMS Grade 11 BookkitMandateBiologyPhysicsChemistryPhysical Education,Inventre Edu Services Pvt Ltd,1,INR,1,csegkqfuiv,SMS Grade 11 Mandate,1,0,Nos
,,,,,,csen7fbkbk,SMS Grade 11 BPC,1,0,Nos
,,,,,,cse8i8sufi,SMS Grade 11 Physical Education,1,0,Nos
BOM-SMS Grade 11 BookkitMandateBiologyPhysicsChemistryComputer Science-001,SMS Grade 11 BookkitMandateBiologyPhysicsChemistryComputer Science,Inventre Edu Services Pvt Ltd,1,INR,1,cd2lv9b7nf,SMS Grade 11 Mandate,1,0,Nos
,,,,,,cd2utdhtko,SMS Grade 11 BPC,1,0,Nos
,,,,,,cd281as93n,SMS Grade 11 Computer Science,1,0,Nos
BOM-SMS Grade 11 BookkitMandateMathematicsPhysicsChemistryPsychology-001,SMS Grade 11 BookkitMandateMathematicsPhysicsChemistryPsychology,Inventre Edu Services Pvt Ltd,1,INR,1,bo5f0eo44o,SMS Grade 11 Mandate,1,0,Nos
,,,,,,bo5d90u273,SMS Grade 11 MPC,1,0,Nos
,,,,,,bo5micpfms,SMS Grade 11 Psychology,1,0,Nos
BOM-SMS Grade 11 BookkitMandateMathematicsPhysicsChemistryPhysical Education-001,SMS Grade 11 BookkitMandateMathematicsPhysicsChemistryPhysical Education,Inventre Edu Services Pvt Ltd,1,INR,1,aubictbgau,SMS Grade 11 Mandate,1,0,Nos
,,,,,,aube9ik43d,SMS Grade 11 MPC,1,0,Nos
,,,,,,aubbi3mgd7,SMS Grade 11 Physical Education,1,0,Nos
BOM-SMS Grade 11 BookkitMandateMathematicsPhysicsChemistryEntrepreneurship-001,SMS Grade 11 BookkitMandateMathematicsPhysicsChemistryEntrepreneurship,Inventre Edu Services Pvt Ltd,1,INR,1,a7bo0f3768,SMS Grade 11 Mandate,1,0,Nos
,,,,,,a7b1ee28b2,SMS Grade 11 MPC,1,0,Nos
,,,,,,a7b5h5j5t5,SMS Grade 11 Entrepreneurship,1,0,Nos
BOM-SMS Grade 11 BookkitMandateMathematicsPhysicsChemistryComputer Science-001,SMS Grade 11 BookkitMandateMathematicsPhysicsChemistryComputer Science,Inventre Edu Services Pvt Ltd,1,INR,1,7qt5tb9mnt,SMS Grade 11 Mandate,1,0,Nos
,,,,,,7qtikeqj9m,SMS Grade 11 MPC,1,0,Nos
,,,,,,7qt5859tr7,SMS Grade 11 Computer Science,1,0,Nos
BOM-SMS grade 11 Humanities & physical education-001,SMS grade 11 Humanities & physical education,Inventre Edu Services Pvt Ltd,1,INR,1,5urm8q0g5e,SMS Grade 11 Humanities,1,0,Nos
,,,,,,5ur32lqm17,SMS Grade 11 Physical Education,1,0,Nos
BOM-SMS Grade 11 Humanities & Entrepreneurship-001,SMS Grade 11 Humanities & Entrepreneurship,Inventre Edu Services Pvt Ltd,1,INR,1,4audegnmsr,SMS Grade 11 Humanities,1,0,Nos
,,,,,,4auibad0c5,SMS Grade 11 Entrepreneurship,1,0,Nos
BOM-SMS Grade 11 Humanities & Economics-001,SMS Grade 11 Humanities & Economics,Inventre Edu Services Pvt Ltd,1,INR,1,3ubmnc0c0o,SMS Grade 11 Humanities,1,0,Nos
,,,,,,3ubm4qdcd5,SMS Grade 11 Economics,1,0,Nos
BOM-SMS Grade 11 Physical Education-001,SMS Grade 11 Physical Education,Inventre Edu Services Pvt Ltd,1,INR,1,3cs2vdf22v,Text Book on Physical Education Grade 11,1,0,Nos
,,,,,,3csdd81nj4,Practical Workbook Of Physical Education CBSE Class 11,1,460,Nos
,,,,,,3cs0ekk0tv,Crown 200 pages Single ruled,2,38,Nos
,,,,,,3cs831fp34,50 A4 Sheets,1,28,Nos
BOM-SMS Grade 11 Entrepreneurship-001,SMS Grade 11 Entrepreneurship,Inventre Edu Services Pvt Ltd,1,INR,1,2cma5bl508,Entrepreneurship Grade 11,1,0,Nos
,,,,,,2cmqihepvt,Crown 200 pages Single ruled,2,38,Nos
,,,,,,2cmifg0h8l,50 A4 Sheets,1,28,Nos
BOM-SMS Grade 11 Psychology-001,SMS Grade 11 Psychology,Inventre Edu Services Pvt Ltd,1,INR,1,1sd09eh1ls,Psychology Grade 11 (Latest Version),1,0,Nos
,,,,,,1sd346bign,Crown 200 pages Single ruled,3,38,Nos
,,,,,,1sdgppefq9,SMS Psy 200 Pages OSR Single Ruled Practical Record Book,1,121,Nos
BOM-SMS Grade 11 Economics-001,SMS Grade 11 Economics,Inventre Edu Services Pvt Ltd,1,INR,1,1dk2l0hqcv,Micro Economics Grade 11 (Latest Version),1,0,Nos
,,,,,,1dk77l5k4b,Statistics Textbook Grade 11 (Latest Version),1,0,Nos
,,,,,,1dkl6ri5o8,Micro Economics & Statistics for Economics Grade 11,1,0,Nos
,,,,,,1dkpvrsl37,Crown 200 pages Single ruled,3,38,Nos
,,,,,,1dk656asan,Long 75 Pages Graph Book,1,21,Nos
,,,,,,1dkh647ek0,50 A4 Sheets,1,28,Nos
BOM-SMS Grade 11 Mathematics-001,SMS Grade 11 Mathematics,Inventre Edu Services Pvt Ltd,1,INR,1,0gnjjevp26,Mathematics Textbook Grade 11 (Latest Version),1,0,Nos
,,,,,,0gnoe7uot2,Mathematics NCERT Exemplar Lab Manual,1,187,Nos
,,,,,,0gnlf67n12,Crown 200 pages Single ruled,5,38,Nos
,,,,,,0gn05o7l79,SMS Math 200 Pages OSR Single Ruled Practical Record Book,1,121,Nos
,,,,,,0gn5cl21il,Long 75 Pages Graph Book,1,21,Nos
BOM-SMS Grade 11 Computer Science-001,SMS Grade 11 Computer Science,Inventre Edu Services Pvt Ltd,1,INR,1,vobqnvfqgm,Computer Science with Python Grade 11,1,0,Nos
,,,,,,vob1nqc3qe,Crown 200 pages Single ruled,2,38,Nos
,,,,,,vob8mdnb1a,SMS CS 200 Pages OSR Single Ruled Practical Record Book,1,121,Nos
BOM-SMS Grade 11 Humanities-001,SMS Grade 11 Humanities,Inventre Edu Services Pvt Ltd,1,INR,1,v57k7rjk8p,Introducing Sociology,1,0,Nos
,,,,,,v5779ek99d,Understanding Sociology,1,0,Nos
,,,,,,v57the62cs,Psychology Grade 11 (Latest Version),1,0,Nos
,,,,,,v5799qcaqj,Crown 200 pages Single ruled,5,38,Nos
,,,,,,v57kq6raro,50 A4 Sheets,1,28,Nos
,,,,,,v57jqook63,SMS Psy 200 Pages OSR Single Ruled Practical Record Book,1,121,Nos
BOM-SMS Grade 11 Commerce-001,SMS Grade 11 Commerce,Inventre Edu Services Pvt Ltd,1,INR,1,slv92q7ps1,Business Studies Grade 11 (Latest Version),1,0,Nos
,,,,,,slv5mts1op,Financial Accounting Part 1 & 2,1,0,Nos
,,,,,,slvouq6pq2,Micro Economics Grade 11 (Latest Version),1,0,Nos
,,,,,,slvqurcqoa,Statistics Textbook Grade 11 (Latest Version),1,0,Nos
,,,,,,slvt02co41,Micro Economics & Statistics for Economics Grade 11,1,0,Nos
,,,,,,slv8tiincg,Crown 200 pages Single ruled,5,38,Nos
,,,,,,slv42q1bd3,Long 200 pages Single ruled Book,3,39.8,Nos
,,,,,,slvirnl7np,Long 75 Pages Graph Book,1,21,Nos
,,,,,,slv151b839,50 A4 Sheets,3,28,Nos
BOM-SMS Grade 11 BPC-001,SMS Grade 11 BPC,Inventre Edu Services Pvt Ltd,1,INR,1,r7fpo8m9l5,Biology Textbook for Grade 11 (Latest Version),1,0,Nos
,,,,,,r7f0b9qfq9,Comprehensive Lab Manual -Biology Class 11,1,0,Nos
,,,,,,r7ff023qf2,Chemistry Textbook for Grade 11 Part 1 (Latest Version),1,0,Nos
,,,,,,r7fbkkdsus,Chemistry Textbook for Grade 11 Part 2 (Latest Version),1,0,Nos
,,,,,,r7fr52pvdt,Comprehensive Lab Manual - Chemistry,1,0,Nos
,,,,,,r7fmnbo3ip,Physics Textbook for Grade 11 Part 1 (Latest Version),1,0,Nos
,,,,,,r7f16e4kcm,Physics Textbook for Grade 11 Part 2 (Latest Version),1,0,Nos
,,,,,,r7fktgviii,Practical Skills in Physics 11,1,496,Nos
,,,,,,r7futgdie8,Crown 200 pages Single ruled,5,38,Nos
,,,,,,r7fn7cjgah,Long 200 pages Single ruled Book,2,39.8,Nos
,,,,,,r7f60nhkd6,Crown 100 pages OSR Single Leaved,2,19.63943141,Nos
,,,,,,r7fu5o9gh4,Crown 100 pages Plain Book,1,20,Nos
,,,,,,r7fphid8qh,SMS Bio 300 Pages Filed Type OSR Record Book (150 loose sheets),1,219,Nos
,,,,,,r7f3mms8n5,SMS Phy 200 Pages OSR Single Ruled Practical Record Book,1,121,Nos
,,,,,,r7f69p499m,SMS Chem 200 Pages OSR Single Ruled Practical Record Book,1,121,Nos
BOM-SMS Grade 11 MPC-001,SMS Grade 11 MPC,Inventre Edu Services Pvt Ltd,1,INR,1,ph6a7qkc8s,Mathematics Textbook Grade 11 (Latest Version),1,0,Nos
,,,,,,ph6rih7jmc,Mathematics NCERT Exemplar Lab Manual,1,187,Nos
,,,,,,ph6rcl8hvl,Chemistry Textbook for Grade 11 Part 1 (Latest Version),1,0,Nos
,,,,,,ph6slv5dv5,Chemistry Textbook for Grade 11 Part 2 (Latest Version),1,0,Nos
,,,,,,ph6g5705ou,Comprehensive Lab Manual - Chemistry,1,0,Nos
,,,,,,ph61fgnti6,Physics Textbook for Grade 11 Part 1 (Latest Version),1,0,Nos
,,,,,,ph6kacc79v,Physics Textbook for Grade 11 Part 2 (Latest Version),1,0,Nos
,,,,,,ph676detjv,Practical Skills in Physics 11,1,496,Nos
,,,,,,ph6u94idmc,Crown 200 pages Single ruled,8,38,Nos
,,,,,,ph6bufv237,Long 200 pages Single ruled Book,2,39.8,Nos
,,,,,,ph6iqcpnmd,Crown 100 pages OSR Single Leaved,2,19.63943141,Nos
,,,,,,ph6cq5q5ta,Long 75 Pages Graph Book,1,21,Nos
,,,,,,ph6ee9dl3g,SMS Phy 200 Pages OSR Single Ruled Practical Record Book,1,121,Nos
,,,,,,ph63227lpg,SMS Chem 200 Pages OSR Single Ruled Practical Record Book,1,121,Nos
,,,,,,ph61adc71b,SMS Bio 300 Pages Filed Type OSR Record Book (150 loose sheets),1,219,Nos
BOM-SMS Grade 11 Mandate-001,SMS Grade 11 Mandate,Inventre Edu Services Pvt Ltd,1,INR,1,n974qf9or3,Hornbill (Latest version),1,0,Nos
,,,,,,n97s2045k4,Supplementary - Snapshots (Latest Version),1,0,Nos
,,,,,,n97gm51qib,Crown 200 pages Single ruled,2,38,Nos
,,,,,,n97eap7mia,Crown 100 pages Plain Book,1,20,Nos
,,,,,,n973ge9ih1,File Folder,10,4.433896261,Nos
,,,,,,n97k3ko719,Transparent Roll,2,33.75785017,Nos
,,,,,,n97hrpsq29,SMS Flat File,1,13.14,Nos
,,,,,,n97ur0ug54,SMS Almanac,1,75,Nos
,,,,,,n97fgnh6o2,SMS Mini Almanac,1,0,Nos
,,,,,,n974kntr97,Worksheet,1,300,Nos
,,,,,,n97kbskn6f,SMS ID Card,1,78,Nos
,,,,,,n97mi6fjap,Packaging & Transportation,1,300,Nos
BOM-WM WF Grade 10 BookkitKannada-001,WM WF Grade 10 BookkitKannada,Inventre Edu Services Pvt Ltd,1,INR,1,rr2mvcpfdo,WNWFBundle 13 Textbook,1,1384.33,Nos
,,,,,,rr2dqgjejt,WNWFBundle 13 Kan-Hin,1,72,Nos
,,,,,,rr281sk9rg,WNWFBundle 13 Notebook,1,821,Nos
,,,,,,rr2e9s2hng,WNWFBundle 13 Stationery,1,312.32,Nos
,,,,,,rr2o2q0sbj,WNWFBundle 13 Program,1,566.4,Nos
,,,,,,rr2gm4mg4k,WNWFBundle 13 Other,1,1486.5,Nos
,,,,,,rr2ci1rf16,WNWF Bundle 13 Part 2,1,820.95,Nos
,,,,,,rr27psptje,WNWF Bundle 13 Part 3,1,999,Nos
BOM-WM WF Grade 10 BookkitHindi-001,WM WF Grade 10 BookkitHindi,Inventre Edu Services Pvt Ltd,1,INR,1,qooop7l101,WNWFBundle 13 Textbook,1,1384.33,Nos
,,,,,,qoof66rtid,WNWFBundle 13 Hin-Kan,1,398.3,Nos
,,,,,,qoo1d79kf5,WNWFBundle 13 Notebook,1,821,Nos
,,,,,,qoojnn5rqm,WNWFBundle 13 Stationery,1,312.32,Nos
,,,,,,qookrpnbpt,WNWFBundle 13 Program,1,566.4,Nos
,,,,,,qoo1vqqnb5,WNWFBundle 13 Other,1,1486.5,Nos
,,,,,,qoocrqj2k5,WNWF Bundle 13 Part 2,1,820.95,Nos
,,,,,,qookhe7gi2,WNWF Bundle 13 Part 3,1,999,Nos
BOM-WM JK Grade 10 BookkitFrench-001,WM JK Grade 10 BookkitFrench,Inventre Edu Services Pvt Ltd,1,INR,1,p61r3jrq09,WNJKBundle 13 Textbook,1,1384.33,Nos
,,,,,,p615cl7f59,WNJKBundle 3 Fre-Kan,1,60,Nos
,,,,,,p61pjvoq52,WM JK Bundle 13 Fre-Kan Part 2,1,0,Nos
,,,,,,p61mpil5oc,WNJKBundle 13 Notebook,1,821,Nos
,,,,,,p619lc9dre,WNJKBundle 13 Stationery,1,262.32,Nos
,,,,,,p610hq0nj7,WNJKBundle 13 Program,1,566.4,Nos
,,,,,,p61i65l4h7,WNJKBundle 13 Other,1,1486.5,Nos
,,,,,,p61ehojoqm,WNJK Bundle 13 Part 2,1,1058.25,Nos
,,,,,,p617eqhmrr,WMJK Bundle 13 Part 3,1,999,Nos
BOM-WM JK Grade 10 BookkitKannada-001,WM JK Grade 10 BookkitKannada,Inventre Edu Services Pvt Ltd,1,INR,1,mmrg7p5trm,WNJKBundle 13 Textbook,1,1384.33,Nos
,,,,,,mmrkhm32hl,WNJKBundle 13 Notebook,1,821,Nos
,,,,,,mmr8edpiso,WNJKBundle 13 Kan-Hin,1,72,Nos
,,,,,,mmrco80frv,WNJKBundle 13 Stationery,1,262.32,Nos
,,,,,,mmr0finqg2,WNJKBundle 13 Program,1,566.4,Nos
,,,,,,mmr7561peq,WNJKBundle 13 Other,1,1486.5,Nos
,,,,,,mmrnvu51d8,WNJK Bundle 13 Part 2,1,1058.25,Nos
,,,,,,mmr1t5pn8s,WMJK Bundle 13 Part 3,1,999,Nos
BOM-WM JK Grade 10 BookkitHindi-001,WM JK Grade 10 BookkitHindi,Inventre Edu Services Pvt Ltd,1,INR,1,kjt94oh5kv,WNJKBundle 13 Textbook,1,1384.33,Nos
,,,,,,kjttvh3brt,WNJKBundle 13 Hin-Kan,1,398.3,Nos
,,,,,,kjt85ab6ub,WNJKBundle 13 Notebook,1,821,Nos
,,,,,,kjtl8e75ng,WNJKBundle 13 Stationery,1,262.32,Nos
,,,,,,kjt0vleecm,WNJKBundle 13 Program,1,566.4,Nos
,,,,,,kjtllt6bt7,WNJKBundle 13 Other,1,1486.5,Nos
,,,,,,kjt0hb2rv0,WNJK Bundle 13 Part 2,1,1058.25,Nos
,,,,,,kjtsug4r93,WMJK Bundle 13 Part 3,1,999,Nos
BOM-CAS NIBM CBSE Grade 5 Bookkit Hindi-001,CAS NIBM CBSE Grade 5 Bookkit Hindi,Inventre Edu Services Pvt Ltd,1,INR,1,6hmbiu4106,Grade 5 Mandate Textbook,1,1679.54,Nos
,,,,,,6hmke05ar4,CAS CBSE Grade 5 Textbook,1,0,Nos
,,,,,,6hm0848p6d,CAS CBSE Grade 5 Hindi,1,0,Nos
,,,,,,6hmi3jag1q,CAS CBSE Grade 5 Notebook,1,0,Nos
,,,,,,6hm81lqu06,CAS CBSE Grade 5 Stationery,1,0,Nos
,,,,,,6hm028ip1s,CAS NIBM CBSE Other,1,0,Nos
BOM-SAS Suchitra Grade 11 BookkitMandateHumanitiesData Science-001,SAS Suchitra Grade 11 BookkitMandateHumanitiesData Science,Inventre Edu Services Pvt Ltd,1,INR,1,t0ep3nudha,SAS Suchitra Grade 11 Mandate,1,0,Nos
,,,,,,t0e9rh3ru8,SAS Grade 11 Humanities,1,0,Nos
,,,,,,t0enm4ruoo,SAS Grade 11 Data Science,1,0,Nos
BOM-SAS Keesara Grade 11 BookkitMandateCommerceApplied Mathematics-001,SAS Keesara Grade 11 BookkitMandateCommerceApplied Mathematics,Inventre Edu Services Pvt Ltd,1,INR,1,moeh2m4u2u,SAS Keesara Grade 11 Mandate,1,0,Nos
,,,,,,moeuqhtnv0,SAS Grade 11 Commerce,1,0,Nos
,,,,,,moeqgu8s1h,SAS Grade 11 Applied Mathematics,1,0,Nos
BOM-SAS Keesara Grade 11 BookkitMandateCommerceEntrepreneurship-001,SAS Keesara Grade 11 BookkitMandateCommerceEntrepreneurship,Inventre Edu Services Pvt Ltd,1,INR,1,lttdkv9o1b,SAS Keesara Grade 11 Mandate,1,0,Nos
,,,,,,ltt9vtqo2j,SAS Grade 11 Commerce,1,0,Nos
,,,,,,ltt0gggojl,SAS Grade 11 Entrepreneurship,1,0,Nos
BOM-SAS Keesara Grade 11 BookkitMandateCommercePsychology-001,SAS Keesara Grade 11 BookkitMandateCommercePsychology,Inventre Edu Services Pvt Ltd,1,INR,1,ktmhoouud6,SAS Keesara Grade 11 Mandate,1,0,Nos
,,,,,,ktmjcka2do,SAS Grade 11 Commerce,1,0,Nos
,,,,,,ktmlgpi7h5,SAS Keesara Grade 11 Psychology,1,0,Nos
BOM-SAS Keesara Grade 11 BookkitMandateCommercePhysical Education-001,SAS Keesara Grade 11 BookkitMandateCommercePhysical Education,Inventre Edu Services Pvt Ltd,1,INR,1,jocc15rk6p,SAS Keesara Grade 11 Mandate,1,0,Nos
,,,,,,jocfqicfkt,SAS Grade 11 Commerce,1,0,Nos
,,,,,,jochcqjme2,SAS Grade 11 Physical Education,1,0,Nos
BOM-SAS Keesara Grade 11 BookkitMandateCommerceComputer Science-001,SAS Keesara Grade 11 BookkitMandateCommerceComputer Science,Inventre Edu Services Pvt Ltd,1,INR,1,j57ibdr9iv,SAS Keesara Grade 11 Mandate,1,0,Nos
,,,,,,j57c8887ja,SAS Grade 11 Commerce,1,0,Nos
,,,,,,j573mi4rue,SAS Keesara Grade 11 Computer Science,1,0,Nos
BOM-SAS Keesara Grade 11 BookkitMandateCommerceInformatics Practices-001,SAS Keesara Grade 11 BookkitMandateCommerceInformatics Practices,Inventre Edu Services Pvt Ltd,1,INR,1,illmi9tkfm,SAS Keesara Grade 11 Mandate,1,0,Nos
,,,,,,illp36sv8o,SAS Grade 11 Commerce,1,0,Nos
,,,,,,illj312vdq,SAS Keesara Grade 11 Informatics Practices,1,0,Nos
BOM-SAS Keesara Grade 11 BookkitMandateBiologyPhysicsChemistryBioTechnology-001,SAS Keesara Grade 11 BookkitMandateBiologyPhysicsChemistryBioTechnology,Inventre Edu Services Pvt Ltd,1,INR,1,hhf1mcjsoj,SAS Keesara Grade 11 Mandate,1,0,Nos
,,,,,,hhf0alcdc7,SAS Keesara Grade 11 BPC,1,0,Nos
,,,,,,hhfh30kjf3,SAS Grade 11 BioTechnology,1,0,Nos
BOM-SAS Keesara Grade 11 BookkitMandateBiologyPhysicsChemistryEntrepreneurship-001,SAS Keesara Grade 11 BookkitMandateBiologyPhysicsChemistryEntrepreneurship,Inventre Edu Services Pvt Ltd,1,INR,1,ggo2mm557g,SAS Keesara Grade 11 Mandate,1,0,Nos
,,,,,,ggolv0jcsj,SAS Keesara Grade 11 BPC,1,0,Nos
,,,,,,ggob3g2jqr,SAS Grade 11 Entrepreneurship,1,0,Nos
BOM-SAS Keesara Grade 11 BookkitMandateBiologyPhysicsChemistryPsychology-001,SAS Keesara Grade 11 BookkitMandateBiologyPhysicsChemistryPsychology,Inventre Edu Services Pvt Ltd,1,INR,1,fobf9bvo2u,SAS Keesara Grade 11 Mandate,1,0,Nos
,,,,,,fobant2urf,SAS Keesara Grade 11 BPC,1,0,Nos
,,,,,,fob741c5jg,SAS Grade 11 Psychology,1,0,Nos
BOM-SAS Keesara Grade 11 BookkitMandateBiologyPhysicsChemistryPhysical Education-001,SAS Keesara Grade 11 BookkitMandateBiologyPhysicsChemistryPhysical Education,Inventre Edu Services Pvt Ltd,1,INR,1,es0nc9mff3,SAS Keesara Grade 11 Mandate,1,0,Nos
,,,,,,es0pbs3l86,SAS Keesara Grade 11 BPC,1,0,Nos
,,,,,,es075i1ouo,SAS Grade 11 Physical Education,1,0,Nos
BOM-SAS Keesara Grade 11 BookkitMandateBiologyPhysicsChemistryComputer Science-001,SAS Keesara Grade 11 BookkitMandateBiologyPhysicsChemistryComputer Science,Inventre Edu Services Pvt Ltd,1,INR,1,e6369vjt84,SAS Keesara Grade 11 Mandate,1,0,Nos
,,,,,,e632g3rioi,SAS Keesara Grade 11 BPC,1,0,Nos
,,,,,,e6396s6c88,SAS Keesara Grade 11 Computer Science,1,0,Nos
BOM-SAS Keesara Grade 11 BookkitMandateBiologyPhysicsChemistryInformatics Practices-001,SAS Keesara Grade 11 BookkitMandateBiologyPhysicsChemistryInformatics Practices,Inventre Edu Services Pvt Ltd,1,INR,1,dio0snf31m,SAS Keesara Grade 11 Mandate,1,0,Nos
,,,,,,diorns2i7m,SAS Keesara Grade 11 BPC,1,0,Nos
,,,,,,dionaj4jes,SAS Grade 11 Informatics Practices,1,0,Nos
BOM-SAS Keesara Grade 11 BookkitMandateMathematicsPhysicsChemistryEconomics-001,SAS Keesara Grade 11 BookkitMandateMathematicsPhysicsChemistryEconomics,Inventre Edu Services Pvt Ltd,1,INR,1,cqt0ap58tp,SAS Keesara Grade 11 Mandate,1,0,Nos
,,,,,,cqto55arvq,SAS Keesara Grade 11 MPC,1,0,Nos
,,,,,,cqtrpl24t4,SAS Grade 11 Economics,1,0,Nos
BOM-SAS Keesara Grade 11 BookkitMandateMathematicsPhysicsChemistryApplied Mathematics-001,SAS Keesara Grade 11 BookkitMandateMathematicsPhysicsChemistryApplied Mathematics,Inventre Edu Services Pvt Ltd,1,INR,1,arjm3jto3g,SAS Keesara Grade 11 Mandate,1,0,Nos
,,,,,,arj1dm5hqj,SAS Keesara Grade 11 MPC,1,0,Nos
,,,,,,arjts2nmbm,SAS Grade 11 Applied Mathematics,1,0,Nos
BOM-SAS Keesara Grade 11 BookkitMandateMathematicsPhysicsChemistryBioTechnology-001,SAS Keesara Grade 11 BookkitMandateMathematicsPhysicsChemistryBioTechnology,Inventre Edu Services Pvt Ltd,1,INR,1,9r3csb4mhf,SAS Keesara Grade 11 Mandate,1,0,Nos
,,,,,,9r3luegj3q,SAS Keesara Grade 11 MPC,1,0,Nos
,,,,,,9r3f0lcspd,SAS Grade 11 BioTechnology,1,0,Nos
BOM-SAS Keesara Grade 11 BookkitMandateMathematicsPhysicsChemistryEntrepreneurship-001,SAS Keesara Grade 11 BookkitMandateMathematicsPhysicsChemistryEntrepreneurship,Inventre Edu Services Pvt Ltd,1,INR,1,71p3r6r88v,SAS Keesara Grade 11 Mandate,1,0,Nos
,,,,,,71pu8pa0cu,SAS Keesara Grade 11 MPC,1,0,Nos
,,,,,,71p3tmdst6,SAS Grade 11 Entrepreneurship,1,0,Nos
BOM-SAS Keesara Grade 11 BookkitMandateMathematicsPhysicsChemistryPsychology-002,SAS Keesara Grade 11 BookkitMandateMathematicsPhysicsChemistryPsychology,Inventre Edu Services Pvt Ltd,1,INR,1,4kbnv0omud,SAS Keesara Grade 11 Mandate,1,0,Nos
,,,,,,4kb9a3frh0,SAS Keesara Grade 11 MPC,1,0,Nos
,,,,,,4kb3udhfm2,SAS Keesara Grade 11 Psychology,1,0,Nos
BOM-SAS Keesara Grade 11 BookkitMandateMathematicsPhysicsChemistryPsychology-001,SAS Keesara Grade 11 BookkitMandateMathematicsPhysicsChemistryPsychology,Inventre Edu Services Pvt Ltd,1,INR,1,3pnu0j58aa,SAS Keesara Grade 11 Mandate,1,0,Nos
,,,,,,3pni1o2hu8,SAS Keesara Grade 11 MPC,1,0,Nos
,,,,,,3pngi0t8k5,SAS Keesara Grade 11 Psychology,1,0,Nos
BOM-SAS Keesara Grade 11 BookkitMandateMathematicsPhysicsChemistryBiology-001,SAS Keesara Grade 11 BookkitMandateMathematicsPhysicsChemistryBiology,Inventre Edu Services Pvt Ltd,1,INR,1,hk5ktoljak,SAS Keesara Grade 11 Mandate,1,0,Nos
,,,,,,hk5jll9ei9,SAS Keesara Grade 11 MPC,1,0,Nos
,,,,,,hk59hu2n0c,SAS Keesara Grade 11 Biology,1,0,Nos
BOM-SAS Keesara Grade 11 BookkitMandateMathematicsPhysicsChemistryPhysical Education-001,SAS Keesara Grade 11 BookkitMandateMathematicsPhysicsChemistryPhysical Education,Inventre Edu Services Pvt Ltd,1,INR,1,gsgup081a1,SAS Keesara Grade 11 Mandate,1,0,Nos
,,,,,,gsgpb61dbb,SAS Keesara Grade 11 MPC,1,0,Nos
,,,,,,gsga4sc7ul,SAS Grade 11 Physical Education,1,0,Nos
BOM-SAS Keesara Grade 11 BookkitMandateMathematicsPhysicsChemistryComputer Science-001,SAS Keesara Grade 11 BookkitMandateMathematicsPhysicsChemistryComputer Science,Inventre Edu Services Pvt Ltd,1,INR,1,ga6nbibqpr,SAS Keesara Grade 11 Mandate,1,0,Nos
,,,,,,ga6v496mfq,SAS Keesara Grade 11 MPC,1,0,Nos
,,,,,,ga606bl3u1,SAS Keesara Grade 11 Computer Science,1,0,Nos
BOM-SAS Keesara Grade 11 BookkitMandateMathematicsPhysicsChemistryInformatics Practices-001,SAS Keesara Grade 11 BookkitMandateMathematicsPhysicsChemistryInformatics Practices,Inventre Edu Services Pvt Ltd,1,INR,1,fhn2eed11l,SAS Keesara Grade 11 Mandate,1,0,Nos
,,,,,,fhnjh2urcd,SAS Keesara Grade 11 MPC,1,0,Nos
,,,,,,fhnnsen9sn,SAS Keesara Grade 11 Informatics Practices,1,0,Nos
BOM-SAS Keesara Grade 11 Psychology-001,SAS Keesara Grade 11 Psychology,Inventre Edu Services Pvt Ltd,1,INR,1,duktnvifnj,Psychology Grade 11 (Latest Version),1,0,Nos
,,,,,,dukfmsjb7m,CM Crown 200 pages Single ruled,3,47.41,Nos
,,,,,,dukoeue8iu,SAS KS Psy 200 Pages OSR Single Ruled Practical Record Book,1,121,Nos
BOM-SAS Keesara Grade 11 Biology-001,SAS Keesara Grade 11 Biology,Inventre Edu Services Pvt Ltd,1,INR,1,d2aqe72ube,Biology Textbook for Grade 11 (Latest Version),1,0,Nos
,,,,,,d2aqcllh1d,Comprehensive Lab Manual -Biology Class 11,1,0,Nos
,,,,,,d2aibq0h0v,CM Crown 200 pages Single ruled,2,47.41,Nos
,,,,,,d2a62i0qra,CM Crown 100 pages Plain Book,1,22.5,Nos
,,,,,,d2aeubeqs1,SAS KS Bio 300 Pages Filed Type OSR Record Book (150 loose sheets),1,219,Nos
BOM-SAS Keesara Grade 11 Informatics Practices-001,SAS Keesara Grade 11 Informatics Practices,Inventre Edu Services Pvt Ltd,1,INR,1,c8dvf0g5k0,Informatics Practices with Python Grade 11,1,0,Nos
,,,,,,c8dg9ap094,CM Crown 200 pages Single ruled,2,47.41,Nos
,,,,,,c8d8vr9e42,SAS KS IP 200 Pages OSR Single Ruled Practical Record Book,1,121,Nos
BOM-SAS Keesara Grade 11 Computer Science-001,SAS Keesara Grade 11 Computer Science,Inventre Edu Services Pvt Ltd,1,INR,1,bq141h36un,Computer Science with Python Grade 11,1,0,Nos
,,,,,,bq118hpv0m,CM Crown 200 pages Single ruled,2,47.41,Nos
,,,,,,bq1dhnj33s,SAS KS CS 200 Pages OSR Single Ruled Practical Record Book,1,121,Nos
BOM-SAS Keesara Grade 11 BPC-001,SAS Keesara Grade 11 BPC,Inventre Edu Services Pvt Ltd,1,INR,1,b34grhm7tj,Biology Textbook for Grade 11 (Latest Version),1,0,Nos
,,,,,,b3436eh1o2,Chemistry Textbook for Grade 11 Part 1 (Latest Version),1,0,Nos
,,,,,,b34abjlkd6,Chemistry Textbook for Grade 11 Part 2 (Latest Version),1,0,Nos
,,,,,,b34mvutbnm,Physics Textbook for Grade 11 Part 1 (Latest Version),1,0,Nos
,,,,,,b34u1tskd8,Physics Textbook for Grade 11 Part 2 (Latest Version),1,0,Nos
,,,,,,b34ghoqbkt,Comprehensive Lab Manual - Chemistry,1,0,Nos
,,,,,,b34l6c1729,Comprehensive Lab Manual -Biology Class 11,1,0,Nos
,,,,,,b34p5ev6ah,Practical Skills in Physics 11,1,496,Nos
,,,,,,b34pskibkk,CM Crown 200 pages Single ruled,5,47.41,Nos
,,,,,,b3494nkt56,Long 200 pages Single ruled Book,2,39.8,Nos
,,,,,,b348qp8v38,CM Crown 100 pages OSR Single Leaved,2,22.5,Nos
,,,,,,b342ouulpp,CM Crown 100 pages Plain Book,1,22.5,Nos
,,,,,,b34k83uem0,SAS KS Bio 300 Pages Filed Type OSR Record Book (150 loose sheets),1,219,Nos
,,,,,,b34mgbnd8g,SAS KS Phy 200 Pages OSR Single Ruled Practical Record Book,1,121,Nos
,,,,,,b34apd19o7,SAS KS Chem 200 Pages OSR Single Ruled Practical Record Book,1,0,Nos
BOM-SAS Keesara Grade 11 MPC-001,SAS Keesara Grade 11 MPC,Inventre Edu Services Pvt Ltd,1,INR,1,9fmcoike1j,Mathematics Textbook Grade 11 (Latest Version),1,0,Nos
,,,,,,9fm7v17glt,Mathematics NCERT Exemplar Lab Manual,1,187,Nos
,,,,,,9fmclujh68,Chemistry Textbook for Grade 11 Part 1 (Latest Version),1,0,Nos
,,,,,,9fm430tcdu,Chemistry Textbook for Grade 11 Part 2 (Latest Version),1,0,Nos
,,,,,,9fm2p7ba9j,Comprehensive Lab Manual - Chemistry,1,0,Nos
,,,,,,9fmfah4bi8,Physics Textbook for Grade 11 Part 1 (Latest Version),1,0,Nos
,,,,,,9fms1o0t1u,Physics Textbook for Grade 11 Part 2 (Latest Version),1,0,Nos
,,,,,,9fmpsf015c,Practical Skills in Physics 11,1,496,Nos
,,,,,,9fmp33k40h,CM Crown 200 pages Single ruled,8,47.41,Nos
,,,,,,9fma2vlcgg,Long 200 pages Single ruled Book,2,39.8,Nos
,,,,,,9fm02hulfd,CM Crown 100 pages OSR Single Leaved,2,22.5,Nos
,,,,,,9fm6eh8db2,Long 75 Pages Graph Book,1,21,Nos
,,,,,,9fmvm7if1d,SAS KS Math 200 Pages OSR Single Ruled Practical Record Book,1,121,Nos
,,,,,,9fm43qgssj,SAS KS Chem 200 Pages OSR Single Ruled Practical Record Book,1,0,Nos
,,,,,,9fm9hka0nf,SAS KS Phy 200 Pages OSR Single Ruled Practical Record Book,1,121,Nos
BOM-SAS Keesara Grade 11 Mandate-001,SAS Keesara Grade 11 Mandate,Inventre Edu Services Pvt Ltd,1,INR,1,7f4il8anbv,Hornbill (Latest version),1,0,Nos
,,,,,,7f467suso8,Supplementary - Snapshots (Latest Version),1,0,Nos
,,,,,,7f407opta2,CM Crown 200 pages Single ruled,2,47.41,Nos
,,,,,,7f441ernfp,CM Crown 100 pages Plain Book,1,22.5,Nos
,,,,,,87piffkfk7,SAS Flat File,1,13.14,Nos
,,,,,,7f4a5nam4n,File Folder,10,4.45,Nos
,,,,,,7f4e2liquv,Transparent Roll,2,33.9,Nos
,,,,,,7f4k5gf4nh,Worksheet,1,300,Nos
,,,,,,7f4t77alj9,SAS KS Almanac,1,75,Nos
,,,,,,7f4rnsp3ib,SAS KS Mini Almanac,1,0,Nos
,,,,,,7f4chevkhm,SAS KS ID Card,1,78,Nos
,,,,,,7f4a7fjedf,Packaging & Transportation,1,300,Nos
BOM-SAS Suchitra Grade 11 BookkitMandateHumanitiesEconomics-001,SAS Suchitra Grade 11 BookkitMandateHumanitiesEconomics,Inventre Edu Services Pvt Ltd,1,INR,1,4cte8ophu8,SAS Suchitra Grade 11 Mandate,1,0,Nos
,,,,,,4ctn41o6c0,SAS Grade 11 Humanities,1,0,Nos
,,,,,,4ct931rufc,SAS Grade 11 Economics,1,0,Nos
BOM-SAS Suchitra Grade 11 BookkitMandateHumanitiesEntrepreneurship-001,SAS Suchitra Grade 11 BookkitMandateHumanitiesEntrepreneurship,Inventre Edu Services Pvt Ltd,1,INR,1,7f60pbj948,SAS Suchitra Grade 11 Mandate,1,0,Nos
,,,,,,7f6djdsn73,SAS Grade 11 Humanities,1,0,Nos
,,,,,,7f6aj8oq9l,SAS Grade 11 Entrepreneurship,1,0,Nos
BOM-SAS Suchitra Grade 11 BookkitMandateHumanitiesPhysical Education-001,SAS Suchitra Grade 11 BookkitMandateHumanitiesPhysical Education,Inventre Edu Services Pvt Ltd,1,INR,1,1vu413eidt,SAS Suchitra Grade 11 Mandate,1,0,Nos
,,,,,,1vunmb7uvl,SAS Grade 11 Humanities,1,0,Nos
,,,,,,1vuf39p24o,SAS Grade 11 Physical Education,1,0,Nos
BOM-SAS Suchitra Grade 11 BookkitMandateHumanitiesInformatics Practices-001,SAS Suchitra Grade 11 BookkitMandateHumanitiesInformatics Practices,Inventre Edu Services Pvt Ltd,1,INR,1,1f3rfar08f,SAS Suchitra Grade 11 Mandate,1,0,Nos
,,,,,,1f3j9phape,SAS Grade 11 Humanities,1,0,Nos
,,,,,,1f3258glp2,SAS Grade 11 Informatics Practices,1,0,Nos
BOM-SAS Suchitra Grade 11 BookkitMandateHumanitiesScience-001,SAS Suchitra Grade 11 BookkitMandateHumanitiesScience,Inventre Edu Services Pvt Ltd,1,INR,1,0lkjrh334q,SAS Suchitra Grade 11 Mandate,1,0,Nos
,,,,,,0lktr1dq13,SAS Grade 11 Humanities,1,0,Nos
,,,,,,0lkofnmk32,SAS Grade 11 Computer Science,1,0,Nos
BOM-SAS Suchitra Grade 11 BookkitMandateCommerceFMM-001,SAS Suchitra Grade 11 BookkitMandateCommerceFMM,Inventre Edu Services Pvt Ltd,1,INR,1,00acgmtg29,SAS Suchitra Grade 11 Mandate,1,0,Nos
,,,,,,00ar8reuj1,SAS Grade 11 Commerce,1,0,Nos
,,,,,,00aoipsimd,SAS Grade 11 FMM,1,0,Nos
BOM-SAS Suchitra Grade 11 BookkitMandateCommerceMarketing-001,SAS Suchitra Grade 11 BookkitMandateCommerceMarketing,Inventre Edu Services Pvt Ltd,1,INR,1,vgulh2847h,SAS Suchitra Grade 11 Mandate,1,0,Nos
,,,,,,vgue4pfa1o,SAS Grade 11 Commerce,1,0,Nos
,,,,,,vgusl4f9j9,SAS Grade 11 Marketing,1,0,Nos
BOM-SAS Suchitra Grade 11 BookkitMandateCommerceData Science-001,SAS Suchitra Grade 11 BookkitMandateCommerceData Science,Inventre Edu Services Pvt Ltd,1,INR,1,5hmfkl6rm2,SAS Suchitra Grade 11 Mandate,1,0,Nos
,,,,,,5hmf843chd,SAS Grade 11 Commerce,1,0,Nos
,,,,,,5hmpig3o9r,SAS Grade 11 Data Science,1,0,Nos
BOM-SAS Suchitra Grade 11 BookkitMandateCommerceBiology-001,SAS Suchitra Grade 11 BookkitMandateCommerceBiology,Inventre Edu Services Pvt Ltd,1,INR,1,nuor8qlu63,SAS Suchitra Grade 11 Mandate,1,0,Nos
,,,,,,nuoqtbe4aj,SAS Grade 11 Commerce,1,0,Nos
,,,,,,nuoii2k34f,SAS Grade 11 Biology,1,0,Nos
BOM-SAS Suchitra Grade 11 BookkitMandateCommercePsychology-001,SAS Suchitra Grade 11 BookkitMandateCommercePsychology,Inventre Edu Services Pvt Ltd,1,INR,1,ksnqkib57v,SAS Suchitra Grade 11 Mandate,1,0,Nos
,,,,,,ksnfroashj,SAS Grade 11 Commerce,1,0,Nos
,,,,,,ksnnnn3sfr,SAS Grade 11 Psychology,1,0,Nos
BOM-SAS Suchitra Grade 11 BookkitMandateCommerceEntrepreneurship-001,SAS Suchitra Grade 11 BookkitMandateCommerceEntrepreneurship,Inventre Edu Services Pvt Ltd,1,INR,1,k6m018q2bv,SAS Suchitra Grade 11 Mandate,1,0,Nos
,,,,,,k6mujlgt7s,SAS Grade 11 Commerce,1,0,Nos
,,,,,,k6msatno9p,SAS Grade 11 Entrepreneurship,1,0,Nos
BOM-SAS Suchitra Grade 11 BookkitMandateCommercePhysical Education-001,SAS Suchitra Grade 11 BookkitMandateCommercePhysical Education,Inventre Edu Services Pvt Ltd,1,INR,1,jesodtdegr,SAS Suchitra Grade 11 Mandate,1,0,Nos
,,,,,,jesh1np3t0,SAS Grade 11 Commerce,1,0,Nos
,,,,,,jesa4vakgf,SAS Grade 11 Physical Education,1,0,Nos
BOM-SAS Suchitra Grade 11 BookkitMandateCommerceApplied Mathematics-001,SAS Suchitra Grade 11 BookkitMandateCommerceApplied Mathematics,Inventre Edu Services Pvt Ltd,1,INR,1,1g06oj1ofq,SAS Suchitra Grade 11 Mandate,1,0,Nos
,,,,,,1g0pnb3lfj,SAS Grade 11 Commerce,1,0,Nos
,,,,,,1g004i3794,SAS Grade 11 Applied Mathematics,1,0,Nos
BOM-SAS Suchitra Grade 11 BookkitMandateCommerceInformatics Practices-001,SAS Suchitra Grade 11 BookkitMandateCommerceInformatics Practices,Inventre Edu Services Pvt Ltd,1,INR,1,0vefs9g82t,SAS Suchitra Grade 11 Mandate,1,0,Nos
,,,,,,0vensquj1c,SAS Grade 11 Commerce,1,0,Nos
,,,,,,0ve6cvnumk,SAS Grade 11 Informatics Practices,1,0,Nos
BOM-SAS Suchitra Grade 11 BookkitMandateCommerceScience-001,SAS Suchitra Grade 11 BookkitMandateCommerceScience,Inventre Edu Services Pvt Ltd,1,INR,1,0frth0e6ff,SAS Suchitra Grade 11 Mandate,1,0,Nos
,,,,,,0fred6nce7,SAS Grade 11 Commerce,1,0,Nos
,,,,,,0frog97abs,SAS Grade 11 Computer Science,1,0,Nos
BOM-SAS Suchitra Grade 11 BookkitMandateBiologyPhysicsChemistryFMM-001,SAS Suchitra Grade 11 BookkitMandateBiologyPhysicsChemistryFMM,Inventre Edu Services Pvt Ltd,1,INR,1,vqq6426k7u,SAS Suchitra Grade 11 Mandate,1,0,Nos
,,,,,,vqqeb11l91,SAS Grade 11 BPC,1,0,Nos
,,,,,,vqqa5ur6cp,SAS Grade 11 FMM,1,0,Nos
BOM-SAS Suchitra Grade 11 BookkitMandateBiologyPhysicsChemistryMarketing-001,SAS Suchitra Grade 11 BookkitMandateBiologyPhysicsChemistryMarketing,Inventre Edu Services Pvt Ltd,1,INR,1,ve53dra6jl,SAS Suchitra Grade 11 Mandate,1,0,Nos
,,,,,,ve5b90387f,SAS Grade 11 BPC,1,0,Nos
,,,,,,ve5rp0bi5h,SAS Grade 11 Marketing,1,0,Nos
BOM-SAS Suchitra Grade 11 BookkitMandateBiologyPhysicsChemistryData Science-001,SAS Suchitra Grade 11 BookkitMandateBiologyPhysicsChemistryData Science,Inventre Edu Services Pvt Ltd,1,INR,1,uole78vnmc,SAS Suchitra Grade 11 Mandate,1,0,Nos
,,,,,,uolocfdsnv,SAS Grade 11 BPC,1,0,Nos
,,,,,,uol8l21pe0,SAS Grade 11 Data Science,1,0,Nos
BOM-SAS Suchitra Grade 11 BookkitMandateBiologyPhysicsChemistryBioTechnology-001,SAS Suchitra Grade 11 BookkitMandateBiologyPhysicsChemistryBioTechnology,Inventre Edu Services Pvt Ltd,1,INR,1,u9u6oltofl,SAS Suchitra Grade 11 Mandate,1,0,Nos
,,,,,,u9ulvqs9gt,SAS Grade 11 BPC,1,0,Nos
,,,,,,u9ul31gdco,SAS Grade 11 BioTechnology,1,0,Nos
BOM-SAS Suchitra Grade 11 BookkitMandateBiologyPhysicsChemistryEconomics-001,SAS Suchitra Grade 11 BookkitMandateBiologyPhysicsChemistryEconomics,Inventre Edu Services Pvt Ltd,1,INR,1,tniinr4h53,SAS Suchitra Grade 11 Mandate,1,0,Nos
,,,,,,tni8q928hv,SAS Grade 11 BPC,1,0,Nos
,,,,,,tnij5kek5d,SAS Grade 11 Economics,1,0,Nos
BOM-SAS Suchitra Grade 11 BookkitMandateBiologyPhysicsChemistryEntrepreneurship-001,SAS Suchitra Grade 11 BookkitMandateBiologyPhysicsChemistryEntrepreneurship,Inventre Edu Services Pvt Ltd,1,INR,1,t8kop100k3,SAS Suchitra Grade 11 Mandate,1,0,Nos
,,,,,,t8kqutguht,SAS Grade 11 BPC,1,0,Nos
,,,,,,t8kj9lmnd7,SAS Grade 11 Entrepreneurship,1,0,Nos
BOM-SAS Suchitra Grade 11 BookkitMandateBiologyPhysicsChemistryPsychology-001,SAS Suchitra Grade 11 BookkitMandateBiologyPhysicsChemistryPsychology,Inventre Edu Services Pvt Ltd,1,INR,1,sonaklcoi2,SAS Suchitra Grade 11 Mandate,1,0,Nos
,,,,,,sonku8fi6i,SAS Grade 11 BPC,1,0,Nos
,,,,,,sonr4n44qq,SAS Grade 11 Psychology,1,0,Nos
BOM-SAS Suchitra Grade 11 BookkitMandateBiologyPhysicsChemistryPhysical Education-001,SAS Suchitra Grade 11 BookkitMandateBiologyPhysicsChemistryPhysical Education,Inventre Edu Services Pvt Ltd,1,INR,1,s8i3evlk13,SAS Suchitra Grade 11 Mandate,1,0,Nos
,,,,,,s8ioll79kn,SAS Grade 11 BPC,1,0,Nos
,,,,,,s8iljc7s8s,SAS Grade 11 Physical Education,1,0,Nos
BOM-SAS Suchitra Grade 11 BookkitMandateBiologyPhysicsChemistryInformatics Practices-001,SAS Suchitra Grade 11 BookkitMandateBiologyPhysicsChemistryInformatics Practices,Inventre Edu Services Pvt Ltd,1,INR,1,rcbg75kcu1,SAS Suchitra Grade 11 Mandate,1,0,Nos
,,,,,,rcb7t4kqdk,SAS Grade 11 BPC,1,0,Nos
,,,,,,rcbvt0ge5c,SAS Grade 11 Informatics Practices,1,0,Nos
BOM-SAS Suchitra Grade 11 BookkitMandateBiologyPhysicsChemistryScience-001,SAS Suchitra Grade 11 BookkitMandateBiologyPhysicsChemistryScience,Inventre Edu Services Pvt Ltd,1,INR,1,qr0kpj1np3,SAS Suchitra Grade 11 Mandate,1,0,Nos
,,,,,,qr0ji2rudt,SAS Grade 11 BPC,1,0,Nos
,,,,,,qr0m2s1ali,SAS Grade 11 Computer Science,1,0,Nos
BOM-SAS Suchitra Grade 11 BookkitMandateMathematicsPhysicsChemistryFMM-001,SAS Suchitra Grade 11 BookkitMandateMathematicsPhysicsChemistryFMM,Inventre Edu Services Pvt Ltd,1,INR,1,q4s3vfdmvd,SAS Suchitra Grade 11 Mandate,1,0,Nos
,,,,,,q4sjoohlf4,SAS Grade 11 MPC,1,0,Nos
,,,,,,q4sm8bl949,SAS Grade 11 FMM,1,0,Nos
BOM-SAS Suchitra Grade 11 BookkitMandateMathematicsPhysicsChemistryMarketing-001,SAS Suchitra Grade 11 BookkitMandateMathematicsPhysicsChemistryMarketing,Inventre Edu Services Pvt Ltd,1,INR,1,pnpqcoh3rv,SAS Suchitra Grade 11 Mandate,1,0,Nos
,,,,,,pnp6umlij9,SAS Grade 11 MPC,1,0,Nos
,,,,,,pnpe3agl7b,SAS Grade 11 Marketing,1,0,Nos
BOM-SAS Suchitra Grade 11 BookkitMandateMathematicsPhysicsChemistryData Science-001,SAS Suchitra Grade 11 BookkitMandateMathematicsPhysicsChemistryData Science,Inventre Edu Services Pvt Ltd,1,INR,1,pa3235pdn4,SAS Suchitra Grade 11 Mandate,1,0,Nos
,,,,,,pa3ktfc34b,SAS Grade 11 MPC,1,0,Nos
,,,,,,pa3po4rbq3,SAS Grade 11 Data Science,1,0,Nos
BOM-SAS Suchitra Grade 11 BookkitMandateMathematicsPhysicsChemistryBiology-001,SAS Suchitra Grade 11 BookkitMandateMathematicsPhysicsChemistryBiology,Inventre Edu Services Pvt Ltd,1,INR,1,ogfk2nvhe3,SAS Suchitra Grade 11 Mandate,1,0,Nos
,,,,,,ogf11cevn3,SAS Grade 11 MPC,1,0,Nos
,,,,,,ogf1simpn5,SAS Grade 11 Biology,1,0,Nos
BOM-SAS Suchitra Grade 11 BookkitMandateMathematicsPhysicsChemistryEconomics-001,SAS Suchitra Grade 11 BookkitMandateMathematicsPhysicsChemistryEconomics,Inventre Edu Services Pvt Ltd,1,INR,1,o19o6l2i4r,SAS Suchitra Grade 11 Mandate,1,0,Nos
,,,,,,o19ifuk8at,SAS Grade 11 MPC,1,0,Nos
,,,,,,o197r5mgle,SAS Grade 11 Economics,1,0,Nos
BOM-SAS Suchitra Grade 11 BookkitMandateMathematicsPhysicsChemistryEntrepreneurship-001,SAS Suchitra Grade 11 BookkitMandateMathematicsPhysicsChemistryEntrepreneurship,Inventre Edu Services Pvt Ltd,1,INR,1,nhhqil1une,SAS Suchitra Grade 11 Mandate,1,0,Nos
,,,,,,nhhad5kech,SAS Grade 11 MPC,1,0,Nos
,,,,,,nhh5cug9oe,SAS Grade 11 Entrepreneurship,1,0,Nos
BOM-SAS Suchitra Grade 11 BookkitMandateMathematicsPhysicsChemistryPsychology-001,SAS Suchitra Grade 11 BookkitMandateMathematicsPhysicsChemistryPsychology,Inventre Edu Services Pvt Ltd,1,INR,1,mufqi1dc5j,SAS Suchitra Grade 11 Mandate,1,0,Nos
,,,,,,mufk5rd40f,SAS Grade 11 MPC,1,0,Nos
,,,,,,muffoeivdp,SAS Grade 11 Psychology,1,0,Nos
BOM-SAS Suchitra Grade 11 BookkitMandateMathematicsPhysicsChemistryPhysical Education-001,SAS Suchitra Grade 11 BookkitMandateMathematicsPhysicsChemistryPhysical Education,Inventre Edu Services Pvt Ltd,1,INR,1,mbm7o2o2q4,SAS Suchitra Grade 11 Mandate,1,0,Nos
,,,,,,mbmqkmu69u,SAS Grade 11 MPC,1,0,Nos
,,,,,,p2onllf90a,SAS Grade 11 Physical Education,1,0,Nos
BOM-SAS Suchitra Grade 11 BookkitMandateMathematicsPhysicsChemistryApplied Mathematics-001,SAS Suchitra Grade 11 BookkitMandateMathematicsPhysicsChemistryApplied Mathematics,Inventre Edu Services Pvt Ltd,1,INR,1,lshdim0d94,SAS Suchitra Grade 11 Mandate,1,0,Nos
,,,,,,lsh1niqh7i,SAS Grade 11 MPC,1,0,Nos
,,,,,,lshqrctl7d,SAS Grade 11 Applied Mathematics,1,0,Nos
BOM-SAS Suchitra Grade 11 BookkitMandateMathematicsPhysicsChemistryInformatics Practices-001,SAS Suchitra Grade 11 BookkitMandateMathematicsPhysicsChemistryInformatics Practices,Inventre Edu Services Pvt Ltd,1,INR,1,ld0qmnq7b4,SAS Suchitra Grade 11 Mandate,1,0,Nos
,,,,,,ld052b399k,SAS Grade 11 MPC,1,0,Nos
,,,,,,ld0th54ugl,SAS Grade 11 Informatics Practices,1,0,Nos
BOM-SAS Suchitra Grade 11 BookkitMandateMathematicsPhysicsChemistryScience-001,SAS Suchitra Grade 11 BookkitMandateMathematicsPhysicsChemistryScience,Inventre Edu Services Pvt Ltd,1,INR,1,kq7o7ii0j0,SAS Suchitra Grade 11 Mandate,1,0,Nos
,,,,,,kq79m49p37,SAS Grade 11 MPC,1,0,Nos
,,,,,,kq7o58j9aq,SAS Grade 11 Computer Science,1,0,Nos
BOM-SAS Grade 11 FMM-001,SAS Grade 11 FMM,Inventre Edu Services Pvt Ltd,1,INR,1,jqg0fi7ldc,CM Crown 200 pages Single ruled,2,47.41,Nos
,,,,,,jqg4as0160,50 A4 Sheets,1,28,Nos
BOM-SAS Grade 11 Marketing-001,SAS Grade 11 Marketing,Inventre Edu Services Pvt Ltd,1,INR,1,jeppmk1q9c,CM Crown 200 pages Single ruled,2,47.41,Nos
,,,,,,jepnvco34n,50 A4 Sheets,1,28,Nos
BOM-SAS Grade 11 Data Science-001,SAS Grade 11 Data Science,Inventre Edu Services Pvt Ltd,1,INR,1,j3dn5ohhhg,CM Crown 200 pages Single ruled,2,47.41,Nos
,,,,,,j3d9ov9l9v,50 A4 Sheets,1,28,Nos
BOM-SAS Grade 11 BioTechnology-001,SAS Grade 11 BioTechnology,Inventre Edu Services Pvt Ltd,1,INR,1,inj0vcnpr1,CM Crown 200 pages Single ruled,2,47.41,Nos
,,,,,,injs970buk,50 A4 Sheets,1,28,Nos
BOM-SAS Grade 11 Entrepreneurship-001,SAS Grade 11 Entrepreneurship,Inventre Edu Services Pvt Ltd,1,INR,1,iba7iikgts,Entrepreneurship Grade 11,1,0,Nos
,,,,,,iba26ejhaa,CM Crown 200 pages Single ruled,2,47.41,Nos
,,,,,,ibadqpiqa5,50 A4 Sheets,1,28,Nos
BOM-SAS Grade 11 Psychology-001,SAS Grade 11 Psychology,Inventre Edu Services Pvt Ltd,1,INR,1,goavqdacl7,Psychology Grade 11 (Latest Version),1,0,Nos
,,,,,,goa4kkc2t1,CM Crown 200 pages Single ruled,3,47.41,Nos
,,,,,,goatum704i,SAS BP Psy 200 Pages OSR Single Ruled Practical Record Book,1,121,Nos
BOM-SAS Grade 11 Physical Education-001,SAS Grade 11 Physical Education,Inventre Edu Services Pvt Ltd,1,INR,1,g7t845rr7g,Text Book on Physical Education Grade 11,1,0,Nos
,,,,,,g7tp7a1nlf,Practical Workbook Of Physical Education CBSE Class 11,1,460,Nos
,,,,,,g7tm8hac5m,CM Crown 200 pages Single ruled,2,47.41,Nos
,,,,,,g7tj7ae59n,50 A4 Sheets,1,28,Nos
BOM-SAS Grade 11 Economics-001,SAS Grade 11 Economics,Inventre Edu Services Pvt Ltd,1,INR,1,enpmlnec61,Micro Economics Grade 11 (Latest Version),1,0,Nos
,,,,,,enpdvf6vat,Statistics Textbook Grade 11 (Latest Version),1,0,Nos
,,,,,,enp8a10frf,Micro Economics & Statistics for Economics Grade 11,1,0,Nos
,,,,,,enpulvm6b1,CM Crown 200 pages Single ruled,3,47.41,Nos
,,,,,,enpslv7ulg,Long 75 Pages Graph Book,1,21,Nos
,,,,,,enpgt6rhv4,50 A4 Sheets,1,28,Nos
BOM-SAS Grade 11 Biology-001,SAS Grade 11 Biology,Inventre Edu Services Pvt Ltd,1,INR,1,e12n7j4prp,Biology Textbook for Grade 11 (Latest Version),1,0,Nos
,,,,,,e12779f78k,Comprehensive Lab Manual -Biology Class 11,1,0,Nos
,,,,,,e1238tjopf,CM Crown 200 pages Single ruled,2,47.41,Nos
,,,,,,e124n2ffvv,CM Crown 100 pages Plain Book,1,22.5,Nos
,,,,,,e12lq4f7k0,SAS BP Bio 300 Pages Filed Type OSR Record Book (150 loose sheets),1,219,Nos
BOM-SAS Grade 11 Applied Mathematics-001,SAS Grade 11 Applied Mathematics,Inventre Edu Services Pvt Ltd,1,INR,1,d9005l8f50,Applied Mathematics Textbook - ML Aggarwal -Grade XI,1,0,Nos
,,,,,,d90o7fnla6,CM Crown 200 pages Single ruled,5,47.41,Nos
BOM-SAS Grade 11 Informatics Practices-001,SAS Grade 11 Informatics Practices,Inventre Edu Services Pvt Ltd,1,INR,1,cs4qf12903,Informatics Practices with Python Grade 11,1,0,Nos
,,,,,,cs4l4rk9r4,CM Crown 200 pages Single ruled,2,47.41,Nos
,,,,,,cs42itttmt,SAS BP IP 200 Pages OSR Single Ruled Practical Record Book,1,121,Nos
BOM-SAS Grade 11 Computer Science-001,SAS Grade 11 Computer Science,Inventre Edu Services Pvt Ltd,1,INR,1,ceuv5o3aeb,Computer Science with Python Grade 11,1,0,Nos
,,,,,,ceuu1gn6ck,CM Crown 200 pages Single ruled,2,47.41,Nos
,,,,,,ceu5hvge97,SAS BP CS 200 Pages OSR Single Ruled Practical Record Book,1,121,Nos
BOM-SAS Grade 11 Humanities-001,SAS Grade 11 Humanities,Inventre Edu Services Pvt Ltd,1,INR,1,bodqbtbli0,Themes of World History Grade 11 (Latest Version),1,0,Nos
,,,,,,bodg032dpe,Indian Constitution at Work Grade 11 (Latest Version),1,0,Nos
,,,,,,bodt7j2cai,Political Theory Grade 11 (Latest Version),1,0,Nos
,,,,,,bodeon4mdt,Psychology Grade 11 (Latest Version),1,0,Nos
,,,,,,bod6p71cdt,CM Crown 200 pages Single ruled,9,47.41,Nos
,,,,,,boddt722n4,SAS BP His 100 Pages OSR Single Ruled Practical Record Book,1,81.5,Nos
,,,,,,bodd19jmho,SAS BP Psy 200 Pages OSR Single Ruled Practical Record Book,1,121,Nos
,,,,,,bodau378bi,50 A4 Sheets,2,28,Nos
BOM-SAS Grade 11 Commerce-001,SAS Grade 11 Commerce,Inventre Edu Services Pvt Ltd,1,INR,1,afg36jqo7h,Business Studies Grade 11 (Latest Version),1,0,Nos
,,,,,,afg6sif40l,Financial Accounting Part 1 & 2,1,0,Nos
,,,,,,afghmgjg9o,Micro Economics Grade 11 (Latest Version),1,0,Nos
,,,,,,afgqo08t8k,Statistics Textbook Grade 11 (Latest Version),1,0,Nos
,,,,,,afgk658uqs,Micro Economics & Statistics for Economics Grade 11,1,0,Nos
,,,,,,afg19c23ho,CM Crown 200 pages Single ruled,5,47.41,Nos
,,,,,,afg747bdp3,Long 200 pages Single ruled Book,2,39.8,Nos
,,,,,,afgt8rl930,Long 75 Pages Graph Book,1,21,Nos
,,,,,,afgplj6rna,50 A4 Sheets,3,28,Nos
BOM-SAS Grade 11 BPC-001,SAS Grade 11 BPC,Inventre Edu Services Pvt Ltd,1,INR,1,972qbi89th,Biology Textbook for Grade 11 (Latest Version),1,0,Nos
,,,,,,972v6mvtjo,Chemistry Textbook for Grade 11 Part 1 (Latest Version),1,0,Nos
,,,,,,972u95qmnt,Chemistry Textbook for Grade 11 Part 2 (Latest Version),1,0,Nos
,,,,,,972nvr67t8,Physics Textbook for Grade 11 Part 1 (Latest Version),1,0,Nos
,,,,,,972f1l974n,Physics Textbook for Grade 11 Part 2 (Latest Version),1,0,Nos
,,,,,,972o8v4f68,Comprehensive Lab Manual - Chemistry,1,0,Nos
,,,,,,9724qckia7,Comprehensive Lab Manual -Biology Class 11,1,0,Nos
,,,,,,972vk8phl6,Practical Skills in Physics 11,1,496,Nos
,,,,,,972ptqlm5g,CM Crown 200 pages Single ruled,5,47.41,Nos
,,,,,,972kihjgo7,Long 200 pages Single ruled Book,2,39.8,Nos
,,,,,,972jq1iv14,CM Crown 100 pages OSR Single Leaved,2,22.5,Nos
,,,,,,972f6htdss,CM Crown 100 pages Plain Book,1,22.5,Nos
,,,,,,972k6gq8oi,SAS BP Bio 300 Pages Filed Type OSR Record Book (150 loose sheets),1,219,Nos
,,,,,,972l23ith3,SAS BP Chem 200 Pages OSR Single Ruled Practical Record Book,1,0,Nos
,,,,,,972f3lrlfm,SAS BP Phy 200 Pages OSR Single Ruled Practical Record Book,1,121,Nos
BOM-SAS BP Grade 11 MPC Part 2-001,SAS BP Grade 11 MPC Part 2,Inventre Edu Services Pvt Ltd,1,INR,1,6qgoamq5kb,SAS BP Math 200 Pages OSR Single Ruled Practical Record Book,1,121,Nos
,,,,,,6qggds1eco,SAS BP Chem 200 Pages OSR Single Ruled Practical Record Book,1,0,Nos
,,,,,,6qggkpfj7s,SAS BP Phy 200 Pages OSR Single Ruled Practical Record Book,1,121,Nos
BOM-SAS Grade 11 MPC-001,SAS Grade 11 MPC,Inventre Edu Services Pvt Ltd,1,INR,1,6830nvprmo,Mathematics Textbook Grade 11 (Latest Version),1,0,Nos
,,,,,,683acu1dkq,Mathematics NCERT Exemplar Lab Manual,1,187,Nos
,,,,,,683qogr4nb,Chemistry Textbook for Grade 11 Part 1 (Latest Version),1,0,Nos
,,,,,,683ki67cnn,Chemistry Textbook for Grade 11 Part 2 (Latest Version),1,0,Nos
,,,,,,683041ef7j,Comprehensive Lab Manual - Chemistry,1,0,Nos
,,,,,,68360snakr,Physics Textbook for Grade 11 Part 1 (Latest Version),1,0,Nos
,,,,,,683g55rg50,Physics Textbook for Grade 11 Part 2 (Latest Version),1,0,Nos
,,,,,,683rg084u5,Practical Skills in Physics 11,1,496,Nos
,,,,,,6832a6679m,CM Crown 200 pages Single ruled,8,47.41,Nos
,,,,,,683e5ugko6,Long 200 pages Single ruled Book,2,39.8,Nos
,,,,,,683ac2mp6r,CM Crown 100 pages OSR Single Leaved,2,22.5,Nos
,,,,,,683k5dt1sg,Long 75 Pages Graph Book,1,21,Nos
,,,,,,6d636fbhjr,SAS BP Grade 11 MPC Part 2,1,0,Nos
BOM-SAS Suchitra Grade 11 Mandate-001,SAS Suchitra Grade 11 Mandate,Inventre Edu Services Pvt Ltd,1,INR,1,i6idm8tght,Hornbill (Latest version),1,0,Nos
,,,,,,i6iv2alu7u,Supplementary - Snapshots (Latest Version),1,0,Nos
,,,,,,i6i0f32utv,CM Crown 200 pages Single ruled,2,47.41,Nos
,,,,,,i6i3s6ahit,CM Crown 100 pages Plain Book,1,22.5,Nos
,,,,,,i6ihb7mcgu,File Folder,10,4.45,Nos
,,,,,,i6isvqh8it,SAS Flat File,1,13.14,Nos
,,,,,,i6ihblgjr6,Transparent Roll,2,33.9,Nos
,,,,,,i6ijlbqnqm,Worksheet,1,300,Nos
,,,,,,i6i88eih8k,SAS BP Almanac,1,75,Nos
,,,,,,i6iad9lg4k,SAS BP Mini Almanac,1,0,Nos
,,,,,,i6iv55a8t6,SAS BP ID Card,1,78,Nos
,,,,,,7m4snfs7di,Packaging & Transportation,1,300,Nos
BOM-WM WF Grade 9 BookkitKannada-001,WM WF Grade 9 BookkitKannada,Inventre Edu Services Pvt Ltd,1,INR,1,kj3fbfst35,WM WF Grade 9 Textbook,1,0,Nos
,,,,,,kj33hm6l8r,WM WF Grade 9 Kannada,1,0,Nos
,,,,,,kj3kn41al8,WM WF Grade 9 Notebook 2,1,380,Nos
,,,,,,kj37lp9b5u,WM WF Grade 9 Stationery,1,312.32,Nos
,,,,,,kj3rrlmdcc,WM WF Grade 9 Other,1,1386.5,Nos
,,,,,,kj377bl08f,WM WF Grade 9 Program,1,566.4,Nos
,,,,,,kj3cb3rasg,WM WF Grade 9 Part 2,1,17.7,Nos
BOM-WM WF Grade 9 BookkitHindi-001,WM WF Grade 9 BookkitHindi,Inventre Edu Services Pvt Ltd,1,INR,1,jkm9c92d0a,WM WF Grade 9 Textbook,1,0,Nos
,,,,,,jkmje81hi9,WM WF Grade 9 Hindi,1,0,Nos
,,,,,,jkmej4lc1p,WM WF Grade 9 Notebook,1,380,Nos
,,,,,,jkmlaoqlpi,WM WF Grade 9 Stationery,1,312.32,Nos
,,,,,,jkm0e8h2a3,WM WF Grade 9 Other,1,1386.5,Nos
,,,,,,jkmucc8cpg,WM WF Grade 9 Program,1,566.4,Nos
,,,,,,jkm5ru1i1c,WM WF Grade 9 Part 2,1,17.7,Nos
BOM-WM JK Grade 9 BookkitFrench-001,WM JK Grade 9 BookkitFrench,Inventre Edu Services Pvt Ltd,1,INR,1,io9a03ri87,WM JK Grade 9 Textbook,1,0,Nos
,,,,,,io9niedk2q,WM JK Grade 9 French,1,0,Nos
,,,,,,io94mp7f3i,WM JK Grade 9 Notebook 2,1,380,Nos
,,,,,,io9hnemvk2,WM JK Grade 9 Stationery,1,312.32,Nos
,,,,,,io9m26rcfc,WM JK Grade 9 Other,1,1386.5,Nos
,,,,,,io9ov26trh,WM JK Grade 9 Program,1,566.4,Nos
,,,,,,io9sn9n8do,WM JK Grade 9 Part 2,1,0,Nos
BOM-WM JK Grade 9 BookkitKannada-001,WM JK Grade 9 BookkitKannada,Inventre Edu Services Pvt Ltd,1,INR,1,i0oe8fds40,WM JK Grade 9 Textbook,1,0,Nos
,,,,,,i0oeffgg3f,WM JK Grade 9 Kannada,1,0,Nos
,,,,,,i0oi4pr4bq,WM JK Grade 9 Notebook 2,1,380,Nos
,,,,,,i0o60ea57r,WM JK Grade 9 Stationery,1,312.32,Nos
,,,,,,i0oon51pk3,WM JK Grade 9 Other,1,1386.5,Nos
,,,,,,i0ocbc2puu,WM JK Grade 9 Program,1,566.4,Nos
,,,,,,i0otrau8ln,WM JK Grade 9 Part 2,1,0,Nos
BOM-WM JK Grade 9 BookkitHindi-001,WM JK Grade 9 BookkitHindi,Inventre Edu Services Pvt Ltd,1,INR,1,h7rv024tog,WM JK Grade 9 Textbook,1,0,Nos
,,,,,,h7rjc1i69n,WM JK Grade 9 Hindi,1,0,Nos
,,,,,,h7rv9k07sv,WM JK Grade 9 Notebook,1,380,Nos
,,,,,,h7rsonljj0,WM JK Grade 9 Stationery,1,312.32,Nos
,,,,,,h7r7fomhot,WM JK Grade 9 Program,1,566.4,Nos
,,,,,,h7r4ucgi2u,WM JK Grade 9 Other,1,1386.5,Nos
,,,,,,h7rtc0fset,WM JK Grade 9 Part 2,1,0,Nos
BOM-CAS LR CIE Grade 8 Bookkit w/o StationeryFrench-001,CAS LR CIE Grade 8 Bookkit w/o StationeryFrench,Inventre Edu Services Pvt Ltd,1,INR,1,1vqjq69dg6,CAS CIE Grade 8 Textbook,1,0,Nos
,,,,,,1vqdt37guc,CAS CIE Grade 8 French,1,0,Nos
,,,,,,1vqodad8kk,CAS CIE Grade 8 Notebook,1,0,Nos
,,,,,,1vq2vpglgd,CAS LR CIE Other,1,0,Nos
BOM-CAS LR CIE Grade 8 Bookkit w/o StationeryHindi-001,CAS LR CIE Grade 8 Bookkit w/o StationeryHindi,Inventre Edu Services Pvt Ltd,1,INR,1,1fccghjidv,CAS CIE Grade 8 Textbook,1,0,Nos
,,,,,,1fcfergl2l,CAS CIE Grade 8 Hindi,1,0,Nos
,,,,,,1fcsneto5s,CAS CIE Grade 8 Notebook,1,0,Nos
,,,,,,1fchs2d801,CAS LR CIE Other,1,0,Nos
BOM-CAS LR CIE Grade 7 Bookkit w/o StationeryFrench-001,CAS LR CIE Grade 7 Bookkit w/o StationeryFrench,Inventre Edu Services Pvt Ltd,1,INR,1,110pdtajcn,CAS CIE Grade 7 Textbook,1,0,Nos
,,,,,,110u2g217c,CAS CIE Grade 7 French,1,0,Nos
,,,,,,110tiipett,CAS CIE Grade 7 Notebook,1,0,Nos
,,,,,,110lh0ahp5,CAS LR CIE Other,1,0,Nos
BOM-CAS LR CIE Grade 7 Bookkit w/o StationeryHindi-001,CAS LR CIE Grade 7 Bookkit w/o StationeryHindi,Inventre Edu Services Pvt Ltd,1,INR,1,0hvi2rdal1,CAS CIE Grade 7 Textbook,1,0,Nos
,,,,,,0hv9mmsnrf,CAS CIE Grade 7 Hindi,1,0,Nos
,,,,,,0hvdu52aab,CAS CIE Grade 7 Notebook,1,0,Nos
,,,,,,0hvrkoiu73,CAS LR CIE Other,1,0,Nos
BOM-CAS LR CIE Grade 6 Bookkit w/o StationeryFrench-001,CAS LR CIE Grade 6 Bookkit w/o StationeryFrench,Inventre Edu Services Pvt Ltd,1,INR,1,vvfdf5r026,CAS CIE Grade 6 Textbook,1,0,Nos
,,,,,,vvf9v2g5np,CAS CIE Grade 6 French,1,0,Nos
,,,,,,vvfcaold6d,CAS CIE Grade 6 Notebook,1,0,Nos
,,,,,,vvfb8d4qjh,CAS LR CIE Other,1,0,Nos
BOM-CAS LR CIE Grade 6 Bookkit w/o StationeryHindi-001,CAS LR CIE Grade 6 Bookkit w/o StationeryHindi,Inventre Edu Services Pvt Ltd,1,INR,1,unc2sl3jtt,CAS CIE Grade 6 Textbook,1,0,Nos
,,,,,,unch92k0bj,CAS CIE Grade 6 Hindi,1,0,Nos
,,,,,,uncvncm8ag,CAS CIE Grade 6 Notebook,1,0,Nos
,,,,,,uncetnq6hi,CAS LR CIE Other,1,0,Nos
BOM-CAS LR CIE Grade 5 Bookkit w/o StationeryFrench-001,CAS LR CIE Grade 5 Bookkit w/o StationeryFrench,Inventre Edu Services Pvt Ltd,1,INR,1,u475kn4l11,CAS CIE Grade 5 Textbook,1,0,Nos
,,,,,,u4710m3lr3,CAS CIE Grade 5 French,1,0,Nos
,,,,,,u475b8oksa,CAS CIE Grade 5 Notebook,1,0,Nos
,,,,,,u4784e2g3p,CAS LR CIE Other,1,0,Nos
BOM-CAS LR CIE Grade 5 Bookkit w/o StationeryHindi-001,CAS LR CIE Grade 5 Bookkit w/o StationeryHindi,Inventre Edu Services Pvt Ltd,1,INR,1,tit3nkull7,CAS CIE Grade 5 Textbook,1,0,Nos
,,,,,,titcjqmelu,CAS CIE Grade 5 Hindi,1,0,Nos
,,,,,,titt8rqcnv,CAS CIE Grade 5 Notebook,1,0,Nos
,,,,,,titagnt6tm,CAS LR CIE Other,1,0,Nos
BOM-CAS LR CIE Grade 4 Bookkit w/o Stationery-001,CAS LR CIE Grade 4 Bookkit w/o Stationery,Inventre Edu Services Pvt Ltd,1,INR,1,t1tnshu0lr,CAS CIE Grade 4 Textbook,1,0,Nos
,,,,,,t1t1lm1e4l,CAS CIE Grade 4 Notebook,1,0,Nos
,,,,,,t1tt1b36le,CAS LR CIE Other,1,0,Nos
BOM-CAS LR CIE Grade 3 Bookkit w/o Stationery-001,CAS LR CIE Grade 3 Bookkit w/o Stationery,Inventre Edu Services Pvt Ltd,1,INR,1,sldbkmaid8,CAS CIE Grade 3 Textbook,1,0,Nos
,,,,,,sldrkeaorh,CAS CIE Grade 3 Notebook,1,0,Nos
,,,,,,sldo1j801g,CAS LR CIE Other,1,0,Nos
BOM-CAS LR CIE Grade 2 Bookkit w/o Stationery-001,CAS LR CIE Grade 2 Bookkit w/o Stationery,Inventre Edu Services Pvt Ltd,1,INR,1,s70h8jk5mn,CAS CIE Grade 2 Textbook,1,0,Nos
,,,,,,s70tgeigbl,CAS CIE Grade 2 Notebook,1,0,Nos
,,,,,,s702e4jsrj,CAS LR CIE Other,1,0,Nos
BOM-CAS LR CIE Grade 1 Bookkit w/o Stationery-001,CAS LR CIE Grade 1 Bookkit w/o Stationery,Inventre Edu Services Pvt Ltd,1,INR,1,rr047bih7b,CAS CIE Grade 1 Textbook,1,0,Nos
,,,,,,rr096fag2q,CAS CIE Grade 1 Notebook,1,0,Nos
,,,,,,rr0te5nd71,CAS LR CIE Other,1,0,Nos
BOM-CAS LR CIE Grade 8 Partial Bookkit-001,CAS LR CIE Grade 8 Partial Bookkit,Inventre Edu Services Pvt Ltd,1,INR,1,r1f66n4qsr,Grooming Book 8,1,34,Nos
,,,,,,r1flo0b9hp,Crown 200 pages Single ruled,11,38,Nos
,,,,,,r1f13q10l6,Crown 100 pages Single ruled,1,20,Nos
,,,,,,r1fvtndnc3,50 Pages Plain Drawing Book,1,26,Nos
,,,,,,r1f7smiusl,Long 50 Pages Graph Book,1,16,Nos
,,,,,,r1f5den5e7,CAGS Worksheets,1,300,Nos
,,,,,,r1fqb4rt6e,CAGS LR Almanac,1,75,Nos
,,,,,,r1f8d587s3,CAGS LR CAIE Mini Almanac,1,0,Nos
,,,,,,r1faf48gv0,CAGS ID CARD,1,78,Nos
BOM-CAS LR CIE Grade 7 Partial Bookkit-001,CAS LR CIE Grade 7 Partial Bookkit,Inventre Edu Services Pvt Ltd,1,INR,1,puq2423gi6,Grooming Book 7,1,54.5,Nos
,,,,,,puqeqba24d,Crown 200 pages Single ruled,5,38,Nos
,,,,,,puqk9utj0h,Crown 200 Pages OSR Single Leaved,4,0,Nos
,,,,,,puqucgig58,Crown 100 pages Single ruled,5,20,Nos
,,,,,,puqi5pv7jg,50 Pages Plain Drawing Book,1,26,Nos
,,,,,,puq6f76721,Long 50 Pages Graph Book,1,16,Nos
,,,,,,puq3b4bulj,CAGS Worksheets,1,300,Nos
,,,,,,puq7u30mi9,CAGS LR Almanac,1,75,Nos
,,,,,,puq3enccvs,CAGS LR CAIE Mini Almanac,1,0,Nos
,,,,,,puqn8iupp2,CAGS ID CARD,1,78,Nos
BOM-CAS LR CIE Grade 6 Partial Bookkit-001,CAS LR CIE Grade 6 Partial Bookkit,Inventre Edu Services Pvt Ltd,1,INR,1,nrrrveq2vg,Grooming Book 6,1,34.7,Nos
,,,,,,nrrs53122a,Crown 200 pages Single ruled,11,38,Nos
,,,,,,nrrag4b6p2,Crown 100 pages Single ruled,1,20,Nos
,,,,,,nrrvpagsm7,50 Pages Plain Drawing Book,1,26,Nos
,,,,,,o5n8jbp5ml,CAGS Worksheets,1,300,Nos
,,,,,,o5np77h9ut,CAGS LR Almanac,1,75,Nos
,,,,,,o5nd81sf9c,CAGS LR CAIE Mini Almanac,1,0,Nos
,,,,,,o5n5g7vcb9,CAGS ID CARD,1,78,Nos
BOM-CAS LR CIE Grade 5 Partial Bookkit-001,CAS LR CIE Grade 5 Partial Bookkit,Inventre Edu Services Pvt Ltd,1,INR,1,mh0voog0nv,Language Enrichment Book 5,1,33.56,Nos
,,,,,,mh0t717tjq,Grooming Book 5,1,51,Nos
,,,,,,mh0f2k0op0,Sustainability WorkBook 5,1,29.83,Nos
,,,,,,mh00p7usdd,Crown 200 pages Single ruled,14,38,Nos
,,,,,,mh00ars75o,Crown 100 pages Single ruled,2,20,Nos
,,,,,,mh0d8oab6m,50 Pages Plain Drawing Book,1,26,Nos
,,,,,,mh00176rrs,CAGS Worksheets,1,300,Nos
,,,,,,mh0qur2pg4,CAGS LR Almanac,1,75,Nos
,,,,,,mh01kf4j40,CAGS LR CAIE Mini Almanac,1,0,Nos
,,,,,,mh021bon99,CAGS ID CARD,1,78,Nos
BOM-CAS LR CIE Grade 4 Partial Bookkit-001,CAS LR CIE Grade 4 Partial Bookkit,Inventre Edu Services Pvt Ltd,1,INR,1,l949lpkom3,Language Enrichment Book 4,1,34.58,Nos
,,,,,,l94hnd3bo7,Grooming Book 4,1,52.5,Nos
,,,,,,l94r7sbft2,Sustainability WorkBook 4,1,26.44,Nos
,,,,,,l94m0uminc,Crown 200 pages Single ruled,6,38,Nos
,,,,,,l94v5h84dm,Crown 200 Pages Medium Check Ruled,2,0,Nos
,,,,,,l941r4b9p5,Crown 200 Pages Double Ruled,2,0,Nos
,,,,,,l94b9cbqui,Crown 100 pages Single ruled,1,20,Nos
,,,,,,l94varq67n,50 Pages Plain Drawing Book,1,26,Nos
,,,,,,mqbr129tvq,CAGS Worksheets,1,300,Nos
,,,,,,mqb76jcute,CAGS LR Almanac,1,75,Nos
,,,,,,mqbupv3l9u,CAGS LR CAIE Mini Almanac,1,0,Nos
,,,,,,mqb1iq6gfn,CAGS ID CARD,1,78,Nos
BOM-CAS LR CIE Grade 3 Partial Bookkit-001,CAS LR CIE Grade 3 Partial Bookkit,Inventre Edu Services Pvt Ltd,1,INR,1,k2btji5kbi,Language Enrichment Book 3,1,35.42,Nos
,,,,,,k2bn60drpk,Grooming Book 3,1,48,Nos
,,,,,,k2bmbss28s,Sustainability WorkBook 3,1,25.76,Nos
,,,,,,k2beulf4i2,Crown 200 Pages Four Ruled,4,0,Nos
,,,,,,k2brcf1ib8,Crown 200 Pages Medium Check Ruled,2,0,Nos
,,,,,,k2bj0jshtq,Crown 200 Pages Double Ruled,2,0,Nos
,,,,,,k2bducfss4,Crown 200 pages Single ruled,2,38,Nos
,,,,,,k2bqmddbma,Crown 100 pages Single ruled,1,20,Nos
,,,,,,k2bk5r21pn,50 Pages Plain Drawing Book,1,26,Nos
,,,,,,k2bg9lp9kr,CAGS Worksheets,1,300,Nos
,,,,,,k2b2c75f05,CAGS LR Almanac,1,75,Nos
,,,,,,k2badtfklp,CAGS LR CAIE Mini Almanac,1,0,Nos
,,,,,,k2bsjjjp8r,CAGS ID CARD,1,78,Nos
BOM-CAS LR CIE Grade 2 Partial Bookkit-001,CAS LR CIE Grade 2 Partial Bookkit,Inventre Edu Services Pvt Ltd,1,INR,1,iddkr542pr,Language Enrichment Book 2,1,32.71,Nos
,,,,,,idd05kc97q,Grooming Book 2,1,47,Nos
,,,,,,idd7h5gr9n,Sustainability WorkBook 2,1,25,Nos
,,,,,,iddc3c5q51,Crown 200 Pages Four Ruled,4,0,Nos
,,,,,,idd0q5tgie,Crown 200 Pages Medium Check Ruled,2,0,Nos
,,,,,,iddcsmitqa,Crown 200 Pages Double Ruled,2,0,Nos
,,,,,,iddt1n4112,Crown 200 pages Single ruled,1,38,Nos
,,,,,,iddpvmdtlt,50 Pages Plain Drawing Book,1,26,Nos
,,,,,,iddqlooa7c,CAGS Worksheets,1,300,Nos
,,,,,,idd25fhb1o,CAGS LR Almanac,1,75,Nos
,,,,,,iddkat8a0s,CAGS LR CAIE Mini Almanac,1,0,Nos
,,,,,,iddcjg4t3v,CAGS ID CARD,1,78,Nos
BOM-CAS LR CIE Grade 1 Partial Bookkit-001,CAS LR CIE Grade 1 Partial Bookkit,Inventre Edu Services Pvt Ltd,1,INR,1,gsq3khoe8u,Language Enrichment Book 1,1,38.81,Nos
,,,,,,gsq1h3igre,Grooming Book 1,1,45.43496903,Nos
,,,,,,gsqdttpvt0,Sustainability WorkBook 1,1,15.73913044,Nos
,,,,,,gsqmbr78sl,Crown 200 Pages Four Ruled,2,0,Nos
,,,,,,gsq3na2vit,Crown 200 Pages Medium Check Ruled,2,0,Nos
,,,,,,gsqbs931r8,Crown 200 Pages Double Ruled,2,0,Nos
,,,,,,gsqt73lfa3,Crown 200 pages Single ruled,1,38,Nos
,,,,,,gsqqh7b3vt,50 Pages Plain Drawing Book,1,26,Nos
,,,,,,gsq8lctom6,CAGS Worksheets,1,300,Nos
,,,,,,gsqp09812c,CAGS LR Almanac,1,75,Nos
,,,,,,gsqjpnra92,CAGS LR CAIE Mini Almanac,1,0,Nos
,,,,,,gsqdurf7lt,CAGS ID CARD,1,78,Nos
BOM-TSUS MagicBox Boys Grade 11-001,TSUS MagicBox Boys Grade 11,Inventre Edu Services Pvt Ltd,1,INR,1,pknc2icdgj,Stripe Shirt,2,0,Nos
,,,,,,pkn7192r9b,Boys Pant,2,0,Nos
,,,,,,pkni67huut,Sports Polo,1,0,Nos
,,,,,,pkn504a3iu,Track Pant,1,0,Nos
,,,,,,pknj2muv4p,TSUSC1DS,3,0,Nos
,,,,,,pkn7p83mg7,TSUSC1DV,1,0,Nos
,,,,,,pkn1rpj7ef,Navy and Red Bag L,1,0,Nos
,,,,,,pkntoif0oa,TSUSC1EY,1,0,Nos
BOM-TSUS MagicBox Girls Grade 11-001,TSUS MagicBox Girls Grade 11,Inventre Edu Services Pvt Ltd,1,INR,1,n7etk5rc03,Stripe Shirt,2,0,Nos
,,,,,,n7etgt2deg,Girls Pant,2,0,Nos
,,,,,,n7ed37n65k,Sports Polo,1,0,Nos
,,,,,,n7ell9afke,Track Pant,1,0,Nos
,,,,,,n7enf86ljn,TSUSC1DS,3,0,Nos
,,,,,,n7ef3c5qkf,TSUSC1DV,1,0,Nos
,,,,,,n7eesde2pr,Navy and Red Bag L,1,0,Nos
,,,,,,n7e8ure262,TSUSC1EY,1,0,Nos
BOM-CAS LR CBSE Grade 8 Bookkit w/o StationeryFrench-001,CAS LR CBSE Grade 8 Bookkit w/o StationeryFrench,Inventre Edu Services Pvt Ltd,1,INR,1,kllsp53nq6,Grade 8 Mandate Textbook,1,0,Nos
,,,,,,kll2c8cv4m,CAS CBSE Grade 8 Textbook,1,0,Nos
,,,,,,kll3cm3fg3,CAS CBSE Grade 8 French,1,0,Nos
,,,,,,klljpbt9gm,CAS CBSE Grade 8 Notebook,1,0,Nos
,,,,,,kllg4ht67q,CAS LR CBSE Other,1,0,Nos
,,,,,,kllemt7j6m,CAS CBSE Program,1,0,Nos
BOM-CAS LR CBSE Grade 8 Bookkit w/o StationeryHindi-001,CAS LR CBSE Grade 8 Bookkit w/o StationeryHindi,Inventre Edu Services Pvt Ltd,1,INR,1,jsgpk6kmdq,Grade 8 Mandate Textbook,1,0,Nos
,,,,,,jsgd32tiro,CAS CBSE Grade 8 Textbook,1,0,Nos
,,,,,,jsgp70fcno,CAS CBSE Grade 8 Hindi,1,0,Nos
,,,,,,jsgbv989p6,CAS CBSE Grade 8 Notebook,1,0,Nos
,,,,,,jsgl0gd4ts,CAS LR CBSE Other,1,0,Nos
,,,,,,jsgftk0b8s,CAS CBSE Program,1,0,Nos
BOM-CAS LR CBSE Grade 7 Bookkit w/o StationeryFrench-001,CAS LR CBSE Grade 7 Bookkit w/o StationeryFrench,Inventre Edu Services Pvt Ltd,1,INR,1,iv0kpkigo4,Grade 7 Mandate Textbook,1,0,Nos
,,,,,,iv076g2sr1,CAS CBSE Grade 7 Textbook,1,0,Nos
,,,,,,iv0tngvl8f,CAS CBSE Grade 7 Notebook,1,0,Nos
,,,,,,iv0n5h0855,CAS CBSE Grade 7 French,1,0,Nos
,,,,,,iv0o7dsmlb,CAS LR CBSE Other,1,0,Nos
,,,,,,iv0d2di6qu,CAS CBSE Program,1,0,Nos
BOM-CAS LR CBSE Grade 7 Bookkit w/o StationeryHindi-001,CAS LR CBSE Grade 7 Bookkit w/o StationeryHindi,Inventre Edu Services Pvt Ltd,1,INR,1,i0grka5io1,Grade 7 Mandate Textbook,1,0,Nos
,,,,,,i0g7lpo2c0,CAS CBSE Grade 7 Textbook,1,0,Nos
,,,,,,i0g8bg5ihp,CAS CBSE Grade 7 Hindi,1,0,Nos
,,,,,,i0gjkatgqn,CAS CBSE Grade 7 Notebook,1,0,Nos
,,,,,,i0g443slkm,CAS LR CBSE Other,1,0,Nos
,,,,,,i0g10ebq4l,CAS CBSE Program,1,0,Nos
BOM-CAS LR CBSE Grade 6 Bookkit w/o StationeryFrench-001,CAS LR CBSE Grade 6 Bookkit w/o StationeryFrench,Inventre Edu Services Pvt Ltd,1,INR,1,e2fesvgivs,Grade 6 Mandate Textbook,1,0,Nos
,,,,,,e2fpfhinof,CAS CBSE Grade 6 Textbook,1,0,Nos
,,,,,,e2fnf31mqs,CAS CBSE Grade 6 French,1,0,Nos
,,,,,,e2fpqap14b,CAS CBSE Grade 6 Notebook,1,0,Nos
,,,,,,e2fildvpd9,CAS LR CBSE Other,1,0,Nos
,,,,,,e2fjob6btc,CAS CBSE Program,1,0,Nos
BOM-CAS LR CBSE Grade 6 Bookkit w/o StationeryHindi-001,CAS LR CBSE Grade 6 Bookkit w/o StationeryHindi,Inventre Edu Services Pvt Ltd,1,INR,1,d4hv9cdnu8,Grade 6 Mandate Textbook,1,0,Nos
,,,,,,d4hc3oitmr,CAS CBSE Grade 6 Textbook,1,0,Nos
,,,,,,d4hfp3dun5,CAS CBSE Grade 6 Notebook,1,0,Nos
,,,,,,d4hllc6sfa,CAS CBSE Grade 6 Hindi,1,0,Nos
,,,,,,d4hrh6visg,CAS LR CBSE Other,1,0,Nos
,,,,,,d4hncg9qfh,CAS CBSE Program,1,0,Nos
BOM-CAS LR CBSE Grade 5 Bookkit w/o StationeryHindi-001,CAS LR CBSE Grade 5 Bookkit w/o StationeryHindi,Inventre Edu Services Pvt Ltd,1,INR,1,u1ughkhpm4,Grade 5 Mandate Textbook,1,1679.54,Nos
,,,,,,u1ubon2suk,CAS CBSE Grade 5 Textbook,1,0,Nos
,,,,,,u1ukbt2hjm,CAS CBSE Grade 5 Hindi,1,0,Nos
,,,,,,u1uuhi7855,CAS CBSE Grade 5 Notebook,1,0,Nos
,,,,,,u1ug0ot6kj,CAS LR CBSE Other,1,0,Nos
BOM-CAS LR CBSE Grade 5 Bookkit w/o StationeryFrench-001,CAS LR CBSE Grade 5 Bookkit w/o StationeryFrench,Inventre Edu Services Pvt Ltd,1,INR,1,t059jel4rm,Grade 5 Mandate Textbook,1,1679.54,Nos
,,,,,,t058bsahu4,CAS CBSE Grade 5 Textbook,1,0,Nos
,,,,,,t05dmbkei1,CAS CBSE Grade 5 French,1,0,Nos
,,,,,,t05g51omil,CAS CBSE Grade 5 Notebook,1,0,Nos
,,,,,,t05uh1uei4,CAS LR CBSE Other,1,0,Nos
BOM-CAS LR CBSE Grade 4 Bookkit w/o Stationery-001,CAS LR CBSE Grade 4 Bookkit w/o Stationery,Inventre Edu Services Pvt Ltd,1,INR,1,rokm87gdh9,Grade 4 Mandate Textbook,1,1578.82,Nos
,,,,,,rok4ufqhre,CAS CBSE Grade 4 Textbook,1,0,Nos
,,,,,,rokco4derl,CAS CBSE Grade 4 Notebook,1,0,Nos
,,,,,,rokq7dagqs,CAS LR CBSE Other,1,0,Nos
BOM-CAS LR CBSE Grade 3 Bookkit w/o Stationery-001,CAS LR CBSE Grade 3 Bookkit w/o Stationery,Inventre Edu Services Pvt Ltd,1,INR,1,m8cbphraua,Grade 3 Mandate Textbook,1,1731.98,Nos
,,,,,,m8cctr9c2k,CAS CBSE Grade 3 Textbook,1,0,Nos
,,,,,,m8cil3sq88,CAS CBSE Grade 3 Notebook,1,0,Nos
,,,,,,m8cb95gnca,CAS LR CBSE Other,1,0,Nos
BOM-CAS LR CBSE Grade 2 Bookkit w/o Stationery-001,CAS LR CBSE Grade 2 Bookkit w/o Stationery,Inventre Edu Services Pvt Ltd,1,INR,1,l6oqiabplk,Grade 2 Mandate Textbook,1,1049.15,Nos
,,,,,,l6otbpahtr,CAS CBSE Grade 2 Textbook,1,0,Nos
,,,,,,l6ofg7t3ki,CAS CBSE Grade 2 Notebook,1,0,Nos
,,,,,,l6o37c1fis,CAS LR CBSE Other,1,0,Nos
BOM-CAS LR CBSE Grade 1 Bookkit w/o Stationery-001,CAS LR CBSE Grade 1 Bookkit w/o Stationery,Inventre Edu Services Pvt Ltd,1,INR,1,kgp24jo2ls,Grade 1 Mandate Textbook,1,989.33,Nos
,,,,,,kgpuhgq391,CAS CBSE Grade 1 Textbook,1,0,Nos
,,,,,,kgp47j2keq,CAS CBSE Grade 1 Notebook,1,0,Nos
,,,,,,kgp3oravhd,CAS LR CBSE Other,1,0,Nos
BOM-SMS Grade 6 Annual Kit Girls-001,SMS Grade 6 Annual Kit Girls,Inventre Edu Services Pvt Ltd,1,INR,1,ttuttsg1m5,SMS Grade 6 Bookkit,1,0,Nos
,,,,,,ttun05hh1k,SMS Grade 6 Girls Pant,1,0,Nos
BOM-SMS Grade 6 Annual Kit Boys-001,SMS Grade 6 Annual Kit Boys,Inventre Edu Services Pvt Ltd,1,INR,1,tin6v2kmp1,SMS Grade 6 Bookkit,1,0,Nos
,,,,,,tinf6nacmc,SMS GRADE 6 Boys Pant,1,0,Nos
BOM-SMS Grade 6 Girls Pant-001,SMS Grade 6 Girls Pant,Inventre Edu Services Pvt Ltd,1,INR,1,oc6p7f6283,SMS Grade 6 Girls Pant,1,0,Nos
BOM-SMS GRADE 6 Boys Pant-001,SMS GRADE 6 Boys Pant,Inventre Edu Services Pvt Ltd,1,INR,1,nlapnjecoh,SMS GRADE 6 Boys Pant,1,0,Nos
BOM-SMS Grade 9 BookkitHindi 2nd Lan Tel 3rd Lan-001,SMS Grade 9 BookkitHindi 2nd Lan Tel 3rd Lan,Inventre Edu Services Pvt Ltd,1,INR,1,siohjf41dn,Grade 9 Mandate Textbook,1,0,Nos
,,,,,,sionvb643v,SMS Grade 9 Hindi,1,0,Nos
,,,,,,siovs0mak7,SMS Grade 9 Notebook,1,0,Nos
,,,,,,sioletenpm,SMS Grade 8 Stationery,1,0,Nos
,,,,,,siopp66lfj,SMS Grade 9 Program,1,0,Nos
,,,,,,sio15ef2c1,SMS Other,1,0,Nos
BOM-SMS Grade 9 BookkitTelugu 2nd Lan Hin 3rd Lan-001,SMS Grade 9 BookkitTelugu 2nd Lan Hin 3rd Lan,Inventre Edu Services Pvt Ltd,1,INR,1,rp94mpfe6o,Grade 9 Mandate Textbook,1,0,Nos
,,,,,,rp9921crdb,SMS Grade 9 Telugu,1,0,Nos
,,,,,,rp9e4jr8bb,SMS Grade 9 Notebook,1,0,Nos
,,,,,,rp9ppih4cb,SMS Grade 9 Stationery,1,0,Nos
,,,,,,rp9mnbr0m9,SMS Grade 9 Program,1,0,Nos
,,,,,,rp97907bcf,SMS Other,1,0,Nos
BOM-SMS Grade 8 BookkitTelugu 2nd Lan Hin 3rd Lan-001,SMS Grade 8 BookkitTelugu 2nd Lan Hin 3rd Lan,Inventre Edu Services Pvt Ltd,1,INR,1,q6tbfljaj2,Grade 8 Mandate Textbook,1,0,Nos
,,,,,,q6tqguektj,SMS Grade 8 Telugu,1,0,Nos
,,,,,,q6tdo97pu9,SMS Grade 8 Notebook,1,0,Nos
,,,,,,q6topjjoqe,SMS Grade 8 Stationery,1,0,Nos
,,,,,,q6t0r9c60g,SMS Other,1,0,Nos
,,,,,,q6tv9ejj7p,SMS Program,1,0,Nos
BOM-SMS Grade 8 BookkitHindi 2nd Lan Tel 3rd Lan-001,SMS Grade 8 BookkitHindi 2nd Lan Tel 3rd Lan,Inventre Edu Services Pvt Ltd,1,INR,1,pe65528jfe,Grade 8 Mandate Textbook,1,0,Nos
,,,,,,pe6qcdhba4,SMS Grade 8 Hindi,1,0,Nos
,,,,,,pe6d5b78k9,SMS Grade 8 Notebook,1,0,Nos
,,,,,,pe6vqp6ep6,SMS Grade 8 Stationery,1,0,Nos
,,,,,,pe6p4sdc2p,SMS Other,1,0,Nos
,,,,,,pe6p7pop63,SMS Program,1,0,Nos
BOM-SMS Grade 7 BookkitTelugu 2nd Lan Hin 3rd Lan-001,SMS Grade 7 BookkitTelugu 2nd Lan Hin 3rd Lan,Inventre Edu Services Pvt Ltd,1,INR,1,opteacjv24,Grade 7 Mandate Textbook,1,0,Nos
,,,,,,optbkrs2i0,SMS Grade 7 Telugu,1,0,Nos
,,,,,,optp8n4loe,SMS Grade 7 Notebook,1,0,Nos
,,,,,,opt8h13ad1,SMS Grade 7 Stationery,1,0,Nos
,,,,,,opt1i44hhj,SMS Other,1,0,Nos
,,,,,,opt0413nef,SMS Program,1,0,Nos
BOM-SMS Grade 7 BookkitHindi 2nd Lan Tel 3rd Lan-001,SMS Grade 7 BookkitHindi 2nd Lan Tel 3rd Lan,Inventre Edu Services Pvt Ltd,1,INR,1,nah2g9kji5,Grade 7 Mandate Textbook,1,0,Nos
,,,,,,nahpjpqlrv,SMS Grade 7 Hindi,1,0,Nos
,,,,,,nahmo2fmis,SMS Grade 7 Notebook,1,0,Nos
,,,,,,nah89eu745,SMS Grade 7 Stationery,1,0,Nos
,,,,,,nahfqagus8,SMS Other,1,0,Nos
,,,,,,nahv61hhoh,SMS Program,1,0,Nos
BOM-SMS Grade 6 BookkitHindi 2nd Lan Tel 3rd Lan-001,SMS Grade 6 BookkitHindi 2nd Lan Tel 3rd Lan,Inventre Edu Services Pvt Ltd,1,INR,1,mgjun9svlv,Grade 6 Mandate Textbook,1,0,Nos
,,,,,,mgjba01563,SMS Grade 6 Hindi,1,0,Nos
,,,,,,mgj6qf9dhc,SMS Grade 6 Notebook,1,0,Nos
,,,,,,mgj7jegc4l,SMS Grade 6 Stationery,1,0,Nos
,,,,,,mgj93uv747,SMS Other,1,0,Nos
,,,,,,mgjhrhn380,SMS Program,1,0,Nos
BOM-SMS Grade 6 BookkitTelugu 2nd Lan Hin 3rd Lan-001,SMS Grade 6 BookkitTelugu 2nd Lan Hin 3rd Lan,Inventre Edu Services Pvt Ltd,1,INR,1,ktghvmcfgp,Grade 6 Mandate Textbook,1,0,Nos
,,,,,,ktgq7jfn5e,SMS Grade 6 Telugu,1,0,Nos
,,,,,,ktgkere7ge,SMS Grade 6 Notebook,1,0,Nos
,,,,,,ktgj0bul1j,SMS Grade 6 Stationery,1,0,Nos
,,,,,,ktglc9nir2,SMS Other,1,0,Nos
,,,,,,ktgovpag6j,SMS Program,1,0,Nos
BOM-SMS Grade 5 BookkitHindi 2nd Lan Tel 3rd Lan-001,SMS Grade 5 BookkitHindi 2nd Lan Tel 3rd Lan,Inventre Edu Services Pvt Ltd,1,INR,1,k81ufijv6s,Grade 5 Mandate Textbook,1,1679.54,Nos
,,,,,,k8128vghmi,SMS Grade 5 Hindi,1,0,Nos
,,,,,,k81k1ilhc8,SMS Grade 5 Notebook,1,0,Nos
,,,,,,k81vos3n5f,SMS Grade 5 Stationery,1,0,Nos
,,,,,,06ubvquriq,SMS Other,1,0,Nos
,,,,,,06uivlhgkr,SMS Program,1,0,Nos
BOM-SMS Grade 5 BookkitTelugu 2nd Lan Hin 3rd Lan-001,SMS Grade 5 BookkitTelugu 2nd Lan Hin 3rd Lan,Inventre Edu Services Pvt Ltd,1,INR,1,jdfdccfn8p,Grade 5 Mandate Textbook,1,1679.54,Nos
,,,,,,jdfs379921,SMS Grade 5 Telugu,1,0,Nos
,,,,,,jdfqq070tg,SMS Grade 5 Notebook,1,0,Nos
,,,,,,jdfk9b7qut,SMS Grade 5 Stationery,1,0,Nos
,,,,,,jdftff6vge,SMS Other,1,0,Nos
,,,,,,jdfmmsaupl,SMS Program,1,0,Nos
BOM-SMS Grade 4 BookkitHindi 2nd Lan Tel 3rd Lan-001,SMS Grade 4 BookkitHindi 2nd Lan Tel 3rd Lan,Inventre Edu Services Pvt Ltd,1,INR,1,infa8h0tcr,Grade 4 Mandate Textbook,1,1578.82,Nos
,,,,,,inf4hituft,SMS Grade 4 Hindi,1,0,Nos
,,,,,,infvf1lj5d,SMS Grade 4 Notebook,1,0,Nos
,,,,,,inf38c4bio,SMS Grade 4 Stationery,1,0,Nos
,,,,,,inftfl4otr,SMS Other,1,0,Nos
,,,,,,infip5l5oq,SMS Program,1,0,Nos
BOM-SMS Grade 4 BookkitTelugu 2nd Lan Hin 3rd Lan-001,SMS Grade 4 BookkitTelugu 2nd Lan Hin 3rd Lan,Inventre Edu Services Pvt Ltd,1,INR,1,i0lcss3o64,Grade 4 Mandate Textbook,1,1578.82,Nos
,,,,,,i0lsi7cbo4,SMS Grade 4 Telugu,1,0,Nos
,,,,,,i0ll8dcbbp,SMS Grade 4 Notebook,1,0,Nos
,,,,,,i0li1ccnh5,SMS Grade 4 Stationery,1,0,Nos
,,,,,,i0lvjt3iqi,SMS Other,1,0,Nos
,,,,,,i0lde996mb,SMS Program,1,0,Nos
BOM-SMS Grade 3 BookkitHindi 2nd Lan Tel 3rd Lan-001,SMS Grade 3 BookkitHindi 2nd Lan Tel 3rd Lan,Inventre Edu Services Pvt Ltd,1,INR,1,fo168oe49k,Grade 3 Mandate Textbook,1,1731.98,Nos
,,,,,,fo1752ff09,SMS Grade 3 Textbook,1,0,Nos
,,,,,,fo14nej2rk,SMS Grade 3 Hindi,1,0,Nos
,,,,,,fo1s2pr2oo,SMS Grade 3 Notebook,1,0,Nos
,,,,,,fo1t8mubgf,SMS Grade 3 Stationery,1,0,Nos
,,,,,,fo1qc4l7o5,SMS Program,1,0,Nos
,,,,,,fo17kb85fg,SMS Other,1,0,Nos
BOM-SMS Grade 3 BookkitTelugu 2nd Lan Hin 3rd Lan-001,SMS Grade 3 BookkitTelugu 2nd Lan Hin 3rd Lan,Inventre Edu Services Pvt Ltd,1,INR,1,dr0gn5j8ov,Grade 3 Mandate Textbook,1,1731.98,Nos
,,,,,,dr0l4qeggb,SMS Grade 3 Textbook,1,0,Nos
,,,,,,dr08sh6frd,SMS Grade 3 Telugu,1,0,Nos
,,,,,,dr0b3uv8bn,SMS Grade 3 Notebook,1,0,Nos
,,,,,,dr0a79c25n,SMS Grade 3 Stationery,1,0,Nos
,,,,,,dr08851qrj,SMS Program,1,0,Nos
,,,,,,dr0f5nctt6,SMS Other,1,0,Nos
BOM-SMS Grade 2 BookkitTelugu 2nd Lan Hin 3rd Lan-001,SMS Grade 2 BookkitTelugu 2nd Lan Hin 3rd Lan,Inventre Edu Services Pvt Ltd,1,INR,1,cpr41531ac,Grade 2 Mandate Textbook,1,1049.15,Nos
,,,,,,cprm8jbe5e,SMS Grade 2 Textbook,1,0,Nos
,,,,,,cprmt6mcmh,SMS Grade 2 Telugu,1,0,Nos
,,,,,,cpruvcf9a2,SMS Grade 2 Notebook,1,0,Nos
,,,,,,cprpesseo6,SMS Grade 2 Stationery,1,0,Nos
,,,,,,cpr3c688ft,SMS Other,1,0,Nos
BOM-SMS Grade 2 BookkitHindi 2nd Lan Tel 3rd Lan-001,SMS Grade 2 BookkitHindi 2nd Lan Tel 3rd Lan,Inventre Edu Services Pvt Ltd,1,INR,1,bljhld2u0t,Grade 2 Mandate Textbook,1,1049.15,Nos
,,,,,,bljbvhoij7,SMS Grade 2 Textbook,1,0,Nos
,,,,,,blj0t93mjv,SMS Grade 2 Hindi,1,0,Nos
,,,,,,blj9jtuobh,SMS Grade 2 Notebook,1,0,Nos
,,,,,,bljucfbqv4,SMS Grade 2 Stationery,1,0,Nos
,,,,,,bljgqb4n54,SMS Other,1,0,Nos
BOM-SMS Grade 2 Textbook-001,SMS Grade 2 Textbook,Inventre Edu Services Pvt Ltd,1,INR,1,abv0n8541b,Magic World Cursive Writing 2,1,93.5,Nos
BOM-SMS Grade 9 Program-001,SMS Grade 9 Program,Inventre Edu Services Pvt Ltd,1,INR,1,aemtfq6phq,Opendoor Thinking Assessment-SMS,1,480,Nos
BOM-SMS Program-001,SMS Program,Inventre Edu Services Pvt Ltd,1,INR,1,9rkpmfmpca,Opendoor Thinking Assessment-SMS,1,480,Nos
,,,,,,9rk3vng254,Yardstick Science Experience Kit,1,0,Nos
BOM-SMS Grade 9 Stationery-001,SMS Grade 9 Stationery,Inventre Edu Services Pvt Ltd,1,INR,1,6uhtjeqp3v,SMS Flat File,1,13.14,Nos
,,,,,,6uh2jbi45j,File Folder,10,4.45,Nos
,,,,,,6uhr7cc2se,A4 Size Colour Paper Packet (25 sheets),1,19.49,Nos
,,,,,,6uh843mhfo,Transparent Roll,2,33.9,Nos
,,,,,,6uh57e782b,SMS Label Sheet,2,4.24,Nos
,,,,,,6uha34dv2o,Poster Paint (6 Shades),1,50,Nos
,,,,,,6uhi9vidrb,"Flat Brushes - Size 1,3,5,6",1,88.75,Nos
,,,,,,6uhl406cuk,A4 Size Plain Sheets (25 sheets),1,18.64,Nos
BOM-SMS Grade 9 Notebook-001,SMS Grade 9 Notebook,Inventre Edu Services Pvt Ltd,1,INR,1,39h440uvda,Crown 200 pages Single ruled,12,38,Nos
,,,,,,39hi8ihjgn,Crown 200 pages Maths ruled,6,38,Nos
,,,,,,39hjtjf0e4,50 Pages Plain Drawing Book,1,26,Nos
,,,,,,39h8l2otlo,Long 50 Pages Graph Book,1,16,Nos
,,,,,,39h3bav3fk,200 Pages OSR Single Ruled Record Book,2,76,Nos
,,,,,,39hsb79342,100 Pages OSR Single Ruled Record Book,2,43,Nos
,,,,,,39h6bk4aug,Crown 100 pages Plain Book,1,20,Nos
BOM-SMS Grade 9 Telugu-001,SMS Grade 9 Telugu,Inventre Edu Services Pvt Ltd,1,INR,1,r5nm9sn9ve,Vennella 4,1,0,Nos
,,,,,,r5nkh39k1r,Vyakaran Jyothi,1,0,Nos
BOM-SMS Grade 9 Hindi-001,SMS Grade 9 Hindi,Inventre Edu Services Pvt Ltd,1,INR,1,pmi5bdtf4c,Sparsh Grade 9,1,0,Nos
,,,,,,pmib1h6ano,Sanchayan I,1,0,Nos
,,,,,,pmi49jb6e3,Anmol hindi Vyakaran thatha rachana - 9,1,0,Nos
,,,,,,rb1gf4j1ph,Vennella 4,1,0,Nos
BOM-SMS Grade 8 Stationery-001,SMS Grade 8 Stationery,Inventre Edu Services Pvt Ltd,1,INR,1,k6d9693jen,SMS Flat File,1,13.14,Nos
,,,,,,k6d2njmsj5,File Folder,10,4.45,Nos
,,,,,,k6dr4mkbem,A4 Size Colour Paper Packet (25 sheets),1,19.49,Nos
,,,,,,k6d0s9q8rl,Transparent Roll,2,33.9,Nos
,,,,,,k6ddsek0lu,SMS Label Sheet,2,4.24,Nos
,,,,,,k6dib0v8dc,Acrylic Colour Set,2,180,Nos
,,,,,,k6da6abg9a,Colour Pencils - Set of 12,1,59,Nos
,,,,,,k6d6bi7d6v,Poster Paint (6 Shades),1,50,Nos
,,,,,,k6d1hh4t25,"Flat Brushes - Size 1,3,5,6",1,88.75,Nos
,,,,,,k6doffaide,A4 Size Plain Sheets (25 sheets),1,18.64,Nos
,,,,,,k6dp63v2j5,India Political Map (Booklet of 10),1,0,Nos
,,,,,,k6dq5jnr5e,India Outline Maps,1,0.6,Nos
BOM-SMS Grade 8 Notebook-001,SMS Grade 8 Notebook,Inventre Edu Services Pvt Ltd,1,INR,1,fd2jlr332c,Crown 200 pages Single ruled,9,38,Nos
,,,,,,fd2jnnb5se,Crown 100 pages Single ruled,4,20,Nos
,,,,,,fd2pmqb6g2,Crown 200 pages Maths ruled,4,38,Nos
,,,,,,fd2d1m8vqh,50 Pages Plain Drawing Book,1,26,Nos
,,,,,,fd2i4kghd8,Long 50 Pages Graph Book,1,16,Nos
,,,,,,fd2s4na8hh,100 Pages OSR Single Ruled Record Book,1,43,Nos
,,,,,,fd2g4came1,Crown 100 pages OSR Single Leaved,1,20,Nos
BOM-SMS Grade 8 Telugu-001,SMS Grade 8 Telugu,Inventre Edu Services Pvt Ltd,1,INR,1,8670tkn2gq,Nava Vasantham - 3,1,0,Nos
,,,,,,867j9lgjeg,Vyakaran Jyothi,1,0,Nos
,,,,,,867ut9578b,Baag Bagicha Bhag-3,1,0,Nos
BOM-SMS Grade 8 Hindi-001,SMS Grade 8 Hindi,Inventre Edu Services Pvt Ltd,1,INR,1,6uck1b1qvn,Malhaar 8,1,55.25,Nos
,,,,,,6ucl0bvt4f,Hindi Vyakaran thatha rachana - 8 (with a CD),1,299.2,Nos
,,,,,,6uc0h3p373,Vennela - 3 Telugu Vaachakam,1,0,Nos
BOM-SMS Grade 7 Stationery-001,SMS Grade 7 Stationery,Inventre Edu Services Pvt Ltd,1,INR,1,40ek4c4a6g,SMS Flat File,1,13.14,Nos
,,,,,,40eikgdfub,File Folder,10,4.45,Nos
,,,,,,40e6k4kuf3,A4 Size Colour Paper Packet (25 sheets),1,19.49,Nos
,,,,,,40e8jgjd4n,Transparent Roll,2,33.9,Nos
,,,,,,40ep68rlp9,SMS Label Sheet,2,4.24,Nos
,,,,,,40eueec6bm,Acrylic Colour Set,1,180,Nos
,,,,,,40es76h9mf,Colour Pencils - Set of 12,1,59,Nos
,,,,,,40e1l1be7f,Poster Paint (6 Shades),1,50,Nos
,,,,,,40eh9ss3rg,"Flat Brushes - Size 1,3,5,6",1,88.75,Nos
,,,,,,40ej6gupp1,A4 Size Plain Sheets (25 sheets),1,18.64,Nos
,,,,,,40e5c7ftcs,India Political Map (Booklet of 10),1,0,Nos
,,,,,,40eve20hlu,India Outline Maps,2,0.6,Nos
BOM-SMS Grade 7 Notebook-001,SMS Grade 7 Notebook,Inventre Edu Services Pvt Ltd,1,INR,1,tj8d4es5p7,Crown 200 pages Single ruled,9,38,Nos
,,,,,,tj85eaudb0,Crown 100 pages Single ruled,2,20,Nos
,,,,,,tj87a1873p,Crown 200 pages Maths ruled,4,38,Nos
,,,,,,tj84289mgt,50 Pages Plain Drawing Book,1,26,Nos
,,,,,,tj80bnob40,Long 50 Pages Graph Book,1,16,Nos
,,,,,,tj8h7noi48,100 Pages OSR Single Ruled Record Book,1,43,Nos
,,,,,,tj824q3dak,Crown 100 pages OSR Single Leaved,1,20,Nos
BOM-SMS Grade 7 Telugu-001,SMS Grade 7 Telugu,Inventre Edu Services Pvt Ltd,1,INR,1,o7nigjorgu,Nava Vasantham - 2,1,0,Nos
,,,,,,o7ngsk4217,Baag Bagicha Bhag-2,1,0,Nos
,,,,,,o7n1k86oae,Vyakaran Jyothi,1,0,Nos
BOM-SMS Grade 7 Hindi-001,SMS Grade 7 Hindi,Inventre Edu Services Pvt Ltd,1,INR,1,ha7iuqep9t,Malhaar 7,1,65,Nos
,,,,,,ha7dq59qhk,Hindi Vyakaran thatha rachana - 7 (with a CD),1,292.4,Nos
,,,,,,ha7v74i5ja,Vennela - 2 Telugu Vaachakam,1,0,Nos
BOM-SMS Grade 6 Stationery-001,SMS Grade 6 Stationery,Inventre Edu Services Pvt Ltd,1,INR,1,5qt58qqluu,SMS Flat File,1,13.14,Nos
,,,,,,5qthp1kj6g,File Folder,10,4.45,Nos
,,,,,,5qtm200h9n,A4 Size Colour Paper Packet (25 sheets),1,19.49,Nos
,,,,,,5qttf3m41f,Transparent Roll,2,33.9,Nos
,,,,,,5qtjjmrjej,SMS Label Sheet,1,4.24,Nos
,,,,,,5qt5flr7i3,Acrylic Colour Set,1,180,Nos
,,,,,,5qtofgt665,Colour Pencils - Set of 12,1,59,Nos
,,,,,,5qt7rne25l,Poster Paint (6 Shades),1,50,Nos
,,,,,,5qtvifmn4q,"Flat Brushes - Size 1,3,5,6",1,88.75,Nos
,,,,,,5qtblmrfpp,A4 Size Plain Sheets (25 sheets),1,18.64,Nos
,,,,,,5qt86cvf6t,India Political Map (Booklet of 10),1,0,Nos
,,,,,,5qttesnajg,India Outline Maps,1,0.6,Nos
BOM-SMS Grade 6 Notebook-001,SMS Grade 6 Notebook,Inventre Edu Services Pvt Ltd,1,INR,1,v2af47l5p7,Crown 200 pages Single ruled,9,38,Nos
,,,,,,v2ag3fpog3,Crown 100 pages Single ruled,2,20,Nos
,,,,,,v2adb866sv,Crown 200 pages Maths ruled,4,38,Nos
,,,,,,v2adnq6rdv,50 Pages Plain Drawing Book,1,26,Nos
,,,,,,v2aujol14k,Long 50 Pages Graph Book,1,16,Nos
,,,,,,v2akh54v8f,100 Pages OSR Single Ruled Record Book,1,43,Nos
,,,,,,v2aq6cmgkn,Crown 100 pages OSR Single Leaved,1,20,Nos
BOM-SMS Grade 6 Telugu-001,SMS Grade 6 Telugu,Inventre Edu Services Pvt Ltd,1,INR,1,qolafgpek2,Nava Vasantham - 1,1,0,Nos
,,,,,,qolqp2f8be,Baag Bagicha Bhag-1,1,0,Nos
,,,,,,qolic1k9gp,Vyakaran Jyothi,1,0,Nos
BOM-SMS Grade 6 Hindi-001,SMS Grade 6 Hindi,Inventre Edu Services Pvt Ltd,1,INR,1,q3ecieq8do,Malhaar 6,1,55,Nos
,,,,,,q3efj1592v,Hindi Vyakaran thatha rachana - 6 (with a CD),1,292,Nos
,,,,,,q3e23tqk3e,Vennela - 1 Telugu Vaachakam,1,0,Nos
BOM-SMS Grade 5 Stationery-001,SMS Grade 5 Stationery,Inventre Edu Services Pvt Ltd,1,INR,1,p2f5j16jki,Fevistik,1,12.5,Nos
,,,,,,p2feado3i0,Poster Paint (6 Shades),1,50,Nos
,,,,,,p2f69lr9ka,Pencils (1 box),1,35.4,Nos
,,,,,,p2f36kdj51,Red pencil (Nataraj),2,4.5,Nos
,,,,,,p2f5mg1rql,Erasers,2,1.77,Nos
,,,,,,p2fnlmovrl,Sharpener,2,1.77,Nos
,,,,,,p2fgra35dv,Transparent Roll,2,33.9,Nos
,,,,,,p2fnrhff80,SMS Label Sheet,2,4.24,Nos
,,,,,,p2fre9a289,SMS Flat File,1,13.14,Nos
,,,,,,p2fnhochng,File Folder,6,4.45,Nos
,,,,,,p2f6um2qr8,Oil pastel- 12 shades,1,0,Nos
,,,,,,p2fkknmf2p,Marker Pen-Black CD Marker,1,0,Nos
,,,,,,p2ftrgbpsq,Fevicol,1,12.5,Nos
,,,,,,p2fflkmo0m,Sketch Pens,1,17.5,Nos
,,,,,,p2fkf471vm,A4 Size Colour Paper Packet (25 sheets),1,19.49,Nos
,,,,,,p2f87ge3sj,Legal Size Button Folder,1,10.17,Nos
,,,,,,p2fjihd778,Geometry Box,1,0,Nos
,,,,,,p2fdtt8u90,"Flat Brushes - Size 1,3,5,6",1,88.75,Nos
,,,,,,p2flahmj3n,World Map Outline (Latitudes Marked),10,0,Nos
,,,,,,p2f17cre2o,India Political,5,0.6,Nos
,,,,,,p2fau4fv26,India Physical,5,0,Nos
BOM-WM JK Magic Box Girls Grade 9-001,WM JK Magic Box Girls Grade 9,Inventre Edu Services Pvt Ltd,1,INR,1,of9hckorv9,WM JK Maroon Polo,2,0,Nos
,,,,,,of97pcra2g,WM JK Girls Pant,2,0,Nos
,,,,,,of9b9jhbu9,WM JK Sports Polo,1,0,Nos
,,,,,,of93evuu0m,WM JK Sports Track,1,0,Nos
,,,,,,of9ovdgahi,WM JK Regular Socks,2,0,Nos
,,,,,,of90rphckc,WM JK Sports Socks,1,0,Nos
,,,,,,of91bp7v2e,WM JK Belt,1,0,Nos
,,,,,,of9ebqdkr2,WM JK Caps,1,0,Nos
,,,,,,of9l17qda9,WM JK Hoodie,1,0,Nos
,,,,,,of9l4sndck,WM JK Secondary Bag,1,0,Nos
,,,,,,of9gkbvtim,WM JK Shoes,1,0,Nos
,,,,,,b79sr2j1bk,WM JK Grade 9 Bookkit,1,0,Nos
BOM-WM JK Magic Box Boys Grade 9-001,WM JK Magic Box Boys Grade 9,Inventre Edu Services Pvt Ltd,1,INR,1,kr9r2lea1b,WM JK Maroon Polo,2,0,Nos
,,,,,,kr9ihrfm7h,WM JK Boys Pant,2,0,Nos
,,,,,,kr9nml79ik,WM JK Sports Polo,1,0,Nos
,,,,,,kr93kq22j2,WM JK Sports Track,1,0,Nos
,,,,,,kr9qgilg18,WM JK Regular Socks,2,0,Nos
,,,,,,kr9lq0lt8u,WM JK Sports Socks,1,0,Nos
,,,,,,kr9bf0e7eb,WM JK Belt,1,0,Nos
,,,,,,kr9ao2kp0l,WM JK Caps,1,0,Nos
,,,,,,kr98h3sliu,WM JK Hoodie,1,0,Nos
,,,,,,kr9rke2rka,WM JK Secondary Bag,1,0,Nos
,,,,,,kr9rs1hpkk,WM JK Shoes,1,0,Nos
,,,,,,bc1t30ngn5,WM JK Grade 9 Bookkit,1,0,Nos
BOM-SMS Grade 5 Notebook-001,SMS Grade 5 Notebook,Inventre Edu Services Pvt Ltd,1,INR,1,jam451plb2,Crown 100 pages Single ruled,12,20,Nos
,,,,,,jam3ve0tq2,Crown 100 pages OSR Single Leaved,4,20,Nos
,,,,,,jamtiam349,50 Pages Plain Drawing Book,1,26,Nos
BOM-SMS Grade 5 Telugu-001,SMS Grade 5 Telugu,Inventre Edu Services Pvt Ltd,1,INR,1,h8hvkg1thl,Saraswati Telugu - BOOK 5,1,125,Nos
,,,,,,h8haapbe74,Vyakaran Jyothi,1,0,Nos
,,,,,,h8hov3sol2,Ankush Hindi Praveshika-2,1,0,Nos
BOM-SMS Grade 5 Hindi-001,SMS Grade 5 Hindi,Inventre Edu Services Pvt Ltd,1,INR,1,ghvm0dj6cv,Navbharti Revised 5,1,192,Nos
,,,,,,ghvqeuo5pr,Sahaj hindi vyakaran pt 5,1,186,Nos
,,,,,,ghvbs6322i,Saraswati Telugu - BOOK 2,1,115,Nos
BOM-SMS Grade 4 Stationery-001,SMS Grade 4 Stationery,Inventre Edu Services Pvt Ltd,1,INR,1,f4pl9psadm,Fevistik,1,12.5,Nos
,,,,,,f4pglktb8g,Colour Pencils - Set of 12,1,59,Nos
,,,,,,f4ppfmrsfu,Pencils (1 box),1,35.4,Nos
,,,,,,f4pqfis3ns,Red pencil (Nataraj),2,4.5,Nos
,,,,,,f4pr47asg2,Erasers,2,1.77,Nos
,,,,,,f4pfq3n073,Sharpener,2,1.77,Nos
,,,,,,f4pg0jddlm,Transparent Roll,2,33.9,Nos
,,,,,,f4p97lftc5,SMS Label Sheet,2,4.24,Nos
,,,,,,f4pimuqouj,SMS Flat File,1,13.14,Nos
,,,,,,f4p3ma8ajh,File Folder,6,4.45,Nos
,,,,,,f4pis2lkqj,Oil pastel- 12 shades,1,0,Nos
,,,,,,f4pj26h0v5,Scale,1,0,Nos
,,,,,,f4p196408u,Fevicol,1,12.5,Nos
,,,,,,f4pauuf7m5,Sketch Pens,1,17.5,Nos
,,,,,,f4phdbq8gm,A4 Size Colour Paper Packet (25 sheets),1,19.49,Nos
,,,,,,f4pmvpqkra,World Map Outline,5,0,Nos
,,,,,,f4pelb8v23,India Political,5,0.6,Nos
,,,,,,f4pm5krc06,India Physical,5,0,Nos
BOM-SMS Grade 4 Notebook-001,SMS Grade 4 Notebook,Inventre Edu Services Pvt Ltd,1,INR,1,b9grer07fj,Crown 100 pages Single ruled,12,20,Nos
,,,,,,b9gm0accib,Crown 100 pages OSR Single Leaved,4,20,Nos
,,,,,,b9gvsqcrh6,50 Pages Plain Drawing Book,1,26,Nos
BOM-SMS Grade 4 Telugu-001,SMS Grade 4 Telugu,Inventre Edu Services Pvt Ltd,1,INR,1,9ar8ohf8a7,Saraswati Telugu - BOOK 4,1,125,Nos
,,,,,,9arh659bnf,Vyakaran Jyothi,1,0,Nos
,,,,,,9arr0uc5m7,Swar Gyan 4,1,0,Nos
BOM-SMS Grade 4 Hindi-001,SMS Grade 4 Hindi,Inventre Edu Services Pvt Ltd,1,INR,1,6p09ns0hkh,Navbharti Revised – 4,1,188,Nos
,,,,,,6p0391l3re,Sahaj hindi vyakaran pt 4,1,178,Nos
,,,,,,6p0q1rdfk6,Saraswati Telugu-Book 1,1,105,Nos
BOM-SMS Grade 3 Stationery-001,SMS Grade 3 Stationery,Inventre Edu Services Pvt Ltd,1,INR,1,v33ljji9b4,Fevistik,1,12.5,Nos
,,,,,,v33qt30po3,Colour Pencils - Set of 12,1,59,Nos
,,,,,,v33417snc3,Pencils (1 box),1,35.4,Nos
,,,,,,v33eaa5lgk,Red pencil (Nataraj),2,4.5,Nos
,,,,,,v33g18ilbc,Erasers,2,1.77,Nos
,,,,,,v33vnmod1g,Sharpener,2,1.77,Nos
,,,,,,v33o3mhjt6,Transparent Roll,2,33.9,Nos
,,,,,,v335eov2i5,SMS Label Sheet,2,4.24,Nos
,,,,,,v33fv6ubis,SMS Flat File,1,13.14,Nos
,,,,,,v33054el81,File Folder,6,4.45,Nos
,,,,,,v338410i8m,Oil pastel- 12 shades,1,0,Nos
,,,,,,v33v1bl5fa,Scale,1,0,Nos
,,,,,,v335e7b7pm,Fevicol,1,12.5,Nos
,,,,,,v33snvopar,Sketch Pens,1,17.5,Nos
,,,,,,v33upq6ivl,A4 Size Colour Paper Packet (25 sheets),1,19.49,Nos
,,,,,,1mqebbd64g,World Map Outline,4,0,Nos
,,,,,,1mqqbporip,India Political,6,0.6,Nos
,,,,,,1mqepm40sm,India Physical,6,0,Nos
BOM-SMS Grade 3 Notebook-001,SMS Grade 3 Notebook,Inventre Edu Services Pvt Ltd,1,INR,1,4uma1tdqdm,Crown 100 pages Single ruled,8,20,Nos
,,,,,,4um66sp13b,Crown 100 pages Board ruled,4,20,Nos
,,,,,,4um2hfg22k,Crown 100 pages OSR Single Leaved,3,20,Nos
,,,,,,4umnvvtbm4,50 Pages Plain Drawing Book,1,26,Nos
BOM-SMS Grade 3 Textbook-001,SMS Grade 3 Textbook,Inventre Edu Services Pvt Ltd,1,INR,1,udiu713d37,Junior Mini Dictionary,1,185.24,Nos
BOM-SMS Grade 3 Telugu-001,SMS Grade 3 Telugu,Inventre Edu Services Pvt Ltd,1,INR,1,r0kaejdngr,Saraswati Telugu-Book 3,1,125,Nos
,,,,,,r0ko22retu,Shabd Gyan,1,0,Nos
BOM-SMS Grade 3 Hindi-001,SMS Grade 3 Hindi,Inventre Edu Services Pvt Ltd,1,INR,1,pocv0qfbhv,Navbharti Revised 3,1,184,Nos
,,,,,,pocp413ltp,Saraswati Telugu-Book 1,1,105,Nos
BOM-SMS Grade 2 Stationery-001,SMS Grade 2 Stationery,Inventre Edu Services Pvt Ltd,1,INR,1,q3ejbf6rhh,Fevistik,1,12.5,Nos
,,,,,,q3e8kgi4eg,Colour Pencils - Set of 12,1,59,Nos
,,,,,,q3edrn68o3,Pencils (1 box),1,35.4,Nos
,,,,,,q3epnm7h9r,Red pencil (Nataraj),2,4.5,Nos
,,,,,,q3enfh08s8,Erasers,2,1.77,Nos
,,,,,,q3er1v6a9u,Sharpener,2,1.77,Nos
,,,,,,q3eut270ra,Transparent Roll,1,33.9,Nos
,,,,,,q3e95olijt,SMS Label Sheet,2,4.24,Nos
,,,,,,q3elakejla,SMS Flat File,1,13.14,Nos
,,,,,,q3e3r8dto9,Legal Size Button Folder,1,10.17,Nos
,,,,,,q3emr7ot7i,A4 Size Colour Paper Packet (25 sheets),1,19.49,Nos
BOM-SMS Grade 2 Notebook-001,SMS Grade 2 Notebook,Inventre Edu Services Pvt Ltd,1,INR,1,d5eo5ouv0i,Crown 100 Pages Four Ruled,6,20,Nos
,,,,,,d5eooc4o8m,Crown 100 Pages Double Ruled,4,20,Nos
,,,,,,d5e231off7,Crown 100 Pages Small Check Ruled,3,20,Nos
,,,,,,d5ed2ani61,50 Pages Plain Drawing Book,1,26,Nos
BOM-SMS Grade 2 Telugu-001,SMS Grade 2 Telugu,Inventre Edu Services Pvt Ltd,1,INR,1,90l1j7c8qp,Saraswati Telugu - BOOK 2,1,115,Nos
,,,,,,90ltkskefb,Saral Bhasha - Praveshika -B,1,0,Nos
BOM-SMS Grade 2 Hindi-001,SMS Grade 2 Hindi,Inventre Edu Services Pvt Ltd,1,INR,1,761gc04k6k,Navbharti Revised 2,1,172,Nos
,,,,,,761jd5cgh9,Saraswati Telugu- UKG,1,80,Nos
BOM-SAS Suchitra Grade 9 BookkitTelugu 2nd Lan Hin 3rd Lan-001,SAS Suchitra Grade 9 BookkitTelugu 2nd Lan Hin 3rd Lan,Inventre Edu Services Pvt Ltd,1,INR,1,9ki099t1lh,Grade 9 Mandate Textbook,1,0,Nos
,,,,,,9ki8p97j84,SAS Grade 9 Telugu,1,0,Nos
,,,,,,9kid5g6hql,SAS Grade 9 Notebook,1,0,Nos
,,,,,,9kifil06d2,SAS BP Grade 9 Stationery,1,0,Nos
,,,,,,9kiho48tud,SAS Suchitra Other,1,0,Nos
,,,,,,9kil2o39aq,SAS Program,1,0,Nos
BOM-SAS Suchitra Grade 9 BookkitFrench 2nd Lan Tel 3rd Lan-001,SAS Suchitra Grade 9 BookkitFrench 2nd Lan Tel 3rd Lan,Inventre Edu Services Pvt Ltd,1,INR,1,8tfvva9rvb,Grade 9 Mandate Textbook,1,0,Nos
,,,,,,8tfu7ejigf,SAS Grade 9 French,1,0,Nos
,,,,,,8tfk9b7qb7,SAS Grade 9 Notebook,1,0,Nos
,,,,,,8tfvrnm8on,SAS BP Grade 9 Stationery,1,0,Nos
,,,,,,8tfc2p7ma2,SAS Suchitra Other,1,0,Nos
,,,,,,8tf1b7hjpq,SAS Program,1,0,Nos
BOM-SAS Suchitra Grade 9 BookkitHindi 2nd Lan Tel 3rd Lan-001,SAS Suchitra Grade 9 BookkitHindi 2nd Lan Tel 3rd Lan,Inventre Edu Services Pvt Ltd,1,INR,1,8bbnfmofmj,Grade 9 Mandate Textbook,1,0,Nos
,,,,,,8bb7kr5hhu,SAS Grade 9 Hindi,1,0,Nos
,,,,,,8bb3juon4g,SAS Grade 9 Notebook,1,0,Nos
,,,,,,8bb0up0gq4,SAS BP Grade 9 Stationery,1,0,Nos
,,,,,,8bbucv508n,SAS Suchitra Other,1,0,Nos
,,,,,,8bbn7ns75q,SAS Program,1,0,Nos
BOM-SAS Suchitra Grade 8 BookkitTelugu 2nd Lan Hin 3rd Lan-001,SAS Suchitra Grade 8 BookkitTelugu 2nd Lan Hin 3rd Lan,Inventre Edu Services Pvt Ltd,1,INR,1,7n1ecg17br,Grade 8 Mandate Textbook,1,0,Nos
,,,,,,7n17aatgig,SAS Grade 8 Telugu,1,0,Nos
,,,,,,7n1muubupv,SAS Grade 8 Notebook,1,0,Nos
,,,,,,7n1sn09tsm,SAS BP Grade 8 Stationery,1,0,Nos
,,,,,,7n1pfq2fhs,SAS Suchitra Other,1,0,Nos
,,,,,,7n1nfoef2n,SAS Program,1,0,Nos
BOM-SAS Suchitra Grade 8 BookkitFrench 2nd Lan Tel 3rd Lan-001,SAS Suchitra Grade 8 BookkitFrench 2nd Lan Tel 3rd Lan,Inventre Edu Services Pvt Ltd,1,INR,1,6rg5d693ej,Grade 8 Mandate Textbook,1,0,Nos
,,,,,,6rg3mj3tmn,SAS Grade 8 French,1,0,Nos
,,,,,,6rggh6qlut,SAS Grade 8 Notebook,1,0,Nos
,,,,,,6rg15m4it0,SAS BP Grade 8 Stationery,1,0,Nos
,,,,,,6rggsevo46,SAS Suchitra Other,1,0,Nos
,,,,,,6rg3h07mn9,SAS Program,1,0,Nos
BOM-SAS Suchitra Grade 8 Bookkit Hindi 2nd Lan Tel 3rd Lan-001,SAS Suchitra Grade 8 Bookkit Hindi 2nd Lan Tel 3rd Lan,Inventre Edu Services Pvt Ltd,1,INR,1,68ljqph481,Grade 8 Mandate Textbook,1,0,Nos
,,,,,,68l817n23u,SAS Grade 8 Hindi,1,0,Nos
,,,,,,68ls0slj3j,SAS Grade 8 Notebook,1,0,Nos
,,,,,,68l9hk3m2e,SAS BP Grade 8 Stationery,1,0,Nos
,,,,,,68l2d06hg5,SAS Suchitra Other,1,0,Nos
,,,,,,68l72jbg08,SAS Program,1,0,Nos
BOM-SAS Suchitra Grade 7 BookkitTelugu 2nd Lan Hin 3rd Lan-001,SAS Suchitra Grade 7 BookkitTelugu 2nd Lan Hin 3rd Lan,Inventre Edu Services Pvt Ltd,1,INR,1,4qm3e55v72,Grade 7 Mandate Textbook,1,0,Nos
,,,,,,4qm39c46jn,SAS Grade 7 Telugu,1,0,Nos
,,,,,,4qm8mfm53o,SAS Grade 7 Notebook,1,0,Nos
,,,,,,4qmf4j3ejv,SAS BP Grade 7 Stationery,1,0,Nos
,,,,,,4qmbigklvh,SAS Suchitra Other,1,0,Nos
,,,,,,4qmnil1n97,SAS Program,1,0,Nos
BOM-SAS Suchitra Grade 7 BookkitFrench 2nd Lan Tel 3rd Lan-001,SAS Suchitra Grade 7 BookkitFrench 2nd Lan Tel 3rd Lan,Inventre Edu Services Pvt Ltd,1,INR,1,4674dhhk2e,Grade 7 Mandate Textbook,1,0,Nos
,,,,,,467p0jedbs,SAS Grade 7 French,1,0,Nos
,,,,,,467atc54to,SAS Grade 7 Notebook,1,0,Nos
,,,,,,467gl8d9fo,SAS BP Grade 7 Stationery,1,0,Nos
,,,,,,467cjcb6oa,SAS Suchitra Other,1,0,Nos
,,,,,,467v9p7fme,SAS Program,1,0,Nos
BOM-SAS Suchitra Grade 7 BookkitHindi 2nd Lan Tel 3rd Lan-001,SAS Suchitra Grade 7 BookkitHindi 2nd Lan Tel 3rd Lan,Inventre Edu Services Pvt Ltd,1,INR,1,2nj736hbv1,Grade 7 Mandate Textbook,1,0,Nos
,,,,,,2njmimu0h2,SAS Grade 7 Hindi,1,0,Nos
,,,,,,2njepkilog,SAS Grade 7 Notebook,1,0,Nos
,,,,,,2njt58uf2e,SAS BP Grade 7 Stationery,1,0,Nos
,,,,,,2njfmlshe9,SAS Suchitra Other,1,0,Nos
,,,,,,2nj46f144a,SAS Program,1,0,Nos
BOM-SAS Suchitra Grade 6 BookkitTelugu 2nd Lan Hin 3rd Lan-001,SAS Suchitra Grade 6 BookkitTelugu 2nd Lan Hin 3rd Lan,Inventre Edu Services Pvt Ltd,1,INR,1,242l19h49b,Grade 6 Mandate Textbook,1,0,Nos
,,,,,,2427ap5je8,SAS Grade 6 Telugu,1,0,Nos
,,,,,,242cdb8puh,SAS Grade 6 Notebook,1,0,Nos
,,,,,,2421vv55lt,SAS BP Grade 6 Stationery,1,0,Nos
,,,,,,2426v1knc7,SAS Suchitra Other,1,0,Nos
,,,,,,242gq5nl8m,SAS Program,1,0,Nos
BOM-SAS Suchitra Grade 6 BookkitFrench 2nd Lan Tel 3rd Lan-001,SAS Suchitra Grade 6 BookkitFrench 2nd Lan Tel 3rd Lan,Inventre Edu Services Pvt Ltd,1,INR,1,1d2m711723,Grade 6 Mandate Textbook,1,0,Nos
,,,,,,1d2etf460j,SAS Grade 6 French,1,0,Nos
,,,,,,1d2nr18rli,SAS Grade 6 Notebook,1,0,Nos
,,,,,,1d2k7bml71,SAS BP Grade 6 Stationery,1,0,Nos
,,,,,,1d2cmp0bs9,SAS Suchitra Other,1,0,Nos
,,,,,,1d2qabm4i2,SAS Program,1,0,Nos
BOM-SAS Suchitra Grade 6 BookkitHindi 2nd Lan Tel 3rd Lan-001,SAS Suchitra Grade 6 BookkitHindi 2nd Lan Tel 3rd Lan,Inventre Edu Services Pvt Ltd,1,INR,1,0m2ctv4u21,Grade 6 Mandate Textbook,1,0,Nos
,,,,,,0m2naagvqk,SAS Grade 6 Hindi,1,0,Nos
,,,,,,0m2vlit0o1,SAS Grade 6 Notebook,1,0,Nos
,,,,,,0m2p1fsban,SAS BP Grade 6 Stationery,1,0,Nos
,,,,,,0m2emhn3m3,SAS Suchitra Other,1,0,Nos
,,,,,,0m291rss4k,SAS Program,1,0,Nos
BOM-SAS Suchitra Grade 5 BookkitFrench 2nd Lan Tel 3rd Lan-001,SAS Suchitra Grade 5 BookkitFrench 2nd Lan Tel 3rd Lan,Inventre Edu Services Pvt Ltd,1,INR,1,vvgj4j0a4s,Grade 5 Mandate Textbook,1,1679.54,Nos
,,,,,,vvge9k7f3i,SAS Grade 5 French,1,0,Nos
,,,,,,vvgni0qb14,SAS Grade 5 Notebook,1,0,Nos
,,,,,,vvgibmuq3b,SAS BP Grade 5 Stationery,1,0,Nos
,,,,,,vvglhju066,SAS Suchitra Other,1,0,Nos
,,,,,,vvg34qq75b,SAS Program,1,0,Nos
BOM-SAS Suchitra Grade 5 BookkitHindi 2nd Lan Tel 3rd Lan-001,SAS Suchitra Grade 5 BookkitHindi 2nd Lan Tel 3rd Lan,Inventre Edu Services Pvt Ltd,1,INR,1,vcobdegndm,Grade 5 Mandate Textbook,1,1679.54,Nos
,,,,,,vco2n5e1a5,SAS Grade 5 Hindi,1,0,Nos
,,,,,,vcod4l27a9,SAS Grade 5 Notebook,1,0,Nos
,,,,,,vco5lt6jcv,SAS BP Grade 5 Stationery,1,0,Nos
,,,,,,vco041sgvt,SAS Suchitra Other,1,0,Nos
,,,,,,vco7sucevt,SAS Program,1,0,Nos
BOM-SAS Suchitra Grade 5 BookkitTelugu 2nd Lan Hin 3rd Lan-001,SAS Suchitra Grade 5 BookkitTelugu 2nd Lan Hin 3rd Lan,Inventre Edu Services Pvt Ltd,1,INR,1,um42tpbeg4,Grade 5 Mandate Textbook,1,1679.54,Nos
,,,,,,um42srunp3,SAS Grade 5 Telugu,1,0,Nos
,,,,,,um4l9svpnd,SAS Grade 5 Notebook,1,0,Nos
,,,,,,um49tn3gs4,SAS BP Grade 5 Stationery,1,0,Nos
,,,,,,um4faq93n7,SAS Suchitra Other,1,0,Nos
,,,,,,um4g4l76e9,SAS Program,1,0,Nos
BOM-SAS Suchitra Grade 4 BookkitHindi 2nd Lan Tel 3rd Lan-001,SAS Suchitra Grade 4 BookkitHindi 2nd Lan Tel 3rd Lan,Inventre Edu Services Pvt Ltd,1,INR,1,turfdnrq4f,Grade 4 Mandate Textbook,1,1578.82,Nos
,,,,,,turtme88u7,SAS Grade 4 Hindi,1,0,Nos
,,,,,,tur3bkj3o1,SAS Grade 4 Notebook,1,0,Nos
,,,,,,turjvsgptp,SAS BP Grade 4 Stationery,1,0,Nos
,,,,,,ture0cpt3e,SAS Suchitra Other,1,0,Nos
,,,,,,turn2skt35,SAS Program,1,0,Nos
BOM-SAS Suchitra Grade 4 BookkitTelugu 2nd Lan Hin 3rd Lan-001,SAS Suchitra Grade 4 BookkitTelugu 2nd Lan Hin 3rd Lan,Inventre Edu Services Pvt Ltd,1,INR,1,t88sroccs4,Grade 4 Mandate Textbook,1,1578.82,Nos
,,,,,,t88fl5bvjg,SAS Grade 4 Telugu,1,0,Nos
,,,,,,t88q9egk8l,SAS Grade 4 Notebook,1,0,Nos
,,,,,,t88seei2jp,SAS BP Grade 4 Stationery,1,0,Nos
,,,,,,t88etu8d2g,SAS Suchitra Other,1,0,Nos
,,,,,,t88iqtp28q,SAS Program,1,0,Nos
BOM-SAS Suchitra Grade 3 BookkitHindi 2nd Lan Tel 3rd Lan-001,SAS Suchitra Grade 3 BookkitHindi 2nd Lan Tel 3rd Lan,Inventre Edu Services Pvt Ltd,1,INR,1,sjcs344of1,Grade 3 Mandate Textbook,1,1731.98,Nos
,,,,,,sjcaclakhv,SAS Grade 3 Textbook,1,0,Nos
,,,,,,sjc2ocg33j,SAS Grade 3 Hindi,1,0,Nos
,,,,,,sjca34ppoj,SAS Grade 3 Notebook,1,0,Nos
,,,,,,sjcblucn6q,SAS BP Grade 3 Stationery,1,0,Nos
,,,,,,sjc99uid10,SAS Suchitra Other,1,0,Nos
,,,,,,sjcehejoi3,SAS Program,1,0,Nos
BOM-SAS Suchitra Grade 3 BookkitTelugu 2nd Lan Hin 3rd Lan-001,SAS Suchitra Grade 3 BookkitTelugu 2nd Lan Hin 3rd Lan,Inventre Edu Services Pvt Ltd,1,INR,1,rsats6ee0i,Grade 3 Mandate Textbook,1,1731.98,Nos
,,,,,,rsaqvokodg,SAS Grade 3 Textbook,1,0,Nos
,,,,,,rsaqic9kmd,SAS Grade 3 Telugu,1,0,Nos
,,,,,,rsaiipl5t2,SAS Grade 3 Notebook,1,0,Nos
,,,,,,rsal3ecqtg,SAS BP Grade 3 Stationery,1,0,Nos
,,,,,,rsabgintda,SAS Suchitra Other,1,0,Nos
,,,,,,rsat8de7n1,SAS Program,1,0,Nos
BOM-SAS Suchitra Grade 2 BookkitHindi 2nd Lan Tel 3rd Lan-001,SAS Suchitra Grade 2 BookkitHindi 2nd Lan Tel 3rd Lan,Inventre Edu Services Pvt Ltd,1,INR,1,r4uk2fpbac,Grade 2 Mandate Textbook,1,1049.15,Nos
,,,,,,r4u4nmluaq,SAS Grade 2 Textbook,1,0,Nos
,,,,,,r4unljb9vi,SAS Grade 2 Hindi,1,0,Nos
,,,,,,r4uggtpa8j,SAS Grade 2 Notebook,1,0,Nos
,,,,,,r4usuv2an2,SAS BP Grade 2 Stationery,1,0,Nos
,,,,,,r4udf597dg,SAS Suchitra Other,1,0,Nos
BOM-SAS Suchitra Grade 2 BookkitTelugu 2nd Lan Hin 3rd Lan-001,SAS Suchitra Grade 2 BookkitTelugu 2nd Lan Hin 3rd Lan,Inventre Edu Services Pvt Ltd,1,INR,1,qfphrb2efe,Grade 2 Mandate Textbook,1,1049.15,Nos
,,,,,,qfpr6r2qob,SAS Grade 2 Textbook,1,0,Nos
,,,,,,qfpmpa0la3,SAS Grade 2 Notebook,1,0,Nos
,,,,,,qfpki99832,SAS Grade 2 Telugu,1,0,Nos
,,,,,,qfp8htmd99,SAS BP Grade 2 Stationery,1,0,Nos
,,,,,,qfp4glni2v,SAS Suchitra Other,1,0,Nos
BOM-SAS Keesara Grade 9 BookkitHindi 2nd Lan Tel 3rd Lan-001,SAS Keesara Grade 9 BookkitHindi 2nd Lan Tel 3rd Lan,Inventre Edu Services Pvt Ltd,1,INR,1,ph24ja0nu7,Grade 9 Mandate Textbook,1,0,Nos
,,,,,,ph2rjddm24,SAS Grade 9 Hindi,1,0,Nos
,,,,,,ph2nh1bh39,SAS Grade 9 Notebook,1,0,Nos
,,,,,,ph22d5ovr5,SAS KS Grade 9 Stationery,1,0,Nos
,,,,,,ph2gqm0h6f,SAS Keesara Other,1,0,Nos
,,,,,,ph2m8iqtdb,SAS Program,1,0,Nos
BOM-SAS Keesara Grade 9 BookkitTelugu 2nd Lan Hin 3rd Lan-001,SAS Keesara Grade 9 BookkitTelugu 2nd Lan Hin 3rd Lan,Inventre Edu Services Pvt Ltd,1,INR,1,os615psl39,Grade 9 Mandate Textbook,1,0,Nos
,,,,,,os6bgrcojb,SAS Grade 9 Telugu,1,0,Nos
,,,,,,os60o5qde1,SAS Grade 9 Notebook,1,0,Nos
,,,,,,os6dqbpb6b,SAS KS Grade 9 Stationery,1,0,Nos
,,,,,,os6vbp4m57,SAS Keesara Other,1,0,Nos
,,,,,,os6qn8005k,SAS Program,1,0,Nos
BOM-SAS Keesara Grade 8 BookkitHindi 2nd Lan Tel 3rd Lan-001,SAS Keesara Grade 8 BookkitHindi 2nd Lan Tel 3rd Lan,Inventre Edu Services Pvt Ltd,1,INR,1,o2t4bjnrge,Grade 8 Mandate Textbook,1,0,Nos
,,,,,,o2tv3og6bf,SAS Grade 8 Hindi,1,0,Nos
,,,,,,o2tcl4vf1q,SAS Grade 8 Notebook,1,0,Nos
,,,,,,o2tvo61dk5,SAS KS Grade 8 Stationery,1,0,Nos
,,,,,,o2tcog0cb1,SAS Keesara Other,1,0,Nos
,,,,,,o2t7dh47pn,SAS Program,1,0,Nos
BOM-SAS Keesara Grade 8 BookkitTelugu 2nd Lan Hin 3rd Lan-001,SAS Keesara Grade 8 BookkitTelugu 2nd Lan Hin 3rd Lan,Inventre Edu Services Pvt Ltd,1,INR,1,nam0lt8der,Grade 8 Mandate Textbook,1,0,Nos
,,,,,,namj00to98,SAS Grade 8 Telugu,1,0,Nos
,,,,,,namt8hkdma,SAS Grade 8 Notebook,1,0,Nos
,,,,,,nam8u54lld,SAS KS Grade 8 Stationery,1,0,Nos
,,,,,,namsqccghk,SAS Keesara Other,1,0,Nos
,,,,,,namo78rndu,SAS Program,1,0,Nos
BOM-SAS Keesara Grade 7 BookkitHindi 2nd Lan Tel 3rd Lan-001,SAS Keesara Grade 7 BookkitHindi 2nd Lan Tel 3rd Lan,Inventre Edu Services Pvt Ltd,1,INR,1,mief5auaqf,Grade 7 Mandate Textbook,1,0,Nos
,,,,,,miejmkt8vt,SAS Grade 7 Hindi,1,0,Nos
,,,,,,miebbhri2b,SAS Grade 7 Notebook,1,0,Nos
,,,,,,mieltipjhq,SAS KS Grade 7 Stationery,1,0,Nos
,,,,,,miet4qa87r,SAS Keesara Other,1,0,Nos
,,,,,,miene788gj,SAS Program,1,0,Nos
BOM-SAS Keesara Grade 7 BookkitTelugu 2nd Lan Hin 3rd Lan-001,SAS Keesara Grade 7 BookkitTelugu 2nd Lan Hin 3rd Lan,Inventre Edu Services Pvt Ltd,1,INR,1,lpde7dnmhp,Grade 7 Mandate Textbook,1,0,Nos
,,,,,,lpd482h9ej,SAS Grade 7 Telugu,1,0,Nos
,,,,,,lpd9akr9h9,SAS Grade 7 Notebook,1,0,Nos
,,,,,,lpdkrkfcff,SAS KS Grade 7 Stationery,1,0,Nos
,,,,,,lpdg92sjj7,SAS Keesara Other,1,0,Nos
,,,,,,lpdjk1l418,SAS Program,1,0,Nos
BOM-SAS Keesara Grade 6 BookkitHindi 2nd Lan Tel 3rd Lan-001,SAS Keesara Grade 6 BookkitHindi 2nd Lan Tel 3rd Lan,Inventre Edu Services Pvt Ltd,1,INR,1,l1fmha74id,Grade 6 Mandate Textbook,1,0,Nos
,,,,,,l1fjsddfr6,SAS Grade 6 Hindi,1,0,Nos
,,,,,,l1fh8su4vg,SAS Grade 6 Notebook,1,0,Nos
,,,,,,l1f193dj85,SAS KS Grade 6 Stationery,1,0,Nos
,,,,,,l1ftuifhv3,SAS Keesara Other,1,0,Nos
,,,,,,l1fmvtuu67,SAS Program,1,0,Nos
BOM-SAS Keesara Grade 6 BookkitTelugu 2nd Lan Hin 3rd Lan-001,SAS Keesara Grade 6 BookkitTelugu 2nd Lan Hin 3rd Lan,Inventre Edu Services Pvt Ltd,1,INR,1,ka94f022qg,Grade 6 Mandate Textbook,1,0,Nos
,,,,,,ka9qhl49cm,SAS Grade 6 Telugu,1,0,Nos
,,,,,,ka993ls930,SAS Grade 6 Notebook,1,0,Nos
,,,,,,ka9vhcmgu2,SAS KS Grade 6 Stationery,1,0,Nos
,,,,,,ka9pt52b6e,SAS Keesara Other,1,0,Nos
,,,,,,ka9fu219h1,SAS Program,1,0,Nos
BOM-SAS Keesara Grade 5 BookkitHindi 2nd Lan Tel 3rd Lan-001,SAS Keesara Grade 5 BookkitHindi 2nd Lan Tel 3rd Lan,Inventre Edu Services Pvt Ltd,1,INR,1,jik2jl05bq,Grade 5 Mandate Textbook,1,1679.54,Nos
,,,,,,jik8b8ag5q,SAS Grade 5 Hindi,1,0,Nos
,,,,,,jikcfjmo9n,SAS Grade 5 Notebook,1,0,Nos
,,,,,,jiktrakr64,SAS KS Grade 5 Stationery,1,0,Nos
,,,,,,jiklra80jq,SAS Keesara Other,1,0,Nos
,,,,,,jik59i2j11,SAS Program,1,0,Nos
BOM-SAS Keesara Grade 5 BookkitTelugu 2nd Lan Hin 3rd Lan-001,SAS Keesara Grade 5 BookkitTelugu 2nd Lan Hin 3rd Lan,Inventre Edu Services Pvt Ltd,1,INR,1,iov00kkgi7,Grade 5 Mandate Textbook,1,1679.54,Nos
,,,,,,iov5vbp91k,SAS Grade 5 Telugu,1,0,Nos
,,,,,,iovei7k4n5,SAS Grade 5 Notebook,1,0,Nos
,,,,,,iov56uujkf,SAS KS Grade 5 Stationery,1,0,Nos
,,,,,,iovaq0rmms,SAS Keesara Other,1,0,Nos
,,,,,,iovmbc82qg,SAS Program,1,0,Nos
BOM-SAS Keesara Grade 4 BookkitHindi 2nd Lan Tel 3rd Lan-001,SAS Keesara Grade 4 BookkitHindi 2nd Lan Tel 3rd Lan,Inventre Edu Services Pvt Ltd,1,INR,1,hnof17kh8l,Grade 4 Mandate Textbook,1,1578.82,Nos
,,,,,,hnotbgddqe,SAS Grade 4 Hindi,1,0,Nos
,,,,,,hnoqjevooc,SAS Grade 4 Notebook,1,0,Nos
,,,,,,hno8nu96ra,SAS KS Grade 4 Stationery,1,0,Nos
,,,,,,hnoi4l8ld4,SAS Keesara Other,1,0,Nos
,,,,,,hnoognrhmh,SAS Program,1,0,Nos
BOM-SAS Keesara Grade 4 BookkitTelugu 2nd Lan Hin 3rd Lan-001,SAS Keesara Grade 4 BookkitTelugu 2nd Lan Hin 3rd Lan,Inventre Edu Services Pvt Ltd,1,INR,1,gvgpgh14la,Grade 4 Mandate Textbook,1,1578.82,Nos
,,,,,,gvgo4r56v0,SAS Grade 4 Telugu,1,0,Nos
,,,,,,gvgkli5eef,SAS Grade 4 Notebook,1,0,Nos
,,,,,,gvg6en4cci,SAS KS Grade 4 Stationery,1,0,Nos
,,,,,,gvgv1709l2,SAS Keesara Other,1,0,Nos
,,,,,,gvgupiq7og,SAS Program,1,0,Nos
BOM-SAS Keesara Grade 3 BookkitHindi 2nd Lan Tel 3rd Lan-001,SAS Keesara Grade 3 BookkitHindi 2nd Lan Tel 3rd Lan,Inventre Edu Services Pvt Ltd,1,INR,1,fq9un17fgi,Grade 3 Mandate Textbook,1,1731.98,Nos
,,,,,,fq9j9rkqqe,SAS Grade 3 Textbook,1,0,Nos
,,,,,,fq992bkl7t,SAS Grade 3 Hindi,1,0,Nos
,,,,,,fq99ra9kda,SAS Grade 3 Notebook,1,0,Nos
,,,,,,fq9s752574,SAS KS Grade 3 Stationery,1,0,Nos
,,,,,,fq9d4aqf8r,SAS Keesara Other,1,0,Nos
,,,,,,fq9g9vlu9a,SAS Program,1,0,Nos
BOM-SAS Keesara Grade 3 BookkitTelugu 2nd Lan Hin 3rd Lan-001,SAS Keesara Grade 3 BookkitTelugu 2nd Lan Hin 3rd Lan,Inventre Edu Services Pvt Ltd,1,INR,1,euealif8e2,Grade 3 Mandate Textbook,1,1731.98,Nos
,,,,,,eue11go5ff,SAS Grade 3 Textbook,1,0,Nos
,,,,,,eueb0kcl8n,SAS Grade 3 Telugu,1,0,Nos
,,,,,,euecvg1b26,SAS Grade 3 Notebook,1,0,Nos
,,,,,,euelvnj64u,SAS KS Grade 3 Stationery,1,0,Nos
,,,,,,euerp6nnqs,SAS Keesara Other,1,0,Nos
,,,,,,euedn1pa4n,SAS Program,1,0,Nos
BOM-SAS Keesara Grade 2 BookkitHindi 2nd Lan Tel 3rd Lan-001,SAS Keesara Grade 2 BookkitHindi 2nd Lan Tel 3rd Lan,Inventre Edu Services Pvt Ltd,1,INR,1,dq52cd11p5,Grade 2 Mandate Textbook,1,1049.15,Nos
,,,,,,dq5rh16eg8,SAS Grade 2 Textbook,1,0,Nos
,,,,,,dq5h7trur3,SAS Grade 2 Notebook,1,0,Nos
,,,,,,dq5iiouqr6,SAS Grade 2 Hindi,1,0,Nos
,,,,,,dq57e1v83c,SAS KS Grade 2 Stationery,1,0,Nos
,,,,,,dq5il3sf2r,SAS Keesara Other,1,0,Nos
BOM-SAS Keesara Grade 2 BookkitTelugu 2nd Lan Hin 3rd Lan-001,SAS Keesara Grade 2 BookkitTelugu 2nd Lan Hin 3rd Lan,Inventre Edu Services Pvt Ltd,1,INR,1,d00b2jl00m,Grade 2 Mandate Textbook,1,1049.15,Nos
,,,,,,d00qrn2613,SAS Grade 2 Textbook,1,0,Nos
,,,,,,d00oc0fvgj,SAS Grade 2 Telugu,1,0,Nos
,,,,,,d00l6buhgj,SAS Grade 2 Notebook,1,0,Nos
,,,,,,d007aejq8r,SAS KS Grade 2 Stationery,1,0,Nos
,,,,,,d00gja5j6f,SAS Suchitra Other,1,0,Nos
BOM-SAS KS Grade 9 Stationery-001,SAS KS Grade 9 Stationery,Inventre Edu Services Pvt Ltd,1,INR,1,dlppe1o0sa,SAS KS Label Sheet,2,4.24,Nos
BOM-SAS BP Grade 9 Stationery-001,SAS BP Grade 9 Stationery,Inventre Edu Services Pvt Ltd,1,INR,1,cv4ohna1pd,SAS BP Label Sheet,2,4.24,Nos
BOM-SAS Grade 9 Stationery-001,SAS Grade 9 Stationery,Inventre Edu Services Pvt Ltd,1,INR,1,ar4c4mjkti,SAS Flat File,1,13.14,Nos
,,,,,,ar45dh13j1,File Folder,10,4.45,Nos
,,,,,,ar44nt56n1,A4 Size Colour Paper Packet (25 sheets),1,19.49,Nos
,,,,,,ar42go9f8j,Transparent Roll,2,33.9,Nos
,,,,,,ar4lbt6n4r,Poster Paint (6 Shades),1,50,Nos
,,,,,,ar4betja4i,"Flat Brushes - Size 1,3,5,6",1,88.75,Nos
,,,,,,ar40kgpmcd,A4 Size Plain Sheets (25 sheets),1,18.64,Nos
BOM-SAS Grade 9 Notebook-002,SAS Grade 9 Notebook,Inventre Edu Services Pvt Ltd,1,INR,1,79duus17ds,CM Crown 200 pages Single ruled,12,47.41,Nos
,,,,,,79d4gocc63,CM Crown 200 pages Maths ruled,6,47.41,Nos
,,,,,,79dk4g1vac,CM 50 Pages Plain Drawing Book,1,22.93,Nos
,,,,,,79dh7ull80,CM Long 50 Pages Graph Book,1,22.44,Nos
,,,,,,79dantadpo,CM 200 Pages OSR Single Ruled Record Book,2,68.36,Nos
,,,,,,79dg51oneg,CM 100 Pages OSR Single Ruled Record Book,2,42.4,Nos
,,,,,,79dv7c71he,CM Crown 100 pages Plain Book,1,22.5,Nos
BOM-SMS GRADE 2 MAGIC BOX GIRLS-001,SMS GRADE 2 MAGIC BOX GIRLS,Inventre Edu Services Pvt Ltd,1,INR,1,0463fb5j4u,SMS Mint Polo,2,0,Nos
,,,,,,046tq0201p,SMS Pri Skort,2,0,Nos
,,,,,,0460hf2jlb,SMS Sports Polo,1,0,Nos
,,,,,,046lgq3beu,SMS Sports Track,1,0,Nos
,,,,,,046e6a6dvr,SMS Regular Socks,2,0,Nos
,,,,,,046rlm5qcp,SMS Sports Socks,1,0,Nos
,,,,,,046kh47aps,SMS Belt,1,0,Nos
,,,,,,046lfvp8i5,SMS Caps,1,0,Nos
,,,,,,0469qg7kgc,SMS Hoodies,1,0,Nos
,,,,,,046658ue3q,SMS Primary Bag,1,0,Nos
,,,,,,04638s8j0p,SMS Shoes,1,0,Nos
,,,,,,19sjg32p1c,SMS Grade 2 Bookkit,1,0,Nos
BOM-SMS GRADE 3 MAGIC BOX GIRLS-001,SMS GRADE 3 MAGIC BOX GIRLS,Inventre Edu Services Pvt Ltd,1,INR,1,tjmadvrf76,SMS Mint Polo,2,0,Nos
,,,,,,tjmhuth1hk,SMS Pri Skort,2,0,Nos
,,,,,,tjmsjabu0h,SMS Sports Polo,1,0,Nos
,,,,,,tjm7nkkhdi,SMS Sports Track,1,0,Nos
,,,,,,tjmjn0qmf7,SMS Regular Socks,2,0,Nos
,,,,,,tjmseoqe27,SMS Sports Socks,1,0,Nos
,,,,,,tjma8tm6ir,SMS Belt,1,0,Nos
,,,,,,tjmr5b4l0h,SMS Caps,1,0,Nos
,,,,,,tjmoh6eq6b,SMS Hoodies,1,0,Nos
,,,,,,tjm9qtju8s,SMS Primary Bag,1,0,Nos
,,,,,,tjmoi8i32j,SMS Shoes,1,0,Nos
,,,,,,20ku851qr7,SMS Grade 3 Bookkit,1,0,Nos
BOM-SAS Grade 9 French-001,SAS Grade 9 French,Inventre Edu Services Pvt Ltd,1,INR,1,sk15c5s6jc,Mire 1,1,0,Nos
,,,,,,sk1p6a8nda,Vennella 4,1,0,Nos
BOM-SAS Grade 9 Telugu-001,SAS Grade 9 Telugu,Inventre Edu Services Pvt Ltd,1,INR,1,r21298d361,Vennella 4,1,0,Nos
,,,,,,r21vr42282,Anmol hindi Vyakaran thatha rachana - 9,1,0,Nos
BOM-SAS Grade 9 Hindi-002,SAS Grade 9 Hindi,Inventre Edu Services Pvt Ltd,1,INR,1,l5fang0a93,Sparsh Grade 9,1,0,Nos
,,,,,,l5fjl5v0bv,Sanchayan I,1,0,Nos
,,,,,,l5fgf0e7lq,Anmol hindi Vyakaran thatha rachana - 9,1,0,Nos
,,,,,,l5fdiu4ni4,Vennella 4,1,0,Nos
BOM-SMS GRADE 4 MAGIC BOX GIRLS-001,SMS GRADE 4 MAGIC BOX GIRLS,Inventre Edu Services Pvt Ltd,1,INR,1,7m6r7q0q49,SMS Mint Polo,2,0,Nos
,,,,,,7m6p0aq4pe,SMS Pri Skort,2,0,Nos
,,,,,,7m6qmlkpvq,SMS Sports Polo,1,0,Nos
,,,,,,7m6pi8lset,SMS Sports Track,1,0,Nos
,,,,,,7m64fq1d93,SMS Regular Socks,2,0,Nos
,,,,,,7m6kcjav6h,SMS Sports Socks,1,0,Nos
,,,,,,7m62f7i7u2,SMS Belt,1,0,Nos
,,,,,,7m64oolsjo,SMS Caps,1,0,Nos
,,,,,,7m6qmptoui,SMS Hoodies,1,0,Nos
,,,,,,7m6adtncss,SMS Primary Bag,1,0,Nos
,,,,,,7m6leevk74,SMS Shoes,1,0,Nos
,,,,,,2fge432d81,SMS Grade 4 Bookkit,1,0,Nos
BOM-SAS Grade 9 Hindi-001,SAS Grade 9 Hindi,Inventre Edu Services Pvt Ltd,1,INR,1,72klr5cifd,Sparsh Grade 9,1,0,Nos
,,,,,,72kegueon3,Sanchayan I,1,0,Nos
,,,,,,72kphhs2dk,Anmol hindi Vyakaran thatha rachana - 9,1,0,Nos
BOM-SMS GRADE 5 MAGIC BOX GIRLS-001,SMS GRADE 5 MAGIC BOX GIRLS,Inventre Edu Services Pvt Ltd,1,INR,1,66pmn1vut4,SMS Mint Polo,2,0,Nos
,,,,,,66pka9ko30,SMS Pri Skort,2,0,Nos
,,,,,,66pg27oqlo,SMS Sports Polo,1,0,Nos
,,,,,,66p295ocs6,SMS Sports Track,1,0,Nos
,,,,,,66pkjnprl7,SMS Regular Socks,2,0,Nos
,,,,,,66pa3fcbj2,SMS Sports Socks,1,0,Nos
,,,,,,66pga1h15t,SMS Belt,1,0,Nos
,,,,,,66p5d153dq,SMS Caps,1,0,Nos
,,,,,,66prl4gous,SMS Hoodies,1,0,Nos
,,,,,,66pqfd7qsd,SMS Primary Bag,1,0,Nos
,,,,,,66pcoj1fto,SMS Shoes,1,0,Nos
,,,,,,31mutev9jr,SMS Grade 5 Bookkit,1,0,Nos
BOM-SMS GRADE 6 MAGIC BOX GIRLS-001,SMS GRADE 6 MAGIC BOX GIRLS,Inventre Edu Services Pvt Ltd,1,INR,1,382k6obf52,SMS Mint Polo,2,0,Nos
,,,,,,3827p6oe8g,SMS Girls Pants,2,0,Nos
,,,,,,38221cfemo,SMS Sports Polo,1,0,Nos
,,,,,,382q9vkuvb,SMS Sports Track,1,0,Nos
,,,,,,382lg4i1ke,SMS Regular Socks,2,0,Nos
,,,,,,382m0gvoiu,SMS Sports Socks,1,0,Nos
,,,,,,382gbomio6,SMS Belt,1,0,Nos
,,,,,,3829iovmo6,SMS Caps,1,0,Nos
,,,,,,382ndn14jh,SMS Hoodies,1,0,Nos
,,,,,,382h45erbe,SMS Secondary Bag,1,0,Nos
,,,,,,382hpbt5r9,SMS Shoes,1,0,Nos
,,,,,,39ao055lbp,SMS Grade 6 Bookkit,1,0,Nos
BOM-SMS GRADE 7 MAGIC BOX GIRLS-001,SMS GRADE 7 MAGIC BOX GIRLS,Inventre Edu Services Pvt Ltd,1,INR,1,qb4pmc0b53,SMS Mint Polo,2,0,Nos
,,,,,,qb4intk8lr,SMS Girls Pants,2,0,Nos
,,,,,,qb4s0se40s,SMS Sports Polo,1,0,Nos
,,,,,,qb41qrrd5s,SMS Sports Track,1,0,Nos
,,,,,,qb4f8853fn,SMS Regular Socks,2,0,Nos
,,,,,,qb4cc31ev0,SMS Sports Socks,1,0,Nos
,,,,,,qb4m93vp9l,SMS Belt,1,0,Nos
,,,,,,qb4fjeiqg4,SMS Caps,1,0,Nos
,,,,,,qb4tu0pqoc,SMS Hoodies,1,0,Nos
,,,,,,qb42hi81ab,SMS Secondary Bag,1,0,Nos
,,,,,,qb4fp0stst,SMS Shoes,1,0,Nos
,,,,,,3nkefac71g,SMS Grade 7 Bookkit,1,0,Nos
BOM-SMS GRADE 8 MAGIC BOX GIRLS-001,SMS GRADE 8 MAGIC BOX GIRLS,Inventre Edu Services Pvt Ltd,1,INR,1,o9c298p789,SMS Mint Polo,2,0,Nos
,,,,,,o9cfh15r8v,SMS Girls Pants,2,0,Nos
,,,,,,o9c5boif4b,SMS Sports Polo,1,0,Nos
,,,,,,o9cgaiu6lt,SMS Sports Track,1,0,Nos
,,,,,,o9cl9mpv2b,SMS Regular Socks,2,0,Nos
,,,,,,o9c0v233i6,SMS Sports Socks,1,0,Nos
,,,,,,o9ceii0ju4,SMS Belt,1,0,Nos
,,,,,,o9c2p767co,SMS Caps,1,0,Nos
,,,,,,o9cclkvfk8,SMS Hoodies,1,0,Nos
,,,,,,o9cpqaerao,SMS Secondary Bag,1,0,Nos
,,,,,,o9cfjl9pv1,SMS Shoes,1,0,Nos
,,,,,,4n37l03gel,SMS Grade 8 Bookkit,1,0,Nos
BOM-SMS GRADE 9 MAGIC BOX GIRLS-001,SMS GRADE 9 MAGIC BOX GIRLS,Inventre Edu Services Pvt Ltd,1,INR,1,ljkdqieue9,SMS Girls Shirt,2,0,Nos
,,,,,,ljk3p87cq0,SMS 9-10 Girls Skirt,2,0,Nos
,,,,,,ljk8oj720h,SMS Sports Polo,1,0,Nos
,,,,,,ljkf14nv5l,SMS Sports Track,1,0,Nos
,,,,,,ljk9qn4om6,SMS 9-10 SOCKS,2,0,Nos
,,,,,,ljk9u49t9f,SMS Sports Socks,1,0,Nos
,,,,,,ljkickj0tu,SMS Belt,1,0,Nos
,,,,,,ljka7k8is8,SMS Caps,1,0,Nos
,,,,,,ljk2dp3amj,SMS Hoodies,1,0,Nos
,,,,,,ljklu97l71,SMS Secondary Bag,1,0,Nos
,,,,,,ljkledf1s1,SMS Shoes,1,0,Nos
,,,,,,56hvhgil0n,SMS Grade 9 Bookkit,1,0,Nos
BOM-SAS Program-001,SAS Program,Inventre Edu Services Pvt Ltd,1,INR,1,l290mffcni,Opendoor Thinking Assessment-SAS,1,480,Nos
BOM-SAS Keesara Grade 1 BookkitTelugu 2nd Lan Hin 3rd Lan-001,SAS Keesara Grade 1 BookkitTelugu 2nd Lan Hin 3rd Lan,Inventre Edu Services Pvt Ltd,1,INR,1,kfn9ar1hfs,Grade 1 Mandate Textbook,1,989.33,Nos
,,,,,,kfnsse0r56,Grade 1 Textbook 2,1,0,Nos
,,,,,,kfnhu0mg9n,Grade 1 Telugu 2nd Lan Hin 3rd Lan,1,0,Nos
,,,,,,kfnqs21lh2,Grade 1 CM Notebook,1,0,Nos
,,,,,,kfn2a0f0mm,SAS Keesara Grade 1 Stationery,1,0,Nos
,,,,,,kfntgsfs4j,SAS Keesara Other,1,0,Nos
BOM-SAS Keesara Grade 1 BookkitHindi 2nd Lan Tel 3rd Lan-001,SAS Keesara Grade 1 BookkitHindi 2nd Lan Tel 3rd Lan,Inventre Edu Services Pvt Ltd,1,INR,1,j0tkbqgqed,Grade 1 Mandate Textbook,1,989.33,Nos
,,,,,,j0tp0fc5g8,Grade 1 Textbook 2,1,0,Nos
,,,,,,j0thdub2d3,Grade 1 Hindi 2nd Lan Tel 3rd Lan,1,0,Nos
,,,,,,j0t868ram0,Grade 1 CM Notebook,1,0,Nos
,,,,,,j0t1pct7l7,SAS Keesara Grade 1 Stationery,1,0,Nos
,,,,,,j0tvj3p82l,SAS Keesara Other,1,0,Nos
BOM-SAS Keesara Grade UKG BookkitTelugu-001,SAS Keesara Grade UKG BookkitTelugu,Inventre Edu Services Pvt Ltd,1,INR,1,htaivc3ejh,SAS Keesara Grade UKG Textbook,1,0,Nos
,,,,,,hta4jgtisk,SAS Keesara Grade UKG Notebook,1,0,Nos
,,,,,,htaon5dtpd,SAS Keesara Grade UKG Telugu,1,0,Nos
,,,,,,htakv5plar,SAS Keesara Grade UKG Stationery,1,0,Nos
,,,,,,hta6u5m2tg,SAS Keesara Grade UKG Other,1,0,Nos
BOM-SAS KS Grade 8 Stationery-001,SAS KS Grade 8 Stationery,Inventre Edu Services Pvt Ltd,1,INR,1,hqahaiq314,SAS KS Label Sheet,2,4.24,Nos
BOM-SAS KS Grade 7 Stationery-001,SAS KS Grade 7 Stationery,Inventre Edu Services Pvt Ltd,1,INR,1,hd0sf1av1j,SAS KS Label Sheet,2,4.24,Nos
BOM-SAS Keesara Grade UKG BookkitHindi-001,SAS Keesara Grade UKG BookkitHindi,Inventre Edu Services Pvt Ltd,1,INR,1,h87ml4rsgv,SAS Keesara Grade UKG Textbook,1,0,Nos
,,,,,,h87e82rkrs,SAS Keesara Grade UKG Hindi,1,0,Nos
,,,,,,h8705f07d3,SAS Keesara Grade UKG Notebook,1,0,Nos
,,,,,,h87rrdvubp,SAS Keesara Grade UKG Stationery,1,0,Nos
,,,,,,h87aibf87r,SAS Keesara Grade UKG Other,1,0,Nos
BOM-SAS KS Grade 6 Stationery-001,SAS KS Grade 6 Stationery,Inventre Edu Services Pvt Ltd,1,INR,1,h39o5p494g,SAS KS Label Sheet,2,4.24,Nos
BOM-SAS Suchitra Grade 1 BookkitTelugu 2nd Lan Hin 3rd Lan-001,SAS Suchitra Grade 1 BookkitTelugu 2nd Lan Hin 3rd Lan,Inventre Edu Services Pvt Ltd,1,INR,1,ga898c5eql,Grade 1 Mandate Textbook,1,989.33,Nos
,,,,,,ga88439688,Grade 1 Textbook 2,1,0,Nos
,,,,,,ga8p1r5m9d,Grade 1 Telugu 2nd Lan Hin 3rd Lan,1,0,Nos
,,,,,,ga834kepn1,Grade 1 CM Notebook,1,0,Nos
,,,,,,ga80rifc3a,SAS Suchitra Grade 1 Stationery,1,0,Nos
,,,,,,ga88ldphfq,SAS Suchitra Other,1,0,Nos
BOM-SAS KS Grade 5 Stationery-001,SAS KS Grade 5 Stationery,Inventre Edu Services Pvt Ltd,1,INR,1,g3md7gpqta,SAS KS Label Sheet,2,4.24,Nos
BOM-SAS KS Grade 4 Stationery-001,SAS KS Grade 4 Stationery,Inventre Edu Services Pvt Ltd,1,INR,1,fn5bpern1h,SAS KS Label Sheet,2,4.24,Nos
BOM-SAS Suchitra Grade 1 BookkitHindi 2nd Lan Tel 3rd Lan-001,SAS Suchitra Grade 1 BookkitHindi 2nd Lan Tel 3rd Lan,Inventre Edu Services Pvt Ltd,1,INR,1,fj5ass3648,Grade 1 Mandate Textbook,1,989.33,Nos
,,,,,,fj51q410qi,Grade 1 Textbook 2,1,0,Nos
,,,,,,fj5foh92im,Grade 1 Hindi 2nd Lan Tel 3rd Lan,1,0,Nos
,,,,,,fj5s06cv6d,Grade 1 CM Notebook,1,0,Nos
,,,,,,fj54u1sfb5,SAS Suchitra Grade 1 Stationery,1,0,Nos
,,,,,,fj5gucou11,SAS Suchitra Other,1,0,Nos
BOM-SMS GRADE 10 MAGIC BOX GIRLS-001,SMS GRADE 10 MAGIC BOX GIRLS,Inventre Edu Services Pvt Ltd,1,INR,1,ffnuel1s11,SMS Girls Shirt,2,0,Nos
,,,,,,ffnbfqlsba,SMS 9-10 Girls Skirt,2,0,Nos
,,,,,,ffncm6hi1r,SMS Sports Polo,1,0,Nos
,,,,,,ffn3grlud3,SMS Sports Track,1,0,Nos
,,,,,,ffnsmrla58,SMS 9-10 SOCKS,2,0,Nos
,,,,,,ffnj62e7b2,SMS Sports Socks,1,0,Nos
,,,,,,ffntccb9ed,SMS Belt,1,0,Nos
,,,,,,ffnh2fal69,SMS Caps,1,0,Nos
,,,,,,ffngic89m7,SMS Hoodies,1,0,Nos
,,,,,,ffng0v7gq4,SMS Secondary Bag,1,0,Nos
,,,,,,ffnvcpebuq,SMS Shoes,1,0,Nos
BOM-SAS KS Grade 3 Stationery-001,SAS KS Grade 3 Stationery,Inventre Edu Services Pvt Ltd,1,INR,1,f58nr7srhp,SAS KS Label Sheet,2,4.24,Nos
BOM-SAS KS Grade 2 Stationery-001,SAS KS Grade 2 Stationery,Inventre Edu Services Pvt Ltd,1,INR,1,es6gnvr9g0,SAS KS Label Sheet,2,4.24,Nos
BOM-SAS BP Grade UKG BookkitTelugu-001,SAS BP Grade UKG BookkitTelugu,Inventre Edu Services Pvt Ltd,1,INR,1,e0b2b12mqt,SAS Suchitra Grade UKG Textbook,1,0,Nos
,,,,,,e0bagcqh7d,SAS Suchitra Grade UKG Notebook,1,0,Nos
,,,,,,e0bu4pd7rh,SAS Suchitra Grade UKG Stationery,1,0,Nos
,,,,,,e0bu1fmuqm,SAS Suchitra Grade UKG Telugu,1,0,Nos
,,,,,,e0b1unu9m1,SAS Suchitra Grade UKG Other,1,0,Nos
BOM-SMS GRADE 11 MAGIC BOX GIRLS-001,SMS GRADE 11 MAGIC BOX GIRLS,Inventre Edu Services Pvt Ltd,1,INR,1,dbvelufep0,SMS Maroon T-Shirt,2,0,Nos
,,,,,,dbvgefj8am,SMS Girls Pants,2,0,Nos
,,,,,,dbv2u97hvi,SMS Sports Polo,1,0,Nos
,,,,,,dbvn1cv16d,SMS Sports Track,1,0,Nos
,,,,,,dbvf0is26t,SMS Regular Socks,2,0,Nos
,,,,,,dbvh470o4i,SMS Sports Socks,1,0,Nos
,,,,,,dbv4vdc7um,SMS Belt,1,0,Nos
,,,,,,dbvghgughm,SMS Caps,1,0,Nos
,,,,,,dbv4vbntfd,SMS Hoodies,1,0,Nos
,,,,,,dbvjs0q5kj,SMS Secondary Bag,1,0,Nos
,,,,,,dbvv9d6b9k,SMS Shoes,1,0,Nos
,,,,,,7ge0guinl6,SMS Grade 11 Bookkit,1,0,Nos
BOM-SAS BP Grade UKG BookkitHindi-001,SAS BP Grade UKG BookkitHindi,Inventre Edu Services Pvt Ltd,1,INR,1,d07mjdff4p,SAS Suchitra Grade UKG Textbook,1,0,Nos
,,,,,,d0766jnvj2,SAS Suchitra Grade UKG Notebook,1,0,Nos
,,,,,,d07cvpp1t1,SAS Suchitra Grade UKG Stationery,1,0,Nos
,,,,,,d07js2etvc,SAS Suchitra Grade UKG Hindi,1,0,Nos
,,,,,,d07utioiq1,SAS Suchitra Grade UKG Other,1,0,Nos
BOM-SMS GRADE 12 MAGIC BOX GIRLS-001,SMS GRADE 12 MAGIC BOX GIRLS,Inventre Edu Services Pvt Ltd,1,INR,1,bodrqclr3m,SMS Maroon T-Shirt,2,0,Nos
,,,,,,bodlc16v9j,SMS Girls Pants,2,0,Nos
,,,,,,bods9j7d4n,SMS Sports Polo,1,0,Nos
,,,,,,boddtnqgj4,SMS Sports Track,1,0,Nos
,,,,,,bodk0252j5,SMS Regular Socks,2,0,Nos
,,,,,,bodf5qr8k1,SMS Sports Socks,1,0,Nos
,,,,,,bodijd6hb2,SMS Belt,1,0,Nos
,,,,,,bodnqeq2me,SMS Caps,1,0,Nos
,,,,,,bod0qthivl,SMS Hoodies,1,0,Nos
,,,,,,bod6r49hcs,SMS Secondary Bag,1,0,Nos
,,,,,,bodi7e8vbl,SMS Shoes,1,0,Nos
,,,,,,0beior3eva,SMS Book Set Grade 12,1,0,Nos
BOM-SAS BP Grade 8 Stationery-001,SAS BP Grade 8 Stationery,Inventre Edu Services Pvt Ltd,1,INR,1,8ehnqll18g,SAS BP Label Sheet,2,4.24,Nos
BOM-SAS BP Grade 7 Stationery-001,SAS BP Grade 7 Stationery,Inventre Edu Services Pvt Ltd,1,INR,1,83clkt58ti,SAS BP Label Sheet,2,4.24,Nos
BOM-SAS BP Grade 6 Stationery-001,SAS BP Grade 6 Stationery,Inventre Edu Services Pvt Ltd,1,INR,1,7jd828dtad,SAS BP Label Sheet,2,4.24,Nos
BOM-SAS BP Grade 5 Stationery-001,SAS BP Grade 5 Stationery,Inventre Edu Services Pvt Ltd,1,INR,1,73lltp2hf1,SAS BP Label Sheet,2,4.24,Nos
BOM-SAS BP Grade 4 Stationery-001,SAS BP Grade 4 Stationery,Inventre Edu Services Pvt Ltd,1,INR,1,5lep9mvo9h,SAS BP Label Sheet,2,4.24,Nos
BOM-SAS BP Grade 3 Stationery-001,SAS BP Grade 3 Stationery,Inventre Edu Services Pvt Ltd,1,INR,1,57rec7bvsr,SAS BP Label Sheet,2,4.24,Nos
BOM-SAS BP Grade 2 Stationery-001,SAS BP Grade 2 Stationery,Inventre Edu Services Pvt Ltd,1,INR,1,4lputtnih4,SAS BP Label Sheet,2,4.24,Nos
BOM-SAS Grade 8 Stationery-001,SAS Grade 8 Stationery,Inventre Edu Services Pvt Ltd,1,INR,1,t4h7rm1tig,SAS Flat File,1,13.14,Nos
,,,,,,t4hk3k4mbn,File Folder,10,4.45,Nos
,,,,,,t4h7tgale1,A4 Size Colour Paper Packet (25 sheets),1,19.49,Nos
,,,,,,t4h75sfqj7,Transparent Roll,2,33.9,Nos
,,,,,,t4hqnvnlsf,Acrylic Colour Set,1,180,Nos
,,,,,,t4h1mev5qs,Colour Pencils - Set of 12,1,59,Nos
,,,,,,t4hf7qtblk,Poster Paint (6 Shades),1,50,Nos
,,,,,,t4h5pf36qc,"Flat Brushes - Size 1,3,5,6",1,88.75,Nos
,,,,,,t4hkkob6k5,A4 Size Plain Sheets (25 sheets),1,18.64,Nos
,,,,,,t4hjl4cjoh,India Political Map (Booklet of 10),1,0,Nos
,,,,,,t4hlnvk3s8,India Outline Maps,2,0.6,Nos
BOM-SAS Grade 8 Notebook-002,SAS Grade 8 Notebook,Inventre Edu Services Pvt Ltd,1,INR,1,n157qvq88n,CM Crown 200 pages Single ruled,9,47.41,Nos
,,,,,,n155f3sg0s,CM Crown 100 pages Single ruled,4,22.5,Nos
,,,,,,n15ggks4u7,CM Crown 200 pages Maths ruled,4,47.41,Nos
,,,,,,n15bujuqo0,CM 50 Pages Plain Drawing Book,1,22.93,Nos
,,,,,,n150ampsdh,CM Long 50 Pages Graph Book,1,22.44,Nos
,,,,,,n157ojfe9o,CM 100 Pages OSR Single Ruled Record Book,1,42.4,Nos
,,,,,,n15m8u6t1v,CM Crown 100 pages OSR Single Leaved,1,22.5,Nos
BOM-SMS GRADE 10 MAGIC BOX BOYS-001,SMS GRADE 10 MAGIC BOX BOYS,Inventre Edu Services Pvt Ltd,1,INR,1,fr7ebe66kp,SMS Boys Shirt,2,0,Nos
,,,,,,fr7o0n5tmd,SMS 9-10 Boys Pants,2,0,Nos
,,,,,,fr76vr6dmg,SMS Sports Polo,1,0,Nos
,,,,,,fr7dsvr7vp,SMS Sports Track,1,0,Nos
,,,,,,fr7l39i6ih,SMS 9-10 SOCKS,2,0,Nos
,,,,,,fr7p3eehsi,SMS Sports Socks,1,0,Nos
,,,,,,fr7tjv2gui,SMS Belt,1,0,Nos
,,,,,,fr7db4uie7,SMS Caps,1,0,Nos
,,,,,,fr7j1kdust,SMS Hoodies,1,0,Nos
,,,,,,fr7oukl386,SMS Secondary Bag,1,0,Nos
,,,,,,fr73m82o6p,SMS Shoes,1,0,Nos
BOM-SAS Grade 8 French-001,SAS Grade 8 French,Inventre Edu Services Pvt Ltd,1,INR,1,fftnitl93l,Mon Passeport 4,1,0,Nos
,,,,,,fftaenhbsg,Vennela - 3 Telugu Vaachakam,1,0,Nos
BOM-SAS Grade 8 Telugu-001,SAS Grade 8 Telugu,Inventre Edu Services Pvt Ltd,1,INR,1,chddgp7d4s,Nava Vasantham - 3,1,0,Nos
,,,,,,chd9cq28od,Vyakaran Jyothi,1,0,Nos
,,,,,,chdnpm863b,Baag Bagicha Bhag-3,1,0,Nos
BOM-SAS Grade 8 Hindi-001,SAS Grade 8 Hindi,Inventre Edu Services Pvt Ltd,1,INR,1,a2uujtkidd,Malhaar 8,1,55.25,Nos
,,,,,,a2up3lmgch,Hindi Vyakaran thatha rachana - 8 (with a CD),1,299.2,Nos
,,,,,,a2ut41foqe,Vennela - 3 Telugu Vaachakam,1,0,Nos
BOM-SAS Grade 7 Stationery-001,SAS Grade 7 Stationery,Inventre Edu Services Pvt Ltd,1,INR,1,6745dns2jk,SAS Flat File,1,13.14,Nos
,,,,,,67486sl6mb,File Folder,10,4.45,Nos
,,,,,,6745q8bigh,A4 Size Colour Paper Packet (25 sheets),1,19.49,Nos
,,,,,,674vd360pk,Transparent Roll,2,33.9,Nos
,,,,,,674g118gfo,Acrylic Colour Set,1,180,Nos
,,,,,,674een4t7k,Colour Pencils - Set of 12,1,59,Nos
,,,,,,674ggsd7ku,Poster Paint (6 Shades),1,50,Nos
,,,,,,674ec5eqco,"Flat Brushes - Size 1,3,5,6",1,88.75,Nos
,,,,,,674r1osqtr,A4 Size Plain Sheets (25 sheets),1,18.64,Nos
,,,,,,6749iu7av3,India Political Map (Booklet of 10),1,0,Nos
,,,,,,674r9pk4a4,India Outline Maps,2,0.6,Nos
BOM-SAS Grade 7 Notebook-002,SAS Grade 7 Notebook,Inventre Edu Services Pvt Ltd,1,INR,1,vbd8hg6rs3,CM Crown 200 pages Single ruled,9,47.41,Nos
,,,,,,vbdh226c0i,CM Crown 100 pages Single ruled,2,22.5,Nos
,,,,,,vbdgs57tkf,CM Crown 200 pages Maths ruled,4,47.41,Nos
,,,,,,vbd44nmbq7,CM 50 Pages Plain Drawing Book,1,22.93,Nos
,,,,,,vbdu1uedl1,CM Long 50 Pages Graph Book,1,22.44,Nos
,,,,,,vbdqmkfvt5,CM 100 Pages OSR Single Ruled Record Book,1,42.4,Nos
,,,,,,vbd51ts4im,CM Crown 100 pages OSR Single Leaved,1,22.5,Nos
BOM-SMS GRADE 12 MAGIC BOX BOYS-001,SMS GRADE 12 MAGIC BOX BOYS,Inventre Edu Services Pvt Ltd,1,INR,1,4v52n95soa,SMS Maroon T-Shirt,2,0,Nos
,,,,,,4v5bpvuoek,SMS Boys Pant,2,0,Nos
,,,,,,4v5jsr16rl,SMS Sports Polo,1,0,Nos
,,,,,,4v57puv910,SMS Sports Track,1,0,Nos
,,,,,,4v5fr00in0,SMS Regular Socks,2,0,Nos
,,,,,,4v5r30doq8,SMS Sports Socks,1,0,Nos
,,,,,,4v515nns5j,SMS Belt,1,0,Nos
,,,,,,4v5sfksite,SMS Caps,1,0,Nos
,,,,,,4v5m50ug4m,SMS Hoodies,1,0,Nos
,,,,,,4v5umf2pm9,SMS Secondary Bag,1,0,Nos
,,,,,,4v5095nnrh,SMS Shoes,1,0,Nos
,,,,,,03rks6qjj8,SMS Book Set Grade 12,1,0,Nos
BOM-SAS Grade 7 French-001,SAS Grade 7 French,Inventre Edu Services Pvt Ltd,1,INR,1,2lhj2mqs5f,Mon Passeport 3,1,0,Nos
,,,,,,2lhtlj6k8j,Vennela - 2 Telugu Vaachakam,1,0,Nos
BOM-SAS Grade 7 Telugu-001,SAS Grade 7 Telugu,Inventre Edu Services Pvt Ltd,1,INR,1,0apdfj3th1,Nava Vasantham - 2,1,0,Nos
,,,,,,0apc6t900n,Vyakaran Jyothi,1,0,Nos
,,,,,,0applifhp8,Baag Bagicha Bhag-2,1,0,Nos
BOM-SMS GRADE 11 MAGIC BOX BOYS-001,SMS GRADE 11 MAGIC BOX BOYS,Inventre Edu Services Pvt Ltd,1,INR,1,sicp7vs10b,SMS Maroon T-Shirt,2,0,Nos
,,,,,,sicle736jc,SMS Boys Pant,2,0,Nos
,,,,,,sic4ffpj6v,SMS Sports Polo,1,0,Nos
,,,,,,sicj980lpt,SMS Sports Track,1,0,Nos
,,,,,,sic8kuvdm7,SMS Regular Socks,2,0,Nos
,,,,,,sickuk7d4k,SMS Sports Socks,1,0,Nos
,,,,,,sici9r93r2,SMS Belt,1,0,Nos
,,,,,,sic4pactlt,SMS Caps,1,0,Nos
,,,,,,sicv2vlcen,SMS Hoodies,1,0,Nos
,,,,,,sicpjuncm9,SMS Secondary Bag,1,0,Nos
,,,,,,sicni5lq5v,SMS Shoes,1,0,Nos
BOM-SMS GRADE 9 MAGIC BOX BOYS-001,SMS GRADE 9 MAGIC BOX BOYS,Inventre Edu Services Pvt Ltd,1,INR,1,l9r8269at3,SMS Boys Shirt,2,0,Nos
,,,,,,l9r3i99it1,SMS 9-10 Boys Pants,2,0,Nos
,,,,,,l9ro7vlbrc,SMS Sports Polo,1,0,Nos
,,,,,,l9rimtuv2j,SMS Sports Track,1,0,Nos
,,,,,,l9ri9ebp2e,SMS 9-10 SOCKS,2,0,Nos
,,,,,,l9rn7p128h,SMS Sports Socks,1,0,Nos
,,,,,,l9rrtqbu0q,SMS Belt,1,0,Nos
,,,,,,l9re12omf9,SMS Caps,1,0,Nos
,,,,,,l9r3l35l2o,SMS Hoodies,1,0,Nos
,,,,,,l9r5tc9ric,SMS Secondary Bag,1,0,Nos
,,,,,,l9rbcgeoqj,SMS Shoes,1,0,Nos
,,,,,,5cqncf0aa3,SMS Grade 9 Bookkit,1,0,Nos
BOM-SAS Grade 7 Hindi-001,SAS Grade 7 Hindi,Inventre Edu Services Pvt Ltd,1,INR,1,ies0ff69qo,Malhaar 7,1,65,Nos
,,,,,,ieskfttkdo,Hindi Vyakaran thatha rachana - 7 (with a CD),1,292.4,Nos
,,,,,,ies67gpu13,Vennela - 2 Telugu Vaachakam,1,0,Nos
BOM-SMS GRADE 8 MAGIC BOX BOYS-001,SMS GRADE 8 MAGIC BOX BOYS,Inventre Edu Services Pvt Ltd,1,INR,1,gfl60ci28b,SMS Mint Polo,2,0,Nos
,,,,,,gflrr3uo5p,SMS Boys Pant,2,0,Nos
,,,,,,gfleb9rkai,SMS Sports Polo,1,0,Nos
,,,,,,gfldvkjllv,SMS Sports Track,1,0,Nos
,,,,,,gfl1vf1tqi,SMS Regular Socks,2,0,Nos
,,,,,,gflv98iln2,SMS Sports Socks,1,0,Nos
,,,,,,gflpasdniu,SMS Belt,1,0,Nos
,,,,,,gfl1b5v878,SMS Caps,1,0,Nos
,,,,,,gfl6pj0kt4,SMS Hoodies,1,0,Nos
,,,,,,gflrbaip20,SMS Secondary Bag,1,0,Nos
,,,,,,gflbfvmi93,SMS Shoes,1,0,Nos
,,,,,,4v468t7fvm,SMS Grade 8 Bookkit,1,0,Nos
BOM-SMS GRADE 7 MAGIC BOX BOYS-001,SMS GRADE 7 MAGIC BOX BOYS,Inventre Edu Services Pvt Ltd,1,INR,1,d025bd14nj,SMS Mint Polo,2,0,Nos
,,,,,,d02li0p6lv,SMS Boys Pant,2,0,Nos
,,,,,,d02sasokuc,SMS Sports Polo,1,0,Nos
,,,,,,d024r6c6ch,SMS Sports Track,1,0,Nos
,,,,,,d02as8aasp,SMS Regular Socks,2,0,Nos
,,,,,,d02h608859,SMS Sports Socks,1,0,Nos
,,,,,,d02siugn0v,SMS Belt,1,0,Nos
,,,,,,d0247tqd69,SMS Caps,1,0,Nos
,,,,,,d027r3njh8,SMS Hoodies,1,0,Nos
,,,,,,d02udj6aui,SMS Secondary Bag,1,0,Nos
,,,,,,d02e3mve9g,SMS Shoes,1,0,Nos
,,,,,,4fc58cnsst,SMS Grade 7 Bookkit,1,0,Nos
BOM-SAS Grade 6 Stationery-001,SAS Grade 6 Stationery,Inventre Edu Services Pvt Ltd,1,INR,1,7u9oj548oi,SAS Flat File,1,13.14,Nos
,,,,,,7u92rbtkcv,File Folder,10,4.45,Nos
,,,,,,7u917rvnl6,A4 Size Colour Paper Packet (25 sheets),1,19.49,Nos
,,,,,,7u9k2q5ok0,Transparent Roll,2,33.9,Nos
,,,,,,7u95q7hjfc,Acrylic Colour Set,1,180,Nos
,,,,,,7u9n78p5b9,Colour Pencils - Set of 12,1,59,Nos
,,,,,,7u9rv7qck7,Poster Paint (6 Shades),1,50,Nos
,,,,,,7u9gvr8s1p,"Flat Brushes - Size 1,3,5,6",1,88.75,Nos
,,,,,,7u9hbgtq85,A4 Size Plain Sheets (25 sheets),1,18.64,Nos
,,,,,,7u9kc4indf,India Political Map (Booklet of 10),1,0,Nos
,,,,,,7u96ql9moo,India Outline Maps,2,0.6,Nos
BOM-SMS GRADE 6 MAGIC BOX BOYS-001,SMS GRADE 6 MAGIC BOX BOYS,Inventre Edu Services Pvt Ltd,1,INR,1,745r0i9nn6,SMS Mint Polo,2,0,Nos
,,,,,,745ns238ta,SMS Boys Pant,2,0,Nos
,,,,,,745dvudino,SMS Sports Polo,1,0,Nos
,,,,,,7451i7l4rn,SMS Sports Track,1,0,Nos
,,,,,,745qd1th91,SMS Regular Socks,2,0,Nos
,,,,,,745h7269s5,SMS Sports Socks,1,0,Nos
,,,,,,745s45udr3,SMS Belt,1,0,Nos
,,,,,,745u0c8mc3,SMS Caps,1,0,Nos
,,,,,,745c6sklkf,SMS Hoodies,1,0,Nos
,,,,,,745jgmfb4j,SMS Secondary Bag,1,0,Nos
,,,,,,74525av6ll,SMS Shoes,1,0,Nos
,,,,,,3g2l4diugo,SMS Grade 6 Bookkit,1,0,Nos
BOM-SMS GRADE 5 MAGIC BOX BOYS-001,SMS GRADE 5 MAGIC BOX BOYS,Inventre Edu Services Pvt Ltd,1,INR,1,4q60t5l60c,SMS Mint Polo,2,0,Nos
,,,,,,4q6kj8mifj,SMS Navy HalfPants,2,0,Nos
,,,,,,4q64mqukae,SMS Sports Polo,1,0,Nos
,,,,,,4q6g9tso9p,SMS Sports Track,1,0,Nos
,,,,,,4q6tbi5erg,SMS Regular Socks,2,0,Nos
,,,,,,4q6m8u4nmk,SMS Sports Socks,1,0,Nos
,,,,,,4q6belbre9,SMS Belt,1,0,Nos
,,,,,,4q6lc1l9ue,SMS Caps,1,0,Nos
,,,,,,4q6fda4465,SMS Hoodies,1,0,Nos
,,,,,,4q6c5e95en,SMS Primary Bag,1,0,Nos
,,,,,,4q6pueaqcn,SMS Shoes,1,0,Nos
,,,,,,2nif22csgd,SMS Grade 5 Bookkit,1,0,Nos
BOM-SAS Grade 6 Notebook-002,SAS Grade 6 Notebook,Inventre Edu Services Pvt Ltd,1,INR,1,r9j36tjmel,CM Crown 200 pages Single ruled,9,47.41,Nos
,,,,,,r9j54fcbrh,CM Crown 100 pages Single ruled,2,22.5,Nos
,,,,,,r9j77jrt5l,CM Crown 200 pages Maths ruled,4,47.41,Nos
,,,,,,r9jns3ktcm,CM 50 Pages Plain Drawing Book,1,22.93,Nos
,,,,,,r9jjhkg0s8,CM Long 50 Pages Graph Book,1,22.44,Nos
,,,,,,r9ja7sdkb5,CM 100 Pages OSR Single Ruled Record Book,1,42.4,Nos
,,,,,,r9jvcptbei,CM Crown 100 pages OSR Single Leaved,1,22.5,Nos
BOM-SMS GRADE 4 MAGIC BOX BOYS-001,SMS GRADE 4 MAGIC BOX BOYS,Inventre Edu Services Pvt Ltd,1,INR,1,p310kom595,SMS Mint Polo,2,0,Nos
,,,,,,p31lpq1ck0,SMS Navy HalfPants,2,0,Nos
,,,,,,p31m5d23ve,SMS Sports Polo,1,0,Nos
,,,,,,p31r637cpc,SMS Sports Track,1,0,Nos
,,,,,,p317lgstt1,SMS Regular Socks,2,0,Nos
,,,,,,p31r3487t8,SMS Sports Socks,1,0,Nos
,,,,,,p31il2hhoa,SMS Caps,1,0,Nos
,,,,,,p31e1aor8r,SMS Belt,1,0,Nos
,,,,,,p31tarou10,SMS Hoodies,1,0,Nos
,,,,,,p31v28kimc,SMS Primary Bag,1,0,Nos
,,,,,,p310l61j2h,SMS Shoes,1,0,Nos
,,,,,,289gj31fjh,SMS Grade 4 Bookkit,1,0,Nos
BOM-SAS Grade 6 French-001,SAS Grade 6 French,Inventre Edu Services Pvt Ltd,1,INR,1,mtu56sgtee,Mon Passeport 2,1,0,Nos
,,,,,,mtusg3k259,Vennela - 1 Telugu Vaachakam,1,0,Nos
BOM-SAS Grade 6 Telugu-001,SAS Grade 6 Telugu,Inventre Edu Services Pvt Ltd,1,INR,1,m1737fecod,Nava Vasantham - 1,1,0,Nos
,,,,,,m1765t9fg9,Vyakaran Jyothi,1,0,Nos
,,,,,,m17egqb0a5,Baag Bagicha Bhag-1,1,0,Nos
BOM-SMS GRADE 3 MAGIC BOX BOYS-001,SMS GRADE 3 MAGIC BOX BOYS,Inventre Edu Services Pvt Ltd,1,INR,1,jgv3f82hjl,SMS Mint Polo,2,0,Nos
,,,,,,jgvva5sf97,SMS Navy HalfPants,2,0,Nos
,,,,,,jgvr8cnqh4,SMS Sports Polo,1,0,Nos
,,,,,,jgvgetk726,SMS Sports Track,1,0,Nos
,,,,,,jgvvojou7q,SMS Regular Socks,2,0,Nos
,,,,,,jgvj919noc,SMS Sports Socks,1,0,Nos
,,,,,,jgv0viq82a,SMS Belt,1,0,Nos
,,,,,,jgv51e6n2i,SMS Caps,1,0,Nos
,,,,,,jgvf6ji3ee,SMS Hoodies,1,0,Nos
,,,,,,jgvlchjoqo,SMS Shoes,1,0,Nos
,,,,,,jgvlg0f8jt,SMS Primary Bag,1,0,Nos
,,,,,,1q3sj8dkmm,SMS Grade 3 Bookkit,1,0,Nos
BOM-SMS GRADE 2 MAGIC BOX BOYS-001,SMS GRADE 2 MAGIC BOX BOYS,Inventre Edu Services Pvt Ltd,1,INR,1,g65g834hg5,SMS Mint Polo,2,0,Nos
,,,,,,g65qaffa13,SMS Navy HalfPants,2,0,Nos
,,,,,,g657ftpotl,SMS Sports Polo,1,0,Nos
,,,,,,g650uu17nt,SMS Sports Track,1,0,Nos
,,,,,,g658sc5qd2,SMS Regular Socks,2,0,Nos
,,,,,,g65tvlpken,SMS Sports Socks,1,0,Nos
,,,,,,g659ejkr6f,SMS Belt,1,0,Nos
,,,,,,g6553galmd,SMS Caps,1,0,Nos
,,,,,,g659cgqd2d,SMS Hoodies,1,0,Nos
,,,,,,g65hkr5de7,SMS Primary Bag,1,0,Nos
,,,,,,g653fk6n4l,SMS Shoes,1,0,Nos
,,,,,,1idj77vglc,SMS Grade 2 Bookkit,1,0,Nos
BOM-CAS LR CBSE Grade 9 Partial Bookkit-001,CAS LR CBSE Grade 9 Partial Bookkit,Inventre Edu Services Pvt Ltd,1,INR,1,c67cbul9ql,Crown 200 pages Single ruled,11,38,Nos
,,,,,,c67q00dnvo,Crown 200 pages Maths ruled,6,38,Nos
,,,,,,c67sr7pcjl,Long 50 Pages Graph Book,1,16,Nos
,,,,,,c67fiojqje,200 Pages OSR Single Ruled Record Book,2,76,Nos
,,,,,,c67ntc4059,100 Pages OSR Single Ruled Record Book,1,43,Nos
,,,,,,c67nb9nm09,Crown 100 pages Plain Book,1,20,Nos
,,,,,,c67k5560vm,Opendoor Thinking Assessment - CAGS,1,0,Nos
,,,,,,c67lhcae09,CAGS Worksheets,1,0,Nos
,,,,,,c67pb9ntmc,CAGS LR Almanac,1,0,Nos
,,,,,,c67f8ofc3b,CAGS LR CBSE Mini Almanac,1,0,Nos
,,,,,,c67cinr9n8,CAGS ID CARD,1,0,Nos
BOM-CAS LR CBSE Grade 8 Partial Bookkit-001,CAS LR CBSE Grade 8 Partial Bookkit,Inventre Edu Services Pvt Ltd,1,INR,1,a6i6e4lgpp,Grooming Book 8,1,34,Nos
,,,,,,a6ib6he3o9,Crown 200 pages Single ruled,9,38,Nos
,,,,,,a6iimulpac,Crown 200 pages Maths ruled,4,38,Nos
,,,,,,a6ikmk6o9k,Crown 100 pages Single ruled,4,20,Nos
,,,,,,a6i2qc7b2o,50 Pages Plain Drawing Book,1,26,Nos
,,,,,,a6iqimjebb,Long 50 Pages Graph Book,1,16,Nos
,,,,,,a6ivl9nknk,100 Pages OSR Single Ruled Record Book,1,43,Nos
,,,,,,a6irvui6mt,Crown 100 pages OSR Single Leaved,1,20,Nos
,,,,,,a6inpcvp8r,Opendoor Thinking Assessment - CAGS,1,0,Nos
,,,,,,a6i9dp9h84,CAGS Worksheets,1,0,Nos
,,,,,,a6inapi5ep,CAGS LR Almanac,1,0,Nos
,,,,,,a6i6sbddeo,CAGS LR CBSE Mini Almanac,1,0,Nos
,,,,,,a6is84qtfq,CAGS ID CARD,1,0,Nos
BOM-CAS LR CBSE Grade 7 Partial Bookkit-001,CAS LR CBSE Grade 7 Partial Bookkit,Inventre Edu Services Pvt Ltd,1,INR,1,6su0htibjf,Grooming Book 7,1,54.5,Nos
,,,,,,6su18vlr38,Sustainability WorkBook 7,1,34.32,Nos
,,,,,,6suimbe4pi,Crown 200 pages Single ruled,11,38,Nos
,,,,,,6sumv8nth1,Crown 200 pages Maths ruled,4,38,Nos
,,,,,,6suok8h7km,50 Pages Plain Drawing Book,1,26,Nos
,,,,,,6su3uo3eea,Long 50 Pages Graph Book,1,16,Nos
,,,,,,6su532hf67,100 Pages OSR Single Ruled Record Book,1,43,Nos
,,,,,,6surkoudgl,Crown 100 pages OSR Single Leaved,1,20,Nos
,,,,,,6sup7gj127,CAGS Worksheets,1,0,Nos
,,,,,,6supba9nac,CAGS LR Almanac,1,0,Nos
,,,,,,6susr7ricg,CAGS LR CBSE Mini Almanac,1,0,Nos
,,,,,,6sugfe1hi8,CAGS ID CARD,1,0,Nos
,,,,,,aafufriv4p,Opendoor Thinking Assessment - CAGS,1,0,Nos
BOM-CAS LR CBSE Grade 6 Partial Bookkit-001,CAS LR CBSE Grade 6 Partial Bookkit,Inventre Edu Services Pvt Ltd,1,INR,1,36a3vl9tek,Grooming Book 6,1,34.7,Nos
,,,,,,36amb6a9vg,Sustainability WorkBook 6,1,28.9,Nos
,,,,,,36ahon0v7f,Crown 200 pages Single ruled,11,38,Nos
,,,,,,36appu97rd,Crown 200 pages Maths ruled,4,38,Nos
,,,,,,36aem3coqm,50 Pages Plain Drawing Book,1,26,Nos
,,,,,,36a23q959o,Long 50 Pages Graph Book,1,16,Nos
,,,,,,36afmo0koi,100 Pages OSR Single Ruled Record Book,1,43,Nos
,,,,,,36aabqm396,Crown 100 pages OSR Single Leaved,1,20,Nos
,,,,,,36amaa1ed9,Opendoor Thinking Assessment - CAGS,1,0,Nos
,,,,,,36ap7mon05,CAGS Worksheets,1,0,Nos
,,,,,,36ambqp6o1,CAGS LR Almanac,1,0,Nos
,,,,,,36aqol98c3,CAGS LR CBSE Mini Almanac,1,0,Nos
,,,,,,36ajehmcnj,CAGS ID CARD,1,0,Nos
BOM-CAS LR CBSE Grade 5 Partial Bookkit-001,CAS LR CBSE Grade 5 Partial Bookkit,Inventre Edu Services Pvt Ltd,1,INR,1,usk6btqt2k,Language Enrichment Book 5,1,33.56,Nos
,,,,,,uskgn78krt,Grooming Book 5,1,51,Nos
,,,,,,usk766qo1g,General Knowledge Bk 5,1,31.8,Nos
,,,,,,uske9etu9q,Sustainability WorkBook 5,1,29.83,Nos
,,,,,,usk6nu380g,Crown 100 pages Single ruled,12,20,Nos
,,,,,,usk68taaas,Crown 100 pages OSR Single Leaved,4,20,Nos
,,,,,,uskvs41n51,50 Pages Plain Drawing Book,1,26,Nos
,,,,,,usk8i1q1cn,CAGS Worksheets,1,0,Nos
,,,,,,uski9q1u1b,CAGS LR Almanac,1,0,Nos
,,,,,,usk2og8mb0,CAGS LR CBSE Mini Almanac,1,0,Nos
,,,,,,uskahj7s71,CAGS ID CARD,1,0,Nos
BOM-CAS LR CBSE Grade 4 Partial Bookkit-001,CAS LR CBSE Grade 4 Partial Bookkit,Inventre Edu Services Pvt Ltd,1,INR,1,i0q9fu80ep,Language Enrichment Book 4,1,34.58,Nos
,,,,,,i0q3tkq46h,Grooming Book 4,1,52.5,Nos
,,,,,,i0q7dcsvol,General Knowledge Bk 4,1,37,Nos
,,,,,,i0qld4k3an,Sustainability WorkBook 4,1,26.44,Nos
,,,,,,i0qa530cae,Crown 100 pages Single ruled,12,20,Nos
,,,,,,i0qb4pa9cc,Crown 100 pages OSR Single Leaved,4,20,Nos
,,,,,,i0q7t0vbov,50 Pages Plain Drawing Book,1,26,Nos
,,,,,,ifgkd9be7f,CAGS Worksheets,1,0,Nos
,,,,,,ifg15k5e4v,CAGS LR Almanac,1,0,Nos
,,,,,,ifg87evopl,CAGS LR CBSE Mini Almanac,1,0,Nos
,,,,,,ifgks979vm,CAGS ID CARD,1,0,Nos
BOM-CAS LR CBSE Grade 3 Partial Bookkit-001,CAS LR CBSE Grade 3 Partial Bookkit,Inventre Edu Services Pvt Ltd,1,INR,1,2doqueqn33,Language Enrichment Book 3,1,35.42,Nos
,,,,,,2don911595,Grooming Book 3,1,48,Nos
,,,,,,2do4q58hps,General Knowledge Bk 3,1,32.8,Nos
,,,,,,2dom0a33sq,Sustainability WorkBook 3,1,25.76,Nos
,,,,,,2dotidl3u7,Crown 100 pages Single ruled,8,20,Nos
,,,,,,2do78c37hv,Crown 100 pages Board ruled,4,20,Nos
,,,,,,2dodg5fose,Crown 100 pages OSR Single Leaved,3,20,Nos
,,,,,,2dob2jbn7k,50 Pages Plain Drawing Book,1,26,Nos
,,,,,,2dohu5pchg,CAGS Worksheets,1,0,Nos
,,,,,,2dorjcjo17,CAGS LR Almanac,1,0,Nos
,,,,,,2dorojlf8o,CAGS LR CBSE Mini Almanac,1,0,Nos
,,,,,,2dost7ldb1,CAGS ID CARD,1,0,Nos
BOM-CAS LR CBSE Grade 2 Partial Bookkit-001,CAS LR CBSE Grade 2 Partial Bookkit,Inventre Edu Services Pvt Ltd,1,INR,1,0eoudovmf9,Language Enrichment Book 2,1,32.71,Nos
,,,,,,0eocci5ofr,Grooming Book 2,1,47,Nos
,,,,,,0eofbgaqrc,General Knowledge Bk 2,1,31.8,Nos
,,,,,,0eous9j42v,Sustainability WorkBook 2,1,25,Nos
,,,,,,0eoh0hl4ef,Crown 100 Pages Four Ruled,6,20,Nos
,,,,,,0eoi35407f,Crown 100 Pages Double Ruled,4,20,Nos
,,,,,,0eo59i0aqa,Crown 100 Pages Small Check Ruled,3,20,Nos
,,,,,,0eoac9ali4,50 Pages Plain Drawing Book,1,26,Nos
,,,,,,0eohm97u2f,CAGS Worksheets,1,0,Nos
,,,,,,0eo1fvo7gf,CAGS LR Almanac,1,0,Nos
,,,,,,0eorfl77bl,CAGS LR CBSE Mini Almanac,1,0,Nos
,,,,,,0eolu5bit3,CAGS ID CARD,1,0,Nos
BOM-CAS LR CBSE Grade 1 Partial Bookkit-001,CAS LR CBSE Grade 1 Partial Bookkit,Inventre Edu Services Pvt Ltd,1,INR,1,v2vcfrg3u9,Language Enrichment Book 1,1,38.81,Nos
,,,,,,v2v5ascal1,Grooming Book 1,1,45.5,Nos
,,,,,,v2vk3ud718,General Knowledge Bk 1,1,40.5,Nos
,,,,,,v2v9h33rhc,Sustainability WorkBook 1,1,28.98,Nos
,,,,,,v2vhi7h0mu,Crown 100 Pages Four Ruled,6,20,Nos
,,,,,,v2vvn0d145,Crown 100 Pages Double Ruled,4,20,Nos
,,,,,,v2v5spciuj,Crown 100 Pages Small Check Ruled,3,20,Nos
,,,,,,v2vrs47330,50 Pages Plain Drawing Book,1,26,Nos
,,,,,,v2v9nkjoi8,CAGS Worksheets,1,0,Nos
,,,,,,v2v3ugq1a5,CAGS LR Almanac,1,0,Nos
,,,,,,v2v84g0c7k,CAGS LR CBSE Mini Almanac,1,0,Nos
,,,,,,v2vj8baqc2,CAGS ID CARD,1,0,Nos
BOM-SMS Grade 1 BookkitHindi 2nd Lan Tel 3rd Lan-001,SMS Grade 1 BookkitHindi 2nd Lan Tel 3rd Lan,Inventre Edu Services Pvt Ltd,1,INR,1,lc7ip8pd4c,Grade 1 Mandate Textbook,1,989.33,Nos
,,,,,,lc795n2igf,Grade 1 Textbook 2,1,0,Nos
,,,,,,lc7eg0gtgf,Grade 1 Hindi 2nd Lan Tel 3rd Lan,1,0,Nos
,,,,,,lc7c131gge,SMS Grade 1 Notebook,1,0,Nos
,,,,,,lc76ap64lu,SMS Grade 1 Stationery,1,0,Nos
,,,,,,lc7qf4oa20,SMS Other,1,0,Nos
BOM-SMS Grade 1 BookkitTelugu 2nd Lan Hin 3rd Lan-001,SMS Grade 1 BookkitTelugu 2nd Lan Hin 3rd Lan,Inventre Edu Services Pvt Ltd,1,INR,1,km62ndk8iq,Grade 1 Mandate Textbook,1,989.33,Nos
,,,,,,km617gdi2h,Grade 1 Textbook 2,1,0,Nos
,,,,,,km60lrov9u,Grade 1 Telugu 2nd Lan Hin 3rd Lan,1,0,Nos
,,,,,,km64rul2nb,SMS Grade 1 Notebook,1,0,Nos
,,,,,,km6gemnauq,SMS Grade 1 Stationery,1,0,Nos
,,,,,,km6181mufv,SMS Other,1,0,Nos
BOM-SMS Grade UKG BookkitTelugu-001,SMS Grade UKG BookkitTelugu,Inventre Edu Services Pvt Ltd,1,INR,1,jr348f9792,SMS Grade UKG Textbook,1,0,Nos
,,,,,,jr3hctac9j,SMS Grade UKG Telugu,1,0,Nos
,,,,,,jr3b524jq1,SMS Grade UKG Notebook,1,0,Nos
,,,,,,jr3lqnpvlt,SMS Grade UKG Stationery,1,0,Nos
,,,,,,jr3ge21q8b,SMS Other,1,0,Nos
BOM-SMS Grade UKG BookkitHindi-001,SMS Grade UKG BookkitHindi,Inventre Edu Services Pvt Ltd,1,INR,1,j8ks8m9v1o,SMS Grade UKG Textbook,1,0,Nos
,,,,,,j8k98o65pj,SMS Grade UKG Hindi,1,0,Nos
,,,,,,j8kjmg1l1j,SMS Grade UKG Notebook,1,0,Nos
,,,,,,j8k126bqbv,SMS Grade UKG Stationery,1,0,Nos
,,,,,,j8kgu0ggmj,SMS Other,1,0,Nos
BOM-SMS Grade LKG Bookkit-001,SMS Grade LKG Bookkit,Inventre Edu Services Pvt Ltd,1,INR,1,ide97ghb02,SMS Grade LKG Textbook,1,0,Nos
,,,,,,ide6o32ktp,SMS Grade LKG Notebook,1,0,Nos
,,,,,,idek1vlmtc,SMS Grade LKG Stationery,1,0,Nos
,,,,,,idee33k4at,SMS Other,1,0,Nos
BOM-SMS Grade Nursery Bookkit-001,SMS Grade Nursery Bookkit,Inventre Edu Services Pvt Ltd,1,INR,1,hukg9kp3gl,SMS Grade Nursery Textbook,1,0,Nos
,,,,,,huk8ndvirm,SMS Grade Nursery Notebook,1,0,Nos
,,,,,,huk4rrsru1,SMS Grade Nursery Stationery,1,0,Nos
,,,,,,hukfnn1fn4,SMS Other,1,0,Nos
BOM-SMS Grade 1 Stationery-001,SMS Grade 1 Stationery,Inventre Edu Services Pvt Ltd,1,INR,1,h9ouppga1p,Fevistik,1,12.5,Nos
,,,,,,h9o2l11ltj,Colour Pencils - Set of 12,1,59,Nos
,,,,,,h9olr6f89g,Pencils (1 box),1,35.4,Nos
,,,,,,h9ocgd9a57,Red pencil (Nataraj),2,0,Nos
,,,,,,h9okp52bua,Erasers,2,1.77,Nos
,,,,,,h9oqaj40hr,Sharpener,2,1.77,Nos
,,,,,,h9orthsbn9,Transparent Roll,1,33.9,Nos
,,,,,,h9o0pbonke,SMS Label Sheet,2,4.24,Nos
,,,,,,h9ojh7upjd,SMS Flat File,1,13.14,Nos
,,,,,,h9ophp0j8r,Legal Size Button Folder,1,0,Nos
,,,,,,h9oji2uomq,Normal Crayons - set of 12,1,0,Nos
,,,,,,h9oj9om3vv,A4 Size Colour Paper Packet (25 sheets),1,19.49,Nos
BOM-SMS Grade 1 Notebook-001,SMS Grade 1 Notebook,Inventre Edu Services Pvt Ltd,1,INR,1,fss22ic8o2,Crown 100 Pages Four Ruled,6,20,Nos
,,,,,,fss5ujvs9g,Crown 100 Pages Double Ruled,4,20,Nos
,,,,,,fssofo653s,Crown 100 Pages Small Check Ruled,3,20,Nos
,,,,,,fssi0oc7ml,50 Pages Plain Drawing Book,1,26,Nos
BOM-SMS Grade UKG Stationery-001,SMS Grade UKG Stationery,Inventre Edu Services Pvt Ltd,1,INR,1,f26kliarq2,Normal Crayons - set of 12,2,0,Nos
,,,,,,f26s2qrk7n,Modeling Clay,1,92.5,Nos
,,,,,,f26t5a9laq,Pencils (1 box),1,35.4,Nos
,,,,,,f26mn61efp,Erasers,5,1.77,Nos
,,,,,,f26h9tm4us,Sharpener,2,1.77,Nos
,,,,,,f26fj7n9oo,Fevistik,1,12.5,Nos
,,,,,,f2637i4tr2,Poster Paint (6 Shades),1,50,Nos
,,,,,,f26kph08nu,SMS Label Sheet,1,4.24,Nos
,,,,,,f26kimultu,Transparent Roll,1,33.9,Nos
,,,,,,f26nkh4upp,Cello Tape,1,9.5,Nos
,,,,,,f2631cq9l8,Ice Cream Sticks Packet,1,0,Nos
,,,,,,f26jjj9eio,Colour Pencils - Set of 12,1,59,Nos
,,,,,,f26m3htbih,A4 Size Colour Paper Packet (25 sheets),1,19.49,Nos
BOM-SMS Grade UKG Notebook-001,SMS Grade UKG Notebook,Inventre Edu Services Pvt Ltd,1,INR,1,dt02pqja52,Crown 100 Pages Four Ruled,2,20,Nos
,,,,,,dt02dir8j0,Crown 100 Pages Medium Check Ruled,2,20,Nos
,,,,,,dt0nfudn34,Crown 100 Pages Double Ruled,1,20,Nos
,,,,,,dt08afdtml,50 Pages Plain Drawing Book,1,26,Nos
BOM-SMS Grade LKG Stationery-001,SMS Grade LKG Stationery,Inventre Edu Services Pvt Ltd,1,INR,1,d84o6j888p,Normal Crayons - set of 12,2,0,Nos
,,,,,,d8406t6e89,Modeling Clay,2,92.5,Nos
,,,,,,d84djnahhg,Slate,1,0,Nos
,,,,,,d84ortfqj9,Slate Pencil,1,0,Nos
,,,,,,d84cugrene,Pencils (1 box),1,35.4,Nos
,,,,,,d841aqmaf5,Erasers,5,1.77,Nos
,,,,,,d84llfknsu,Sharpener,2,1.77,Nos
,,,,,,d84g67f4ku,Fevistik,1,12.5,Nos
,,,,,,d846ab287v,Poster Paint (6 Shades),1,50,Nos
,,,,,,d84bi3oc8l,SMS Label Sheet,1,4.24,Nos
,,,,,,d84eh7pq8r,Transparent Roll,1,33.9,Nos
,,,,,,d84ugtsr0v,Cello Tape,1,9.5,Nos
,,,,,,d84u12iad7,Ice Cream Sticks Packet,1,0,Nos
,,,,,,d84sa2e522,Colour Pencils - Set of 12,1,59,Nos
,,,,,,d84vdq3o13,A4 Size Colour Paper Packet (25 sheets),1,19.49,Nos
BOM-SMS Grade LKG Notebook-001,SMS Grade LKG Notebook,Inventre Edu Services Pvt Ltd,1,INR,1,bn14tk80av,Crown 100 Pages Four Ruled,2,20,Nos
,,,,,,bn1e8qgf9p,Crown 100 Pages Medium Check Ruled,2,20,Nos
,,,,,,bn1msro28o,50 Pages Plain Drawing Book,1,26,Nos
BOM-SMS Other-001,SMS Other,Inventre Edu Services Pvt Ltd,1,INR,1,asm8jbbs77,Worksheet,1,300,Nos
,,,,,,asm149qkq5,SMS Almanac,1,75,Nos
,,,,,,asmq31kn9c,SMS Mini Almanac,1,0,Nos
,,,,,,asmirbah3o,SMS ID Card,1,78,Nos
,,,,,,asmp4snu75,Packaging & Transportation,1,300,Nos
BOM-SMS Grade Nursery Stationery-001,SMS Grade Nursery Stationery,Inventre Edu Services Pvt Ltd,1,INR,1,a9k2fij0j3,Jumbo Crayons,2,38.35,Nos
,,,,,,a9kab1snv1,Modeling Clay,2,92.5,Nos
,,,,,,a9kghd0c3r,Slate,1,0,Nos
,,,,,,a9kl1us8l0,Slate Pencil,1,0,Nos
,,,,,,a9ku48017c,Fevistik,1,12.5,Nos
,,,,,,a9k8o5icd7,Poster Paint (6 Shades),1,50,Nos
,,,,,,a9k78ib41q,SMS Label Sheet,1,4.24,Nos
,,,,,,a9k61qm693,Transparent Roll,1,33.9,Nos
,,,,,,a9kj363r4r,Cello Tape,1,9.5,Nos
,,,,,,a9kn0q384t,Ice Cream Sticks Packet,1,0,Nos
BOM-SMS Grade Nursery Notebook-001,SMS Grade Nursery Notebook,Inventre Edu Services Pvt Ltd,1,INR,1,966aabod2o,50 Pages Plain Drawing Book,1,26,Nos
BOM-SMS Grade UKG Telugu-001,SMS Grade UKG Telugu,Inventre Edu Services Pvt Ltd,1,INR,1,7487ochq2t,Saraswati Telugu- UKG,1,80,Nos
BOM-SMS Grade UKG Hindi-001,SMS Grade UKG Hindi,Inventre Edu Services Pvt Ltd,1,INR,1,6oc2sn8poq,Hindi Praveshika Workbook,1,0,Nos
BOM-SMS Grade UKG Textbook-001,SMS Grade UKG Textbook,Inventre Edu Services Pvt Ltd,1,INR,1,4bv9arm08l,Literacy Book Part A -3 Version 2,1,134,Nos
,,,,,,4bvfnmqpcq,Literacy Book Part B -3 Version 2,1,116,Nos
,,,,,,4bvclqmglq,Literacy Book Part C -3 Version 2,1,125.95,Nos
,,,,,,4bvej7u9fd,Numeracy Book Part A -3 Version 2,1,131.04,Nos
,,,,,,4bvsb6m0ea,Numeracy Book Part B -3 Version 2,1,123.2,Nos
,,,,,,4bvaa7ff82,Numeracy Book Part C -3 Version 2,1,123.2,Nos
,,,,,,4bvb1fm0tr,Multi Skill Book 3,1,0,Nos
,,,,,,4bv8h95qkn,Language Enrichment Book UKG,1,0,Nos
,,,,,,4bvag0dmna,Sustainability WorkBook UKG,1,37.12,Nos
,,,,,,4bvhcrans1,Fitzroy Reader Book 1-10 (Phonics Readers Stories),1,240,Nos
BOM-SMS Grade LKG Textbook-001,SMS Grade LKG Textbook,Inventre Edu Services Pvt Ltd,1,INR,1,32ecatelb0,Literacy Book Part A -2 Version 2,1,141,Nos
,,,,,,32eckbt74m,Literacy Book Part B -2 Version 2,1,97,Nos
,,,,,,32edakfh86,Literacy Book Part C -2 Version 2,1,38.5,Nos
,,,,,,32ehr8nosl,Numeracy Book Part A -2 Version 2,1,162.84,Nos
,,,,,,32ee8trvg4,Numeracy Book Part B -2 Version 2,1,186.44,Nos
,,,,,,32ejdhj5uj,Numeracy Book Part C -2 Version 2,1,53.1,Nos
,,,,,,32ebvd73p7,Multi Skill Book 2,1,0,Nos
BOM-SMS Grade Nursery Textbook-001,SMS Grade Nursery Textbook,Inventre Edu Services Pvt Ltd,1,INR,1,1r5tql1m3v,Literacy Book Part A -1 Version 2,1,93,Nos
,,,,,,1r58su8135,Literacy Book Part B -1 Version 2,1,80,Nos
,,,,,,1r5hb31dma,Literacy Book Part C -1 Version 2,1,155,Nos
,,,,,,1r5hp35173,Numeracy Book Part A -1 Version 2,1,59,Nos
,,,,,,1r5ldc9eoi,Numeracy Book Part B -1 Version 2,1,73.16,Nos
,,,,,,1r5b37jpdj,Numeracy Book Part C -1 Version 2,1,109.74,Nos
,,,,,,1r5tgk6e4l,Multi Skill Book 1,1,0,Nos
BOM-SMS GRADE 1 MAGIC BOX GIRLS-001,SMS GRADE 1 MAGIC BOX GIRLS,Inventre Edu Services Pvt Ltd,1,INR,1,iept69rlh0,SMS Mint Polo,2,0,Nos
,,,,,,ieprbr201g,SMS Pri Skort,2,0,Nos
,,,,,,iep3ql0537,SMS Regular Socks,2,0,Nos
,,,,,,iepuogctrv,SMS Sports Polo,1,0,Nos
,,,,,,ieplq6qbdd,SMS Sports Track,1,0,Nos
,,,,,,iepkm5njok,SMS Sports Socks,1,0,Nos
,,,,,,iepjm5tn9n,SMS Caps,1,0,Nos
,,,,,,iepn7uk452,SMS Belt,1,0,Nos
,,,,,,iepl6n3jai,SMS Hoodies,1,0,Nos
,,,,,,iep3coo0eh,SMS Primary Bag,1,0,Nos
,,,,,,iep9nj5i5q,SMS Shoes,1,0,Nos
,,,,,,nf7l37e41o,SMS Grade 1 Bookkit,1,0,Nos
BOM-SMS UKG MAGIC BOX GIRLS-001,SMS UKG MAGIC BOX GIRLS,Inventre Edu Services Pvt Ltd,1,INR,1,e3k2bd6fis,SMS PP FROCK,2,0,Nos
,,,,,,e3k8ufbj73,SMS BLOOMERS,1,0,Nos
,,,,,,e3kau59ecs,SMS Regular Socks,2,0,Nos
,,,,,,e3kfkesm6l,SMS Caps,1,0,Nos
,,,,,,e3k2re68b0,SMS Hoodies,1,0,Nos
,,,,,,e3kgokhovh,SMS PP Bag,1,0,Nos
,,,,,,e3kjo78fdu,SMS Shoes,1,0,Nos
,,,,,,ojk4111u20,SMS Grade UKG Bookkit,1,0,Nos
BOM-SMS LKG MAGIC BOX GIRLS-001,SMS LKG MAGIC BOX GIRLS,Inventre Edu Services Pvt Ltd,1,INR,1,ck40bcem8i,SMS PP FROCK,2,0,Nos
,,,,,,ck41ho4rk4,SMS BLOOMERS,1,0,Nos
,,,,,,ck4illali8,SMS Regular Socks,2,0,Nos
,,,,,,ck4lfnhnb7,SMS Caps,1,0,Nos
,,,,,,ck47htm3hk,SMS Hoodies,1,0,Nos
,,,,,,ck463c0p7u,SMS PP Bag,1,0,Nos
,,,,,,ck49g277oo,SMS Shoes,1,0,Nos
,,,,,,odfjfg9r6n,SMS Grade LKG Bookkit,1,0,Nos
BOM-SMS NURSERY MAGIC BOX GIRLS-001,SMS NURSERY MAGIC BOX GIRLS,Inventre Edu Services Pvt Ltd,1,INR,1,b9hpj2juu3,SMS PP FROCK,2,0,Nos
,,,,,,b9hs9q4gqn,SMS Regular Socks,2,0,Nos
,,,,,,b9hj2jp4fi,SMS BLOOMERS,1,0,Nos
,,,,,,b9h9qptnjk,SMS Caps,1,0,Nos
,,,,,,b9hkos5f6q,SMS Hoodies,1,0,Nos
,,,,,,b9h16448c4,SMS PP Bag,1,0,Nos
,,,,,,b9h5mpqon8,SMS Shoes,1,0,Nos
,,,,,,o0mfqdnu8e,SMS Grade Nursery Bookkit,1,0,Nos
BOM-SMS GRADE 1 MAGIC BOX BOYS-001,SMS GRADE 1 MAGIC BOX BOYS,Inventre Edu Services Pvt Ltd,1,INR,1,4vsnpmge60,SMS Mint Polo,2,0,Nos
,,,,,,4vsqgg2vik,SMS Navy HalfPants,2,0,Nos
,,,,,,4vsubsiet5,SMS Sports Polo,1,0,Nos
,,,,,,4vsbbcn64n,SMS Sports Track,1,0,Nos
,,,,,,4vsltcokle,SMS Regular Socks,2,0,Nos
,,,,,,4vsis2hbn2,SMS Sports Socks,1,0,Nos
,,,,,,4vs5dc3fse,SMS Belt,1,0,Nos
,,,,,,4vsoc4krka,SMS Caps,1,0,Nos
,,,,,,4vsj53fq19,SMS Hoodies,1,0,Nos
,,,,,,4vso4u4hjj,SMS Primary Bag,1,0,Nos
,,,,,,4vstdf9jqc,SMS Shoes,1,0,Nos
,,,,,,nnhlvfdjba,SMS Grade 1 Bookkit,1,0,Nos
BOM-SMS UKG MAGIC BOX BOYS-001,SMS UKG MAGIC BOX BOYS,Inventre Edu Services Pvt Ltd,1,INR,1,06dfjdms3b,SMS White Shirt,1,0,Nos
,,,,,,06d11o6lhh,SMS PP Half Pants,1,0,Nos
,,,,,,06db26njnk,SMS Regular Socks,1,0,Nos
,,,,,,06d7s4dchu,SMS Caps,1,0,Nos
,,,,,,06d38dg9ru,SMS PP Belt,1,0,Nos
,,,,,,06dno2nqiv,SMS Hoodies,1,0,Nos
,,,,,,06ddgqnaog,SMS PP Bag,1,0,Nos
,,,,,,06drcdo5h2,SMS Shoes,1,0,Nos
,,,,,,n889lod3eo,SMS Grade UKG Bookkit,1,0,Nos
BOM-SMS LKG MAGIC BOX BOYS-001,SMS LKG MAGIC BOX BOYS,Inventre Edu Services Pvt Ltd,1,INR,1,tanclgu6uf,SMS White Shirt,2,0,Nos
,,,,,,tan09fc8ge,SMS PP Half Pants,2,0,Nos
,,,,,,tanqv966ck,SMS Regular Socks,2,0,Nos
,,,,,,tanokljg9a,SMS PP Belt,1,0,Nos
,,,,,,tanotv81o4,SMS Caps,1,0,Nos
,,,,,,tanjfh0s7l,SMS Hoodies,1,0,Nos
,,,,,,tanl8lrac5,SMS PP Bag,1,0,Nos
,,,,,,tanf0rfpcr,SMS Shoes,1,0,Nos
,,,,,,lsnh35nr8m,SMS Grade LKG Bookkit,1,0,Nos
BOM-SMS NURSERY MAGIC BOX BOYS-001,SMS NURSERY MAGIC BOX BOYS,Inventre Edu Services Pvt Ltd,1,INR,1,rf0c7hkh96,SMS White Shirt,2,0,Nos
,,,,,,rf0u3ibm19,SMS PP Half Pants,2,0,Nos
,,,,,,rf0pr8ara4,SMS Regular Socks,2,0,Nos
,,,,,,rf0g95m6rv,SMS PP Belt,1,0,Nos
,,,,,,rf0k69rvep,SMS PP Caps,1,0,Nos
,,,,,,rf0o80pg0i,SMS PP Bag,1,0,Nos
,,,,,,rf060fc40l,SMS Hoodies,1,0,Nos
,,,,,,rf0tovutsj,SMS Shoes,1,0,Nos
,,,,,,n24sgk1kgi,SMS Grade Nursery Bookkit,1,0,Nos
BOM-SAS Grade 6 Hindi-001,SAS Grade 6 Hindi,Inventre Edu Services Pvt Ltd,1,INR,1,e42je0skvf,Malhaar 6,1,55,Nos
,,,,,,e42vlrq00p,Hindi Vyakaran thatha rachana - 6 (with a CD),1,292,Nos
,,,,,,jts3opn2l0,Vennela - 1 Telugu Vaachakam,1,0,Nos
BOM-SAS Grade 5 Stationery-001,SAS Grade 5 Stationery,Inventre Edu Services Pvt Ltd,1,INR,1,3p1rg4msi8,Fevistik,1,12.5,Nos
,,,,,,3p1lm2edg0,Poster Paint (6 Shades),1,50,Nos
,,,,,,3p19u388fr,Pencils (1 box),1,35.4,Nos
,,,,,,3p1957ubj5,Red pencil (Nataraj),2,0,Nos
,,,,,,3p1jpra02q,Erasers,2,1.77,Nos
,,,,,,3p1t026124,Sharpener,2,1.77,Nos
,,,,,,3p1aotjkle,Transparent Roll,2,33.9,Nos
,,,,,,3p1h58pf28,SAS Flat File,6,13.14,Nos
,,,,,,3p1posg4td,File Folder,1,4.45,Nos
,,,,,,3p1bpv6q8l,Oil pastel- 12 shades,1,0,Nos
,,,,,,3p1nulf82m,Marker Pen-Black CD Marker,1,0,Nos
,,,,,,3p1hbicu5t,Fevicol,1,12.5,Nos
,,,,,,3p1e1kkv0c,Sketch Pens,1,17.5,Nos
,,,,,,3p1u36s57g,A4 Size Colour Paper Packet (25 sheets),1,19.49,Nos
,,,,,,3p1mnr5qtc,Legal Size Button Folder,1,0,Nos
,,,,,,3p1kfjh7os,Geometry Box,1,0,Nos
,,,,,,3p17mpi2c2,"Flat Brushes - Size 1,3,5,6",1,88.75,Nos
,,,,,,3p1o66tvbf,World Map Outline (Latitudes Marked),10,0,Nos
,,,,,,3p1uleibi1,India Political,5,0.6,Nos
,,,,,,3p1o71abpv,India Physical,5,0,Nos
BOM-SAS Grade 5 Notebook-002,SAS Grade 5 Notebook,Inventre Edu Services Pvt Ltd,1,INR,1,siv6cughge,CM Crown 100 pages Single ruled,12,22.5,Nos
,,,,,,sivlva728b,CM Crown 100 pages OSR Single Leaved,4,22.5,Nos
,,,,,,sivpgvctr0,CM 50 Pages Plain Drawing Book,1,22.93,Nos
,,,,,,sivraof38m,CM Long 100 pages Plain Book,1,22.5,Nos
BOM-SAS Grade 5 French-001,SAS Grade 5 French,Inventre Edu Services Pvt Ltd,1,INR,1,pjjf3onvsf,Saraswati Telugu - BOOK 2,1,115,Nos
,,,,,,pjjqgp24d0,Mon Passeport 1,1,0,Nos
BOM-SAS Grade 5 Telugu-001,SAS Grade 5 Telugu,Inventre Edu Services Pvt Ltd,1,INR,1,ncovhge5v3,Saraswati Telugu - BOOK 5,1,125,Nos
,,,,,,ncoaupcrru,Vyakaran Jyothi,1,0,Nos
,,,,,,ncoigaa4j7,Ankush Hindi Praveshika-2,1,0,Nos
BOM-SAS Grade 5 Hindi-001,SAS Grade 5 Hindi,Inventre Edu Services Pvt Ltd,1,INR,1,c6302fdllk,Navbharti Revised 5,1,192,Nos
,,,,,,c63u3c53qb,Sahaj hindi vyakaran pt 5,1,186,Nos
,,,,,,c637nb3h7q,Saraswati Telugu - BOOK 2,1,115,Nos
BOM-SAS Grade 4 Stationery-001,SAS Grade 4 Stationery,Inventre Edu Services Pvt Ltd,1,INR,1,j7eif6t6ct,Fevistik,1,12.5,Nos
,,,,,,j7eg5bcfn8,Colour Pencils - Set of 12,1,59,Nos
,,,,,,j7esg0lehk,Pencils (1 box),1,35.4,Nos
,,,,,,j7ev5dt3m3,Red pencil (Nataraj),2,0,Nos
,,,,,,j7ecrktp8k,Erasers,2,1.77,Nos
,,,,,,j7e4e1ca12,Sharpener,2,1.77,Nos
,,,,,,j7efiqtiup,Transparent Roll,2,33.9,Nos
,,,,,,j7e62u7r1g,SAS Flat File,1,13.14,Nos
,,,,,,j7eagms3f3,File Folder,6,4.45,Nos
,,,,,,j7ek7gp0p6,Oil pastel- 12 shades,1,0,Nos
,,,,,,j7eijjnifn,Scale,1,0,Nos
,,,,,,j7ej2gmkva,Fevicol,1,12.5,Nos
,,,,,,j7estqutua,Sketch Pens,1,17.5,Nos
,,,,,,j7es1cr8cf,A4 Size Colour Paper Packet (25 sheets),1,19.49,Nos
,,,,,,j7eon7k16i,World Map Outline,5,0,Nos
,,,,,,j7es3u1qcb,India Political,5,0.6,Nos
,,,,,,j7ephrrljv,India Physical,5,0,Nos
BOM-SAS Grade 4 Notebook-002,SAS Grade 4 Notebook,Inventre Edu Services Pvt Ltd,1,INR,1,dhu8hg4b6i,CM Crown 100 pages Single ruled,12,22.5,Nos
,,,,,,dhul0vpa32,CM Crown 100 pages OSR Single Leaved,4,22.5,Nos
,,,,,,dhucmn59kv,CM 50 Pages Plain Drawing Book,1,22.93,Nos
,,,,,,dhuhmnhv1u,CM Long 100 pages Plain Book,1,22.5,Nos
BOM-SAS Grade 4 Telugu-001,SAS Grade 4 Telugu,Inventre Edu Services Pvt Ltd,1,INR,1,b6nbt6qrbf,Saraswati Telugu - BOOK 4,1,125,Nos
,,,,,,b6n0eijg4u,Vyakaran Jyothi,1,0,Nos
,,,,,,b6ntg727t2,Swar Gyan 4,1,0,Nos
BOM-SAS Grade 4 Hindi-001,SAS Grade 4 Hindi,Inventre Edu Services Pvt Ltd,1,INR,1,9vt20pcmbq,Navbharti Revised – 4,1,188,Nos
,,,,,,9vter5fkcu,Sahaj hindi vyakaran pt 4,1,178,Nos
,,,,,,9vt9afscsq,Saraswati Telugu-Book 1,1,105,Nos
BOM-SAS Grade 3 Stationery-001,SAS Grade 3 Stationery,Inventre Edu Services Pvt Ltd,1,INR,1,4i8g9837i1,Fevistik,1,12.5,Nos
,,,,,,4i849s6rsm,Colour Pencils - Set of 12,1,59,Nos
,,,,,,4i83l5ain6,Pencils (1 box),1,35.4,Nos
,,,,,,4i8fludnds,Red pencil (Nataraj),2,0,Nos
,,,,,,4i866osdru,Erasers,2,1.77,Nos
,,,,,,4i8j3eg50b,Sharpener,2,1.77,Nos
,,,,,,4i8715vp17,Transparent Roll,2,33.9,Nos
,,,,,,4i889kjhcr,SAS Flat File,1,13.14,Nos
,,,,,,4i81hogqam,File Folder,6,4.45,Nos
,,,,,,4i872iodo5,Oil pastel- 12 shades,1,0,Nos
,,,,,,4i8ti9loj0,Scale,1,0,Nos
,,,,,,4i8gafgu9r,Fevicol,1,12.5,Nos
,,,,,,4i89tfphhf,Sketch Pens,1,17.5,Nos
,,,,,,4i82j433ee,A4 Size Colour Paper Packet (25 sheets),1,19.49,Nos
,,,,,,4i80pjr6kq,World Map Outline,4,0,Nos
,,,,,,4i8g6tqase,India Political,6,0.6,Nos
,,,,,,4i883kj4nu,India Physical,6,0,Nos
BOM-SAS Grade 3 Notebook-002,SAS Grade 3 Notebook,Inventre Edu Services Pvt Ltd,1,INR,1,rrvmh3uglc,CM Crown 100 pages Single ruled,8,22.5,Nos
,,,,,,rrvpmf67sa,CM Crown 100 pages Board ruled,4,22.5,Nos
,,,,,,rrvc21grmb,CM Crown 100 pages OSR Single Leaved,3,22.5,Nos
,,,,,,rrvpke1ige,CM 50 Pages Plain Drawing Book,1,22.93,Nos
,,,,,,rrv465m4tr,CM Long 100 pages Plain Book,1,22.5,Nos
BOM-SAS Grade 3 Telugu-001,SAS Grade 3 Telugu,Inventre Edu Services Pvt Ltd,1,INR,1,niu4g4qvle,Saraswati Telugu-Book 3,1,125,Nos
,,,,,,niut2ebohu,Shabd Gyan,1,0,Nos
BOM-SAS Grade 3 Hindi-001,SAS Grade 3 Hindi,Inventre Edu Services Pvt Ltd,1,INR,1,lsj7qhn3ug,Navbharti Revised 3,1,184,Nos
,,,,,,lsjfggkiq4,Saraswati Telugu-Book 1,1,105,Nos
BOM-SAS Grade 3 Textbook-001,SAS Grade 3 Textbook,Inventre Edu Services Pvt Ltd,1,INR,1,k49vv63t4l,Junior Mini Dictionary,1,185.24,Nos
BOM-SAS Grade 2 Stationery-001,SAS Grade 2 Stationery,Inventre Edu Services Pvt Ltd,1,INR,1,fe9u5mkd4v,Fevistik,1,12.5,Nos
,,,,,,fe9r75be80,Colour Pencils - Set of 12,1,59,Nos
,,,,,,fe9u51vjnc,Pencils (1 box),1,35.4,Nos
,,,,,,fe9hgi1ref,Red pencil (Nataraj),2,0,Nos
,,,,,,fe9k2vd1hq,Erasers,2,1.77,Nos
,,,,,,fe9ig52v8i,Sharpener,2,1.77,Nos
,,,,,,fe9p4v2tcp,Transparent Roll,1,33.9,Nos
,,,,,,fe9mh4jg3i,SAS Flat File,1,13.14,Nos
,,,,,,fe9q21mdjq,Legal Size Button Folder,1,0,Nos
,,,,,,fe9j77jsoe,A4 Size Colour Paper Packet (25 sheets),1,19.49,Nos
BOM-SAS Grade 2 Notebook-002,SAS Grade 2 Notebook,Inventre Edu Services Pvt Ltd,1,INR,1,bjc9dt49v2,CM Crown 100 Pages Four Ruled,6,22.5,Nos
,,,,,,bjcv1sh5oj,CM Crown 100 Pages Double Ruled,4,22.5,Nos
,,,,,,bjcerbh9ph,CM Crown 100 Pages Small Check Ruled,3,22.5,Nos
,,,,,,bjcl08mcm9,CM 50 Pages Plain Drawing Book,1,22.93,Nos
BOM-SAS Grade 2 Telugu-001,SAS Grade 2 Telugu,Inventre Edu Services Pvt Ltd,1,INR,1,4tbad09oii,Saraswati Telugu - BOOK 2,1,115,Nos
,,,,,,4tbhqmi4mj,Saral Bhasha - Praveshika -B,1,0,Nos
BOM-SAS Grade 2 Hindi-001,SAS Grade 2 Hindi,Inventre Edu Services Pvt Ltd,1,INR,1,39rlu9q748,Navbharti Revised 2,1,172,Nos
,,,,,,39ru9o7op2,Saraswati Telugu- UKG,1,80,Nos
BOM-SAS Grade 2 Textbook-001,SAS Grade 2 Textbook,Inventre Edu Services Pvt Ltd,1,INR,1,01d7cf422h,Magic World Cursive Writing 2,1,93.5,Nos
BOM-CAS NIBM CBSE Grade 9 Marathi BookkitFM-001,CAS NIBM CBSE Grade 9 Marathi BookkitFM,Inventre Edu Services Pvt Ltd,1,INR,1,b3vvg103gh,CAS CBSE Grade 9 Textbook,1,0,Nos
,,,,,,b3v2u0jthq,CAS CBSE Grade 9 Notebook,1,0,Nos
,,,,,,b3vneuupp9,CAS CBSE Program,1,0,Nos
,,,,,,b3vnu5m9ku,CAS NIBM CBSE Other,1,0,Nos
BOM-CAS NIBM CBSE Grade 9 Marathi BookkitPainting-001,CAS NIBM CBSE Grade 9 Marathi BookkitPainting,Inventre Edu Services Pvt Ltd,1,INR,1,aktn3jsss2,CAS CBSE Grade 9 Textbook,1,0,Nos
,,,,,,aktr7suqs7,CAS CBSE Grade 9 Notebook,1,0,Nos
,,,,,,aktnqil747,CAS CBSE Grade 9 Painting,1,0,Nos
,,,,,,aktmccdchu,CAS CBSE Program,1,0,Nos
,,,,,,akthm5166f,CAS NIBM CBSE Other,1,0,Nos
BOM-CAS NIBM CBSE Grade 9 Marathi BookkitAI-001,CAS NIBM CBSE Grade 9 Marathi BookkitAI,Inventre Edu Services Pvt Ltd,1,INR,1,a36jrqgk8b,CAS CBSE Grade 9 Textbook,1,0,Nos
,,,,,,a36jg9clf9,CAS CBSE Grade 9 Notebook,1,0,Nos
,,,,,,a36st9ffg7,CAS CBSE Grade 9 AI,1,0,Nos
,,,,,,a361ja2nb3,CAS CBSE Program,1,0,Nos
,,,,,,a36c63ve2j,CAS NIBM CBSE Other,1,0,Nos
BOM-CAS NIBM CBSE Grade 9 French BookkitFM-001,CAS NIBM CBSE Grade 9 French BookkitFM,Inventre Edu Services Pvt Ltd,1,INR,1,9fi95soo93,CAS CBSE Grade 9 Textbook,1,0,Nos
,,,,,,9fialquovv,CAS CBSE Grade 9 Notebook,1,0,Nos
,,,,,,9fiuidn3kb,CAS CBSE Grade 9 French,1,0,Nos
,,,,,,9fij9mom7f,CAS CBSE Program,1,0,Nos
,,,,,,9fiir0crpj,CAS NIBM CBSE Other,1,0,Nos
BOM-CAS NIBM CBSE Grade 9 French BookkitPainting-001,CAS NIBM CBSE Grade 9 French BookkitPainting,Inventre Edu Services Pvt Ltd,1,INR,1,8o4ojbdh3r,CAS CBSE Grade 9 Textbook,1,0,Nos
,,,,,,8o4nelpdpi,CAS CBSE Grade 9 Notebook,1,0,Nos
,,,,,,8o4fe69onn,CAS CBSE Grade 9 French,1,0,Nos
,,,,,,8o49qg32hi,CAS CBSE Grade 9 Painting,1,0,Nos
,,,,,,8o4lpjej3o,CAS CBSE Program,1,0,Nos
,,,,,,8o45a6gmg8,CAS NIBM CBSE Other,1,0,Nos
BOM-CAS NIBM CBSE Grade 9 French BookkitAI-001,CAS NIBM CBSE Grade 9 French BookkitAI,Inventre Edu Services Pvt Ltd,1,INR,1,82gmj9bec0,CAS CBSE Grade 9 Textbook,1,0,Nos
,,,,,,82g2d66ds1,CAS CBSE Grade 9 Notebook,1,0,Nos
,,,,,,82gl4gajr8,CAS CBSE Grade 9 French,1,0,Nos
,,,,,,82gkg53kr2,CAS CBSE Grade 9 AI,1,0,Nos
,,,,,,82gvbvd28a,CAS CBSE Program,1,0,Nos
,,,,,,82g5pvtk9u,CAS NIBM CBSE Other,1,0,Nos
BOM-CAS NIBM CBSE Grade 9 Hindi BookkitFM-001,CAS NIBM CBSE Grade 9 Hindi BookkitFM,Inventre Edu Services Pvt Ltd,1,INR,1,7e81v3qj2b,CAS CBSE Grade 9 Textbook,1,0,Nos
,,,,,,7e8sfcimrc,CAS CBSE Grade 9 Notebook,1,0,Nos
,,,,,,7e8som0mkv,CAS CBSE Grade 9 Hindi,1,0,Nos
,,,,,,7e85dh6hdu,CAS CBSE Program,1,0,Nos
,,,,,,7e8ac767kf,CAS NIBM CBSE Other,1,0,Nos
BOM-CAS NIBM CBSE Grade 9 Hindi BookkitPainting-001,CAS NIBM CBSE Grade 9 Hindi BookkitPainting,Inventre Edu Services Pvt Ltd,1,INR,1,6smdiou83h,CAS CBSE Grade 9 Textbook,1,0,Nos
,,,,,,6smf1bp93b,CAS CBSE Grade 9 Notebook,1,0,Nos
,,,,,,6sm748lk4j,CAS CBSE Grade 9 Painting,1,0,Nos
,,,,,,6sm4gcorig,CAS CBSE Grade 9 Hindi,1,0,Nos
,,,,,,6smc5itlvn,CAS CBSE Program,1,0,Nos
,,,,,,6sm9mcfnui,CAS NIBM CBSE Other,1,0,Nos
BOM-CAS NIBM CBSE Grade 9 Hindi BookkitAI-001,CAS NIBM CBSE Grade 9 Hindi BookkitAI,Inventre Edu Services Pvt Ltd,1,INR,1,68km364qf3,CAS CBSE Grade 9 Textbook,1,0,Nos
,,,,,,68k59k9e02,CAS CBSE Grade 9 Notebook,1,0,Nos
,,,,,,68kmrvb784,CAS CBSE Grade 9 Hindi,1,0,Nos
,,,,,,68kk9j297p,CAS CBSE Grade 9 AI,1,0,Nos
,,,,,,68kd7ta8na,CAS CBSE Program,1,0,Nos
,,,,,,68k72sn0pp,CAS NIBM CBSE Other,1,0,Nos
BOM-CAS LR CBSE Grade 9 Marathi BookkitFM-001,CAS LR CBSE Grade 9 Marathi BookkitFM,Inventre Edu Services Pvt Ltd,1,INR,1,2pthe4seh1,CAS CBSE Grade 9 Textbook,1,0,Nos
,,,,,,2ptfgdjh6g,CAS CBSE Grade 9 Notebook,1,0,Nos
,,,,,,2ptr8l1r60,CAS CBSE Program,1,0,Nos
,,,,,,2pt2n59mh1,CAS LR CBSE Other,1,0,Nos
BOM-CAS LR CBSE Grade 9 Marathi BookkitPainting-001,CAS LR CBSE Grade 9 Marathi BookkitPainting,Inventre Edu Services Pvt Ltd,1,INR,1,2a1dt4vq8s,CAS CBSE Grade 9 Textbook,1,0,Nos
,,,,,,2a11imtut5,CAS CBSE Grade 9 Notebook,1,0,Nos
,,,,,,2a17ljheb5,CAS CBSE Grade 9 Painting,1,0,Nos
,,,,,,2a11p4arls,CAS CBSE Program,1,0,Nos
,,,,,,2a1bc6l2vp,CAS LR CBSE Other,1,0,Nos
BOM-CAS LR CBSE Grade 9 Marathi BookkitAI-001,CAS LR CBSE Grade 9 Marathi BookkitAI,Inventre Edu Services Pvt Ltd,1,INR,1,1kn99n7dl5,CAS CBSE Grade 9 Textbook,1,0,Nos
,,,,,,1knvpidrdl,CAS CBSE Grade 9 Notebook,1,0,Nos
,,,,,,1kn2bu6qr2,CAS CBSE Grade 9 AI,1,0,Nos
,,,,,,1knom1ekof,CAS CBSE Program,1,0,Nos
,,,,,,1kn17cfprv,CAS LR CBSE Other,1,0,Nos
BOM-CAS LR CBSE Grade 9 French BookkitFM-001,CAS LR CBSE Grade 9 French BookkitFM,Inventre Edu Services Pvt Ltd,1,INR,1,11t49o01bc,CAS CBSE Grade 9 Textbook,1,0,Nos
,,,,,,11tkqrvm1g,CAS CBSE Grade 9 Notebook,1,0,Nos
,,,,,,11tbr39d6d,CAS CBSE Grade 9 French,1,0,Nos
,,,,,,11tki55mon,CAS CBSE Program,1,0,Nos
,,,,,,11tn7qkea5,CAS LR CBSE Other,1,0,Nos
BOM-CAS LR CBSE Grade 9 French BookkitPainting-001,CAS LR CBSE Grade 9 French BookkitPainting,Inventre Edu Services Pvt Ltd,1,INR,1,0cce617tou,CAS CBSE Grade 9 Textbook,1,0,Nos
,,,,,,0cc2lh7aq6,CAS CBSE Grade 9 Notebook,1,0,Nos
,,,,,,0ccni6vo12,CAS CBSE Grade 9 French,1,0,Nos
,,,,,,0ccbl5sbsf,CAS CBSE Grade 9 Painting,1,0,Nos
,,,,,,0cc4fi68k8,CAS CBSE Program,1,0,Nos
,,,,,,0ccnnp56ru,CAS LR CBSE Other,1,0,Nos
BOM-CAS LR CBSE Grade 9 French BookkitAI-001,CAS LR CBSE Grade 9 French BookkitAI,Inventre Edu Services Pvt Ltd,1,INR,1,vl2bm3hn77,CAS CBSE Grade 9 Textbook,1,0,Nos
,,,,,,vl253iu14j,CAS CBSE Grade 9 Notebook,1,0,Nos
,,,,,,vl2bmusm01,CAS CBSE Grade 9 French,1,0,Nos
,,,,,,vl29en6v6g,CAS CBSE Grade 9 AI,1,0,Nos
,,,,,,vl21rd0jbv,CAS CBSE Program,1,0,Nos
,,,,,,vl2ds9c05c,CAS LR CBSE Other,1,0,Nos
BOM-CAS LR CBSE Grade 9 Hindi BookkitFM-001,CAS LR CBSE Grade 9 Hindi BookkitFM,Inventre Edu Services Pvt Ltd,1,INR,1,urb4chqi1t,CAS CBSE Grade 9 Textbook,1,0,Nos
,,,,,,urb9ul9tej,CAS CBSE Grade 9 Notebook,1,0,Nos
,,,,,,urbrv0jq6e,CAS CBSE Grade 9 Hindi,1,0,Nos
,,,,,,urb21s9ef9,CAS CBSE Program,1,0,Nos
,,,,,,urbn85in43,CAS LR CBSE Other,1,0,Nos
BOM-CAS LR CBSE Grade 9 Hindi BookkitPainting-001,CAS LR CBSE Grade 9 Hindi BookkitPainting,Inventre Edu Services Pvt Ltd,1,INR,1,tpcbqpt8fe,CAS CBSE Grade 9 Textbook,1,0,Nos
,,,,,,tpc37s0f1o,CAS CBSE Grade 9 Notebook,1,0,Nos
,,,,,,tpckbp7uk2,CAS CBSE Grade 9 Hindi,1,0,Nos
,,,,,,tpcui4t24q,CAS CBSE Grade 9 Painting,1,0,Nos
,,,,,,tpc8efbv9r,CAS CBSE Program,1,0,Nos
,,,,,,tpck4ses9r,CAS LR CBSE Other,1,0,Nos
BOM-CAS LR CBSE Grade 9 Hindi BookkitAI-001,CAS LR CBSE Grade 9 Hindi BookkitAI,Inventre Edu Services Pvt Ltd,1,INR,1,sqoof1jvrl,CAS CBSE Grade 9 Textbook,1,0,Nos
,,,,,,sqobm7440n,CAS CBSE Grade 9 Notebook,1,0,Nos
,,,,,,sqoqebucgv,CAS CBSE Program,1,0,Nos
,,,,,,sqocmsp1cd,CAS LR CBSE Other,1,0,Nos
,,,,,,sqo75q8h4d,CAS CBSE Grade 9 Hindi,1,0,Nos
,,,,,,sqogv4kvak,CAS CBSE Grade 9 AI,1,0,Nos
BOM-CAS CBSE Grade 9 French-001,CAS CBSE Grade 9 French,Inventre Edu Services Pvt Ltd,1,INR,1,mhgtbd3j2p,Entre Jeunes (WorkBook) Gr 9,1,0,Nos
BOM-CAS CBSE Grade 9 Hindi-001,CAS CBSE Grade 9 Hindi,Inventre Edu Services Pvt Ltd,1,INR,1,m9h5l31st9,Sparsh Grade 9,1,0,Nos
,,,,,,m9hoif9jtr,Sanchayan I,1,0,Nos
,,,,,,m9hop28d0k,Anmol hindi Vyakaran thatha rachana - 9,1,0,Nos
BOM-CAS CBSE Grade 9 Painting-001,CAS CBSE Grade 9 Painting,Inventre Edu Services Pvt Ltd,1,INR,1,lqpp6vk1t9,Panoramic - Indian Painting 9,1,0,Nos
,,,,,,lqpbbfipgc,50 Pages Plain Drawing Book,1,26,Nos
BOM-CAS CBSE Grade 9 AI-001,CAS CBSE Grade 9 AI,Inventre Edu Services Pvt Ltd,1,INR,1,cd9ucs6sq3,Artificial Intelligence 9,1,0,Nos
,,,,,,cd9cunnn6r,Crown 200 pages Single ruled,1,38,Nos
,,,,,,cd98fnks3s,100 Pages OSR Single Ruled Record Book,1,43,Nos
BOM-CAS CBSE Grade 9 Notebook-002,CAS CBSE Grade 9 Notebook,Inventre Edu Services Pvt Ltd,1,INR,1,bqr9dd7bno,Crown 200 pages Single ruled,11,38,Nos
,,,,,,bqrabfvhud,Crown 200 pages Maths ruled,6,38,Nos
,,,,,,bqraikh5m0,Long 50 Pages Graph Book,1,16,Nos
,,,,,,bqr6b8nq3n,Crown 200 Pages OSR Single Leaved,2,0,Nos
,,,,,,bqraltg3hu,Crown 100 pages OSR Single Leaved,1,20,Nos
,,,,,,bqroroj08v,Crown 100 pages Plain Book,1,20,Nos
BOM-CAS CBSE Grade 9 Textbook-001,CAS CBSE Grade 9 Textbook,Inventre Edu Services Pvt Ltd,1,INR,1,ag9ssh64h6,Beehive,1,0,Nos
,,,,,,ag99v6bs0m,Moments - English Suppl. Rdr,1,0,Nos
,,,,,,ag9b7f8qdl,Words and Expressions 1,1,0,Nos
,,,,,,ag9s23g2ob,Maths text (RS Agarwal) 9,1,0,Nos
,,,,,,ag9sn1ai72,Maths Textbook 9,1,0,Nos
,,,,,,ag9udrh2vs,Maths Lab Manual 9,1,0,Nos
,,,,,,ag9uj9vrgu,Science Textbook 9,1,0,Nos
,,,,,,ag98ugkbeq,Science Exempler Problems 9,1,99,Nos
,,,,,,ag9hom8ake,Laboratory Manual Science 9,1,0,Nos
,,,,,,ag9h653eg9,Contemporary India - Geography Grade 9,1,0,Nos
,,,,,,ag9jl5uiiu,India & Contemporary World History Grade 9,1,0,Nos
,,,,,,ag9suog06u,Democratic Politics Grade 9,1,0,Nos
,,,,,,ag9cheiugm,Economics Textbook,1,0,Nos
,,,,,,ag9aknikd2,Akshar Bharati 9,1,0,Nos
BOM-SAS KS GRADE 12 MAGIC BOX GIRLS-001,SAS KS GRADE 12 MAGIC BOX GIRLS,Inventre Edu Services Pvt Ltd,1,INR,1,06poqf84u9,SAS KS Maroon T-Shirt,2,0,Nos
,,,,,,06pgka7gaa,SAS KS Girls Pant,2,0,Nos
,,,,,,06pn3grlll,SAS KS Sports T-shirt,1,0,Nos
,,,,,,06pp08mqtj,SAS KS Sports Pant,1,0,Nos
,,,,,,06pgld8i95,SAS KS Regular Socks,2,0,Nos
,,,,,,06pn78t1te,SAS KS Sports Socks,1,0,Nos
,,,,,,06p9qoi037,SAS KS Sr Secondary Belt,1,0,Nos
,,,,,,06p0v3mfj4,SAS KS CAPS,1,0,Nos
,,,,,,06pbfln7oq,SAS KS Hoodie,1,0,Nos
,,,,,,06pg818kqo,SAS KS Secondary Bag,1,0,Nos
,,,,,,06pddnum8u,SAS KS Shoes,1,0,Nos
BOM-SAS KS GRADE 11 MAGIC BOX GIRLS-001,SAS KS GRADE 11 MAGIC BOX GIRLS,Inventre Edu Services Pvt Ltd,1,INR,1,st0enfhd9k,SAS KS Maroon T-Shirt,2,0,Nos
,,,,,,st0uq7kbui,SAS KS Girls Pant,2,0,Nos
,,,,,,st0nvs6g75,SAS KS Sports T-shirt,1,0,Nos
,,,,,,st0ui2nof2,SAS KS Sports Pant,1,0,Nos
,,,,,,st0fm78ag2,SAS KS Regular Socks,2,0,Nos
,,,,,,st0icceqek,SAS KS Sports Socks,1,0,Nos
,,,,,,st0ouoj4qn,SAS KS Sr Secondary Belt,1,0,Nos
,,,,,,st0esudgqd,SAS KS CAPS,1,0,Nos
,,,,,,st0kn0bub8,SAS KS Hoodie,1,0,Nos
,,,,,,st02vegsac,SAS KS Secondary Bag,1,0,Nos
,,,,,,st0c6h02ge,SAS KS Shoes,1,0,Nos
,,,,,,4p0hul91cj,SAS Keesara Grade 11 Bookkit,1,0,Nos
BOM-SAS KS GRADE 10 MAGIC BOX GIRLS-001,SAS KS GRADE 10 MAGIC BOX GIRLS,Inventre Edu Services Pvt Ltd,1,INR,1,ah6jfvo1pt,SAS KS Shirt,2,0,Nos
,,,,,,ah6dm7ie0q,SAS KS Skirt,2,0,Nos
,,,,,,ah6tvnhpoo,SAS KS Sports T-shirt,1,0,Nos
,,,,,,ah6fe9jrra,SAS KS Sports Pant,1,0,Nos
,,,,,,ah6lo1mocj,SAS KS Regular Socks,2,0,Nos
,,,,,,ah6ua8dt0o,SAS KS Sports Socks,1,0,Nos
,,,,,,ah6ol890so,SAS KS Bloomers,1,0,Nos
,,,,,,ah6b087m9f,SAS KS Belt,1,0,Nos
,,,,,,ah6hpdk8p6,SAS KS CAPS,1,0,Nos
,,,,,,ah6hr09ggt,SAS KS Hoodie,1,0,Nos
,,,,,,ah6r7e3brs,SAS KS Secondary Bag,1,0,Nos
,,,,,,ah6998cf1e,SAS KS Shoes,1,0,Nos
,,,,,,qj9pm69sod,SAS Keesara Grade 10 Bookkit,1,0,Nos
BOM-SAS KS GRADE 9 MAGIC BOX GIRLS-001,SAS KS GRADE 9 MAGIC BOX GIRLS,Inventre Edu Services Pvt Ltd,1,INR,1,7m2n2a64iu,SAS KS Shirt,2,0,Nos
,,,,,,7m27d55afo,SAS KS Skirt,2,0,Nos
,,,,,,7m2tff7qvs,SAS KS Sports T-shirt,1,0,Nos
,,,,,,7m2jp0tiol,SAS KS Sports Pant,1,0,Nos
,,,,,,7m2032om0j,SAS KS Regular Socks,2,0,Nos
,,,,,,7m2jg8i1f0,SAS KS Sports Socks,1,0,Nos
,,,,,,7m2suj3l2c,SAS KS Bloomers,1,0,Nos
,,,,,,7m2dpttlji,SAS KS Belt,1,0,Nos
,,,,,,7m2adp7ebr,SAS KS CAPS,1,0,Nos
,,,,,,7m2ao6dvgl,SAS KS Hoodie,1,0,Nos
,,,,,,7m233d0m3r,SAS KS Secondary Bag,1,0,Nos
,,,,,,7m2rsj13he,SAS KS Shoes,1,0,Nos
,,,,,,qsnicli9k5,SAS Keesara Grade 9 Bookkit,1,0,Nos
BOM-SAS KS GRADE 8 MAGIC BOX GIRLS-001,SAS KS GRADE 8 MAGIC BOX GIRLS,Inventre Edu Services Pvt Ltd,1,INR,1,50kesb7mnt,SAS KS Shirt,2,0,Nos
,,,,,,50kvgvqah9,SAS KS Skirt,2,0,Nos
,,,,,,50kmk72b1f,SAS KS Sports T-shirt,1,0,Nos
,,,,,,50ko9lkb29,SAS KS Sports Pant,1,0,Nos
,,,,,,50kcb5ajkg,SAS KS Regular Socks,2,0,Nos
,,,,,,50ksekj235,SAS KS Sports Socks,1,0,Nos
,,,,,,50keecreq7,SAS KS Bloomers,1,0,Nos
,,,,,,50k17id3dm,SAS KS Belt,1,0,Nos
,,,,,,50kanila17,SAS KS CAPS,1,0,Nos
,,,,,,50kem98i4c,SAS KS Hoodie,1,0,Nos
,,,,,,50kll8i04m,SAS KS Secondary Bag,1,0,Nos
,,,,,,50ki53i4tj,SAS KS Shoes,1,0,Nos
,,,,,,qa2ug496de,SAS Keesara Grade 8 Bookkit,1,0,Nos
BOM-SAS KS GRADE 7 MAGIC BOX GIRLS-001,SAS KS GRADE 7 MAGIC BOX GIRLS,Inventre Edu Services Pvt Ltd,1,INR,1,s8gskc1ggi,SAS KS Shirt,2,0,Nos
,,,,,,s8g2pd3h4n,SAS KS Skirt,2,0,Nos
,,,,,,s8gomsnlgb,SAS KS Sports T-shirt,1,0,Nos
,,,,,,s8gmnjqkfg,SAS KS Sports Pant,1,0,Nos
,,,,,,s8gvplhabv,SAS KS Regular Socks,2,0,Nos
,,,,,,s8gqhp9tn7,SAS KS Sports Socks,1,0,Nos
,,,,,,s8gviro56t,SAS KS Bloomers,1,0,Nos
,,,,,,s8gleq0vj6,SAS KS CAPS,1,0,Nos
,,,,,,s8gltt0cju,SAS KS Belt,1,0,Nos
,,,,,,s8gp4vb40s,SAS KS Hoodie,1,0,Nos
,,,,,,s8g0jdhg1v,SAS KS Secondary Bag,1,0,Nos
,,,,,,s8gt9ksdi6,SAS KS Shoes,1,0,Nos
,,,,,,q4f8uqkjfg,SAS Keesara Grade 7 Bookkit,1,0,Nos
BOM-SAS KS GRADE 6 MAGIC BOX GIRLS-001,SAS KS GRADE 6 MAGIC BOX GIRLS,Inventre Edu Services Pvt Ltd,1,INR,1,b1i4u8qjog,SAS KS Shirt,2,0,Nos
,,,,,,b1injij5ns,SAS KS Skirt,2,0,Nos
,,,,,,b1i32o9v64,SAS KS Sports T-shirt,1,0,Nos
,,,,,,b1iqu73h33,SAS KS Sports Pant,1,0,Nos
,,,,,,b1ic08vovh,SAS KS Regular Socks,2,0,Nos
,,,,,,b1irav0g58,SAS KS Sports Socks,1,0,Nos
,,,,,,b1is14dbur,SAS KS Belt,1,0,Nos
,,,,,,b1ia4bro8s,SAS KS CAPS,1,0,Nos
,,,,,,b1iecc2hhl,SAS KS Hoodie,1,0,Nos
,,,,,,b1iom8qulp,SAS KS Secondary Bag,1,0,Nos
,,,,,,b1ipimnpbg,SAS KS Shoes,1,0,Nos
,,,,,,sf7a7l6kcp,SAS KS Bloomers,1,0,Nos
,,,,,,p64rkul4lk,SAS Keesara Grade 6 Bookkit,1,0,Nos
BOM-SAS KS GRADE 5 MAGIC BOX GIRLS-001,SAS KS GRADE 5 MAGIC BOX GIRLS,Inventre Edu Services Pvt Ltd,1,INR,1,mr5drqb89c,SAS KS Frock,2,0,Nos
,,,,,,mr54on037l,SAS KS Sports T-shirt,1,0,Nos
,,,,,,mr562m8opo,SAS KS Sports Pant,1,0,Nos
,,,,,,mr56lktc6j,SAS KS Regular Socks,2,0,Nos
,,,,,,mr5jbtufvh,SAS KS Sports Socks,1,0,Nos
,,,,,,mr5vfigpof,SAS KS Bloomers,1,0,Nos
,,,,,,mr5s5fsdtd,SAS KS CAPS,1,0,Nos
,,,,,,mr53aofmnt,SAS KS Hoodie,1,0,Nos
,,,,,,mr5d1jsfml,SAS KS Primary Bag,1,0,Nos
,,,,,,mr565dl8mr,SAS KS Shoes,1,0,Nos
,,,,,,nb8t3vgs2i,SAS Keesara Grade 5 Bookkit,1,0,Nos
BOM-SAS KS GRADE 4 MAGIC BOX GIRLS-001,SAS KS GRADE 4 MAGIC BOX GIRLS,Inventre Edu Services Pvt Ltd,1,INR,1,fu21etsqqm,SAS KS Frock,2,0,Nos
,,,,,,fu2asichee,SAS KS Sports T-shirt,1,0,Nos
,,,,,,fu2uutmo11,SAS KS Sports Pant,1,0,Nos
,,,,,,fu2f6a4pri,SAS KS Regular Socks,2,0,Nos
,,,,,,fu2dqhddhk,SAS KS Sports Socks,1,0,Nos
,,,,,,fu2smter03,SAS KS CAPS,1,0,Nos
,,,,,,fu2udq8ran,SAS KS Bloomers,1,0,Nos
,,,,,,fu215pq411,SAS KS Hoodie,1,0,Nos
,,,,,,fu20aqnp6k,SAS KS Primary Bag,1,0,Nos
,,,,,,fu23vkurt6,SAS KS Shoes,1,0,Nos
,,,,,,85d2tuc7mk,SAS Keesara Grade 4 Bookkit,1,0,Nos
BOM-SAS KS GRADE 3 MAGIC BOX GIRLS-001,SAS KS GRADE 3 MAGIC BOX GIRLS,Inventre Edu Services Pvt Ltd,1,INR,1,c9s7s89c1c,SAS KS Frock,2,0,Nos
,,,,,,c9sg8ej2ru,SAS KS Sports T-shirt,1,0,Nos
,,,,,,c9svs20hrb,SAS KS Sports Pant,1,0,Nos
,,,,,,c9sjhv0nqj,SAS KS Regular Socks,2,0,Nos
,,,,,,c9s0hs5d9c,SAS KS Sports Socks,1,0,Nos
,,,,,,c9sea9vebt,SAS KS Bloomers,1,0,Nos
,,,,,,c9su7hhmgs,SAS KS CAPS,1,0,Nos
,,,,,,c9shdhs766,SAS KS Hoodie,1,0,Nos
,,,,,,c9s6b11ufa,SAS KS Primary Bag,1,0,Nos
,,,,,,c9sa35pdvb,SAS KS Shoes,1,0,Nos
,,,,,,mfv0v7d5js,SAS Keesara Grade 3 Bookkit,1,0,Nos
BOM-SAS KS GRADE 2 MAGIC BOX GIRLS-001,SAS KS GRADE 2 MAGIC BOX GIRLS,Inventre Edu Services Pvt Ltd,1,INR,1,9lvfru600r,SAS KS Frock,2,0,Nos
,,,,,,9lvo7hfase,SAS KS Sports T-shirt,1,0,Nos
,,,,,,9lv5l6f17p,SAS KS Sports Pant,1,0,Nos
,,,,,,9lv383q05v,SAS KS Regular Socks,2,0,Nos
,,,,,,9lvt2ocdi5,SAS KS Sports Socks,1,0,Nos
,,,,,,9lv92bp62n,SAS KS Bloomers,1,0,Nos
,,,,,,9lv5ov8eok,SAS KS CAPS,1,0,Nos
,,,,,,9lv6oe2o2j,SAS KS Hoodie,1,0,Nos
,,,,,,9lva2ve3ph,SAS KS Primary Bag,1,0,Nos
,,,,,,9lvi69rrdc,SAS KS Shoes,1,0,Nos
,,,,,,i23knli6bl,SAS Keesara Grade 2 Bookkit,1,0,Nos
BOM-SAS KS GRADE 12 MAGIC BOX BOYS-001,SAS KS GRADE 12 MAGIC BOX BOYS,Inventre Edu Services Pvt Ltd,1,INR,1,209auv17ur,SAS KS Maroon T-Shirt,2,0,Nos
,,,,,,2090ecioqi,SAS KS Boys Pants,2,0,Nos
,,,,,,209csujjs8,SAS KS Sports T-shirt,1,0,Nos
,,,,,,209bk55oq3,SAS KS Sports Pant,1,0,Nos
,,,,,,2093fpeb27,SAS KS Regular Socks,2,0,Nos
,,,,,,2092vkjcga,SAS KS Sports Socks,1,0,Nos
,,,,,,209blcvrs1,SAS KS Sr Secondary Belt,1,0,Nos
,,,,,,209cohu3ok,SAS KS CAPS,1,0,Nos
,,,,,,2092qrgdse,SAS KS Hoodie,1,0,Nos
,,,,,,209oeueu1o,SAS KS Secondary Bag,1,0,Nos
,,,,,,209mfm1j5q,SAS KS Shoes,1,0,Nos
BOM-CAS NIBM CIE Grade 7 BookkitHindi-001,CAS NIBM CIE Grade 7 BookkitHindi,Inventre Edu Services Pvt Ltd,1,INR,1,uitgm8903i,CAS CIE Grade 7 Textbook,1,0,Nos
,,,,,,uit5h35u3q,CAS CIE Grade 7 Notebook,1,0,Nos
,,,,,,uit0g9ncg3,CAS CIE Grade 7 Stationery,1,0,Nos
,,,,,,uitubj5edb,CAS CIE Grade 7 Hindi,1,0,Nos
,,,,,,uitfj6plko,CAS NIBM CIE Other,1,0,Nos
BOM-SAS KS GRADE 11 MAGIC BOX BOYS-001,SAS KS GRADE 11 MAGIC BOX BOYS,Inventre Edu Services Pvt Ltd,1,INR,1,ue1dht3vc6,SAS KS Maroon T-Shirt,2,0,Nos
,,,,,,ue1g866bgp,SAS KS Boys Pants,2,0,Nos
,,,,,,ue10rqudg5,SAS KS Sports T-shirt,1,0,Nos
,,,,,,ue1b3u9286,SAS KS Sports Pant,1,0,Nos
,,,,,,ue1l5cth19,SAS KS Regular Socks,2,0,Nos
,,,,,,ue16n9rr6g,SAS KS Sports Socks,1,0,Nos
,,,,,,ue16ihoih8,SAS KS Sr Secondary Belt,1,0,Nos
,,,,,,ue10jfp3dq,SAS KS CAPS,1,0,Nos
,,,,,,ue139k47e9,SAS KS Hoodie,1,0,Nos
,,,,,,ue1k4nvfv7,SAS KS Secondary Bag,1,0,Nos
,,,,,,ue1ma0a1s7,SAS KS Shoes,1,0,Nos
,,,,,,50domqcacv,SAS Keesara Grade 11 Bookkit,1,0,Nos
BOM-SAS KS GRADE 10 MAGIC BOX BOYS-001,SAS KS GRADE 10 MAGIC BOX BOYS,Inventre Edu Services Pvt Ltd,1,INR,1,rl47c61enf,SAS KS Shirt,2,0,Nos
,,,,,,rl4sb1okfs,SAS KS Full Pants,2,0,Nos
,,,,,,rl45ktu342,SAS KS Sports T-shirt,1,0,Nos
,,,,,,rl4kooak2h,SAS KS Sports Pant,1,0,Nos
,,,,,,rl4l5dk9ho,SAS KS Regular Socks,2,0,Nos
,,,,,,rl4144ia1q,SAS KS Sports Socks,1,0,Nos
,,,,,,rl4c6ecu5k,SAS KS Belt,1,0,Nos
,,,,,,rl4ovtpk72,SAS KS CAPS,1,0,Nos
,,,,,,rl4g4tat42,SAS KS Hoodie,1,0,Nos
,,,,,,rl4ltk63om,SAS KS Secondary Bag,1,0,Nos
,,,,,,rl4ad9ido4,SAS KS Shoes,1,0,Nos
,,,,,,qncq06ckc3,SAS Keesara Grade 10 Bookkit,1,0,Nos
BOM-CAS NIBM CIE Grade 8 BookkitHindi-001,CAS NIBM CIE Grade 8 BookkitHindi,Inventre Edu Services Pvt Ltd,1,INR,1,offpsngtnj,CAS CIE Grade 8 Textbook,1,0,Nos
,,,,,,offbd1gmge,CAS CIE Grade 8 Notebook,1,0,Nos
,,,,,,offfg2a7sr,CAS CIE Grade 8 Stationery,1,0,Nos
,,,,,,off5pnj5ok,CAS CIE Grade 8 Hindi,1,0,Nos
,,,,,,offr7t9j46,CAS NIBM CIE Other,1,0,Nos
BOM-CAS NIBM CIE Grade 8 BookkitFrench-001,CAS NIBM CIE Grade 8 BookkitFrench,Inventre Edu Services Pvt Ltd,1,INR,1,negttvfbc4,CAS CIE Grade 8 Textbook,1,0,Nos
,,,,,,neg8p8o5cl,CAS CIE Grade 8 Notebook,1,0,Nos
,,,,,,nege5u5f3g,CAS CIE Grade 8 Stationery,1,0,Nos
,,,,,,neg4pr4j0u,CAS CIE Grade 8 French,1,0,Nos
,,,,,,negrujk9rh,CAS NIBM CIE Other,1,0,Nos
BOM-CAS LR CIE Grade 8 BookkitHindi-001,CAS LR CIE Grade 8 BookkitHindi,Inventre Edu Services Pvt Ltd,1,INR,1,m674fpe54h,CAS CIE Grade 8 Textbook,1,0,Nos
,,,,,,m67r39bgaa,CAS CIE Grade 8 Notebook,1,0,Nos
,,,,,,m676g0nrvm,CAS CIE Grade 8 Stationery,1,0,Nos
,,,,,,m67avar106,CAS CIE Grade 8 Hindi,1,0,Nos
,,,,,,m67n3k276e,CAS LR CIE Other,1,0,Nos
BOM-SAS KS GRADE 9 MAGIC BOX BOYS-001,SAS KS GRADE 9 MAGIC BOX BOYS,Inventre Edu Services Pvt Ltd,1,INR,1,ksqiuib9pp,SAS KS Shirt,2,0,Nos
,,,,,,ksq79st9t9,SAS KS Full Pants,2,0,Nos
,,,,,,ksqid7ikvp,SAS KS Sports T-shirt,1,0,Nos
,,,,,,ksq3s8gmqf,SAS KS Sports Pant,1,0,Nos
,,,,,,ksqhhch1b9,SAS KS Regular Socks,2,0,Nos
,,,,,,ksqv71oh3a,SAS KS Sports Socks,1,0,Nos
,,,,,,ksqrvsm58a,SAS KS Belt,1,0,Nos
,,,,,,ksqqbndkdk,SAS KS CAPS,1,0,Nos
,,,,,,ksqlgjtpj9,SAS KS Hoodie,1,0,Nos
,,,,,,ksqqnacp14,SAS KS Secondary Bag,1,0,Nos
,,,,,,ksqa2d53hn,SAS KS Shoes,1,0,Nos
,,,,,,r22t4ks133,SAS Keesara Grade 9 Bookkit,1,0,Nos
BOM-CAS LR CIE Grade 8 BookkitFrench-001,CAS LR CIE Grade 8 BookkitFrench,Inventre Edu Services Pvt Ltd,1,INR,1,jl8dlbfji0,CAS CIE Grade 8 Textbook,1,0,Nos
,,,,,,jl804dtb21,CAS CIE Grade 8 Notebook,1,0,Nos
,,,,,,jl8cudj69f,CAS CIE Grade 8 Stationery,1,0,Nos
,,,,,,jl8n59qh6r,CAS CIE Grade 8 French,1,0,Nos
,,,,,,jl81gpuoml,CAS LR CIE Other,1,0,Nos
BOM-CAS NIBM CIE Grade 7 BookkitFrench-001,CAS NIBM CIE Grade 7 BookkitFrench,Inventre Edu Services Pvt Ltd,1,INR,1,ijp4ibsp7q,CAS CIE Grade 7 Textbook,1,0,Nos
,,,,,,ijpl2d4d81,CAS CIE Grade 7 Notebook,1,0,Nos
,,,,,,ijpabkeipr,CAS CIE Grade 7 Stationery,1,0,Nos
,,,,,,ijpdpbdh9v,CAS CIE Grade 7 French,1,0,Nos
,,,,,,ijpp282b28,CAS NIBM CIE Other,1,0,Nos
BOM-CAS LR CIE Grade 7 BookkitHindi-001,CAS LR CIE Grade 7 BookkitHindi,Inventre Edu Services Pvt Ltd,1,INR,1,hhnldqk535,CAS CIE Grade 7 Textbook,1,0,Nos
,,,,,,hhn4solavo,CAS CIE Grade 7 Notebook,1,0,Nos
,,,,,,hhnbru62lq,CAS CIE Grade 7 Stationery,1,0,Nos
,,,,,,hhnliefr4g,CAS CIE Grade 7 Hindi,1,0,Nos
,,,,,,hhnl6378qv,CAS LR CIE Other,1,0,Nos
BOM-CAS LR CIE Grade 7 BookkitFrench-001,CAS LR CIE Grade 7 BookkitFrench,Inventre Edu Services Pvt Ltd,1,INR,1,gedm02gbbn,CAS CIE Grade 7 Textbook,1,0,Nos
,,,,,,ged7c4i805,CAS CIE Grade 7 Notebook,1,0,Nos
,,,,,,gedt9kafae,CAS CIE Grade 7 Stationery,1,0,Nos
,,,,,,gedjku5c9q,CAS CIE Grade 7 French,1,0,Nos
,,,,,,ged5j02n8d,CAS LR CIE Other,1,0,Nos
BOM-SAS KS GRADE 8 MAGIC BOX BOYS-001,SAS KS GRADE 8 MAGIC BOX BOYS,Inventre Edu Services Pvt Ltd,1,INR,1,fd7qsbire0,SAS KS Shirt,2,0,Nos
,,,,,,fd7psgb14o,SAS KS Full Pants,2,0,Nos
,,,,,,fd7nevbie6,SAS KS Sports T-shirt,1,0,Nos
,,,,,,fd7r9kfps9,SAS KS Sports Pant,1,0,Nos
,,,,,,fd72ldeenp,SAS KS Regular Socks,2,0,Nos
,,,,,,fd7k5ovih1,SAS KS Sports Socks,1,0,Nos
,,,,,,fd755ud6eq,SAS KS Belt,1,0,Nos
,,,,,,fd7ut0ue34,SAS KS CAPS,1,0,Nos
,,,,,,fd79oemsmt,SAS KS Hoodie,1,0,Nos
,,,,,,fd7jv5qaqm,SAS KS Secondary Bag,1,0,Nos
,,,,,,fd7r3dvm5m,SAS KS Shoes,1,0,Nos
,,,,,,qea2gisb4r,SAS Keesara Grade 8 Bookkit,1,0,Nos
BOM-CAS NIBM CIE Grade 6 BookkitHindi-001,CAS NIBM CIE Grade 6 BookkitHindi,Inventre Edu Services Pvt Ltd,1,INR,1,du31d9n4qh,CAS CIE Grade 6 Textbook,1,0,Nos
,,,,,,du3ajhide0,CAS CIE Grade 6 Notebook,1,0,Nos
,,,,,,du30srsjv8,CAS CIE Grade 6 Stationery,1,0,Nos
,,,,,,du324e1ocb,CAS CIE Grade 6 Hindi,1,0,Nos
,,,,,,du3lcjrnj3,CAS NIBM CIE Other,1,0,Nos
BOM-CAS NIBM CIE Grade 6 BookkitFrench-001,CAS NIBM CIE Grade 6 BookkitFrench,Inventre Edu Services Pvt Ltd,1,INR,1,cqj97lirlr,CAS CIE Grade 6 Textbook,1,0,Nos
,,,,,,cqjirlblkt,CAS CIE Grade 6 Notebook,1,0,Nos
,,,,,,cqjl219rpd,CAS CIE Grade 6 Stationery,1,0,Nos
,,,,,,cqj1k76pkb,CAS CIE Grade 6 French,1,0,Nos
,,,,,,cqja07fg9u,CAS NIBM CIE Other,1,0,Nos
BOM-CAS LR CIE Grade 6 BookkitHindi-001,CAS LR CIE Grade 6 BookkitHindi,Inventre Edu Services Pvt Ltd,1,INR,1,bjegtqufhp,CAS CIE Grade 6 Textbook,1,0,Nos
,,,,,,bje1g5e9k4,CAS CIE Grade 6 Notebook,1,0,Nos
,,,,,,bjecantnhj,CAS CIE Grade 6 Stationery,1,0,Nos
,,,,,,bjetd8o90f,CAS CIE Grade 6 Hindi,1,0,Nos
,,,,,,bjef91noum,CAS LR CIE Other,1,0,Nos
BOM-CAS LR CIE Grade 6 BookkitFrench-001,CAS LR CIE Grade 6 BookkitFrench,Inventre Edu Services Pvt Ltd,1,INR,1,ac08fd8f8b,CAS CIE Grade 6 Textbook,1,0,Nos
,,,,,,ac0pl44eje,CAS CIE Grade 6 Notebook,1,0,Nos
,,,,,,ac004qpv1h,CAS CIE Grade 6 Stationery,1,0,Nos
,,,,,,ac0ius1tko,CAS CIE Grade 6 French,1,0,Nos
,,,,,,ac0qqv98un,CAS LR CIE Other,1,0,Nos
BOM-SAS KS GRADE 7 MAGIC BOX BOYS-001,SAS KS GRADE 7 MAGIC BOX BOYS,Inventre Edu Services Pvt Ltd,1,INR,1,a2bkj03m03,SAS KS Shirt,2,0,Nos
,,,,,,a2bhmua5qf,SAS KS Full Pants,2,0,Nos
,,,,,,a2bdtd1g31,SAS KS Sports T-shirt,1,0,Nos
,,,,,,a2b60nod6e,SAS KS Sports Pant,1,0,Nos
,,,,,,a2bgeucvtt,SAS KS Regular Socks,2,0,Nos
,,,,,,a2bdd0abtn,SAS KS Sports Socks,1,0,Nos
,,,,,,a2b2snnpd8,SAS KS Belt,1,0,Nos
,,,,,,a2b45efq4b,SAS KS CAPS,1,0,Nos
,,,,,,a2bhvf25d5,SAS KS Hoodie,1,0,Nos
,,,,,,a2bt6r75ru,SAS KS Secondary Bag,1,0,Nos
,,,,,,a2bp565eir,SAS KS Shoes,1,0,Nos
,,,,,,pn5ih93ean,SAS Keesara Grade 7 Bookkit,1,0,Nos
BOM-CAS NIBM CIE Grade 5 BookkitHindi-002,CAS NIBM CIE Grade 5 BookkitHindi,Inventre Edu Services Pvt Ltd,1,INR,1,8eppds73ao,CAS CIE Grade 5 Textbook,1,0,Nos
,,,,,,8epivaate3,CAS CIE Grade 5 Notebook,1,0,Nos
,,,,,,8epeok3s0d,CAS CIE Grade 5 Stationery,1,0,Nos
,,,,,,8epja170ac,CAS CIE Grade 5 Hindi,1,0,Nos
,,,,,,8ep31ohqrf,CAS NIBM CIE Other,1,0,Nos
BOM-CAS NIBM CIE Grade 5 BookkitFrench-001,CAS NIBM CIE Grade 5 BookkitFrench,Inventre Edu Services Pvt Ltd,1,INR,1,6tto9cf8i0,CAS CIE Grade 5 Textbook,1,0,Nos
,,,,,,6tts90gjip,CAS CIE Grade 5 Notebook,1,0,Nos
,,,,,,6ttccjc8j4,CAS CIE Grade 5 Stationery,1,0,Nos
,,,,,,6ttvosa70a,CAS CIE Grade 5 French,1,0,Nos
,,,,,,6tta6divfl,CAS NIBM CIE Other,1,0,Nos
BOM-SAS KS GRADE 6 MAGIC BOX BOYS-001,SAS KS GRADE 6 MAGIC BOX BOYS,Inventre Edu Services Pvt Ltd,1,INR,1,6sfh9jr1jh,SAS KS Shirt,2,0,Nos
,,,,,,6sfseaar6n,SAS KS Full Pants,2,0,Nos
,,,,,,6sf5pfi334,SAS KS Sports T-shirt,1,0,Nos
,,,,,,6sff523dik,SAS KS Sports Pant,1,0,Nos
,,,,,,6sfq6t7tpb,SAS KS Regular Socks,2,0,Nos
,,,,,,6sfaf1vbqk,SAS KS Sports Socks,1,0,Nos
,,,,,,6sfdvar2lr,SAS KS Belt,1,0,Nos
,,,,,,6sfd5o4sbo,SAS KS CAPS,1,0,Nos
,,,,,,6sf1rgna3l,SAS KS Secondary Bag,1,0,Nos
,,,,,,6sff2cvnjs,SAS KS Hoodie,1,0,Nos
,,,,,,6sfrrfhfl6,SAS KS Shoes,1,0,Nos
,,,,,,pf9b8u0po2,SAS Keesara Grade 6 Bookkit,1,0,Nos
BOM-CAS NIBM CIE Grade 5 BookkitHindi-001,CAS NIBM CIE Grade 5 BookkitHindi,Inventre Edu Services Pvt Ltd,1,INR,1,urm0k3g8sg,CAS CIE Grade 5 Textbook,1,0,Nos
,,,,,,urmpopbqo6,CAS CIE Grade 5 Notebook,1,0,Nos
,,,,,,urmr3vg097,CAS CIE Grade 5 Stationery,1,0,Nos
,,,,,,urm64h99cq,CAS CIE Grade 5 Hindi,1,0,Nos
,,,,,,urm8rkm2hh,CAS NIBM CIE Other,1,0,Nos
BOM-CAS LR CIE Grade 5 BookkitFrench-001,CAS LR CIE Grade 5 BookkitFrench,Inventre Edu Services Pvt Ltd,1,INR,1,smnqdj9edi,CAS CIE Grade 5 Textbook,1,0,Nos
,,,,,,smndtfi2dj,CAS CIE Grade 5 Notebook,1,0,Nos
,,,,,,smnjaa0ri4,CAS CIE Grade 5 Stationery,1,0,Nos
,,,,,,smnmk3fjcg,CAS CIE Grade 5 French,1,0,Nos
,,,,,,smnh95as5c,CAS LR CIE Other,1,0,Nos
BOM-CAS LR CIE Grade 5 BookkitHindi-001,CAS LR CIE Grade 5 BookkitHindi,Inventre Edu Services Pvt Ltd,1,INR,1,quj9qcdede,CAS CIE Grade 5 Textbook,1,0,Nos
,,,,,,quj6j54160,CAS CIE Grade 5 Notebook,1,0,Nos
,,,,,,quj2jaete8,CAS CIE Grade 5 Stationery,1,0,Nos
,,,,,,qujgjsdhpk,CAS CIE Grade 5 Hindi,1,0,Nos
,,,,,,qujftqpbh8,CAS LR CIE Other,1,0,Nos
BOM-CAS CIE Grade 8 Stationery-001,CAS CIE Grade 8 Stationery,Inventre Edu Services Pvt Ltd,1,INR,1,ofq08s2hb6,Poster Paint (14 Shades),1,110,Nos
,,,,,,ofqc4e1fqu,Brush (Flat & Round) - set of 4,1,0,Nos
,,,,,,ofqs4feft1,Butterfly Colour Pallete,1,0,Nos
,,,,,,ofqn5uiccl,Water Colour - 12 shades,1,0,Nos
,,,,,,ofqitc05vk,Sketch Pens,1,17.5,Nos
BOM-CAS CIE Grade 8 Notebook-001,CAS CIE Grade 8 Notebook,Inventre Edu Services Pvt Ltd,1,INR,1,mirnv0tn10,Crown 200 pages Single ruled,12,38,Nos
,,,,,,mirec9ejcc,Crown 100 pages Single ruled,1,20,Nos
,,,,,,mircg0mkqo,50 Pages Plain Drawing Book,1,26,Nos
,,,,,,mireb1g5rb,Long 50 Pages Graph Book,1,16,Nos
BOM-CAS CIE Grade 8 French-001,CAS CIE Grade 8 French,Inventre Edu Services Pvt Ltd,1,INR,1,hm1k84s6li,a la folie 4,1,0,Nos
BOM-CAS CIE Grade 8 Hindi-001,CAS CIE Grade 8 Hindi,Inventre Edu Services Pvt Ltd,1,INR,1,h6qgaeven0,Patvar- IGCSE (Reading/Writing/Listening) 2nd Edition-8,1,0,Nos
BOM-CAS CIE Grade 8 Textbook-001,CAS CIE Grade 8 Textbook,Inventre Edu Services Pvt Ltd,1,INR,1,gna0q36hh4,Collins Cambridge Lower Secondary English Satge 9: Student's Book,1,0,Nos
,,,,,,gnacfolg84,Science Learner's Book 9,1,0,Nos
,,,,,,gnal3bmj0n,Mathematics Learner's Book 9,1,0,Nos
,,,,,,gna4urhvhe,Nelson KeyGeography Interractions Grade 8,1,0,Nos
,,,,,,gnaum3nj1h,KS 3 History – technology war and Independenc By Aaron wilkes,1,0,Nos
,,,,,,gnaih3lu10,Cambridge Lower Secondary Computing Book 9,1,0,Nos
,,,,,,gna8809jsh,Sulabh Bharti 8,1,0,Nos
,,,,,,gnapeb3epi,Grooming Book 8,1,34,Nos
BOM-CAS CIE Grade 7 French-001,CAS CIE Grade 7 French,Inventre Edu Services Pvt Ltd,1,INR,1,c62cvm50hf,a la folie 3,1,0,Nos
BOM-CAS CIE Grade 7 Hindi-001,CAS CIE Grade 7 Hindi,Inventre Edu Services Pvt Ltd,1,INR,1,bbpddaojih,Patvar- IGCSE (Reading/Writing/Listening) 2nd Edition-7,1,0,Nos
BOM-CAS CIE Grade 7 Stationery-001,CAS CIE Grade 7 Stationery,Inventre Edu Services Pvt Ltd,1,INR,1,ahvmnscmgr,Poster Paint (14 Shades),1,110,Nos
,,,,,,ahvdcq240k,Brush (Flat & Round) - set of 4,1,0,Nos
,,,,,,ahvnh4f70q,Sketch Pens,1,17.5,Nos
,,,,,,ahva4969ou,Butterfly Colour Pallete,1,0,Nos
,,,,,,ahv4d872ks,Water Colour - 12 shades,1,0,Nos
BOM-CAS CIE Grade 7 Notebook-001,CAS CIE Grade 7 Notebook,Inventre Edu Services Pvt Ltd,1,INR,1,t763ueae5k,Crown 200 pages Single ruled,5,38,Nos
,,,,,,t76k7q059b,Crown 100 pages Single ruled,5,20,Nos
,,,,,,1eqdd4kjbp,Crown 200 Pages OSR Single Leaved,4,0,Nos
,,,,,,3u74kplo6h,50 Pages Plain Drawing Book,1,26,Nos
,,,,,,3u7dg6s0ud,Long 50 Pages Graph Book,1,16,Nos
BOM-CAS CIE Grade 7 Textbook-001,CAS CIE Grade 7 Textbook,Inventre Edu Services Pvt Ltd,1,INR,1,n3rg64ebbo,Collins Cambridge Lower Secondary English Satge 8: Student's Book,1,0,Nos
,,,,,,n3rhcvfndr,Science Learner's Book 8,1,0,Nos
,,,,,,n3rq3ir5l5,Mathematics Learner's Book 8,1,0,Nos
,,,,,,n3rs7i0pms,Nelson Key Geography Connections 7,1,0,Nos
,,,,,,n3r88adajv,Sulabh Bharti 7,1,0,Nos
,,,,,,n3rfvobn3q,Grooming Book 7,1,54.5,Nos
,,,,,,n3r8e29n4n,Cambridge Lower Secondary Computing 8,1,0,Nos
BOM-CAS CIE Grade 5 French-001,CAS CIE Grade 5 French,Inventre Edu Services Pvt Ltd,1,INR,1,hrmbvl9d7l,a la folie 1,1,0,Nos
BOM-CAS CIE Grade 5 Hindi-001,CAS CIE Grade 5 Hindi,Inventre Edu Services Pvt Ltd,1,INR,1,hg20534ebr,Bal Patvar 5,1,0,Nos
BOM-CAS CIE Grade 6 French-001,CAS CIE Grade 6 French,Inventre Edu Services Pvt Ltd,1,INR,1,gq5fhi2fna,A la folie 2,1,0,Nos
BOM-CAS CIE Grade 6 Hindi-001,CAS CIE Grade 6 Hindi,Inventre Edu Services Pvt Ltd,1,INR,1,ftrkon2mn6,Patvar- IGCSE (Reading/Writing/Listening) 2nd Edition-6,1,0,Nos
BOM-CAS CIE Grade 6 Stationery-001,CAS CIE Grade 6 Stationery,Inventre Edu Services Pvt Ltd,1,INR,1,engs6kgdhq,Poster Paint (14 Shades),1,110,Nos
,,,,,,engit5b64p,Brush (Flat & Round) - set of 4,1,0,Nos
,,,,,,eng2gstkle,Sketch Pens,1,17.5,Nos
,,,,,,engdjk85hv,Butterfly Colour Pallete,1,0,Nos
,,,,,,eng19n2hio,Water Colour - 12 shades,1,0,Nos
BOM-SAS KS GRADE 5 MAGIC BOX BOYS-001,SAS KS GRADE 5 MAGIC BOX BOYS,Inventre Edu Services Pvt Ltd,1,INR,1,cmgsb7qh37,SAS KS Shirt,2,0,Nos
,,,,,,cmgar2o8lo,SAS KS Half Pants,2,0,Nos
,,,,,,cmgmqng61q,SAS KS Sports T-shirt,1,0,Nos
,,,,,,cmg54nvtjf,SAS KS Sports Pant,1,0,Nos
,,,,,,cmgsbh74fh,SAS KS Regular Socks,2,0,Nos
,,,,,,cmg68r6tum,SAS KS Sports Socks,1,0,Nos
,,,,,,cmgmrlqas3,SAS KS Belt,1,0,Nos
,,,,,,cmg4fa300i,SAS KS CAPS,1,0,Nos
,,,,,,cmgnvg11c1,SAS KS Hoodie,1,0,Nos
,,,,,,cmgmp0sqoc,SAS KS Primary Bag,1,0,Nos
,,,,,,cmgn94qegf,SAS KS Shoes,1,0,Nos
,,,,,,nfs3jesp7l,SAS Keesara Grade 5 Bookkit,1,0,Nos
BOM-CAS CIE Grade 6 Notebook-001,CAS CIE Grade 6 Notebook,Inventre Edu Services Pvt Ltd,1,INR,1,anqdrkj1lc,Crown 200 pages Single ruled,11,38,Nos
,,,,,,anqvjpb0rr,Crown 100 pages Single ruled,1,20,Nos
,,,,,,anql6q6o3t,50 Pages Plain Drawing Book,1,26,Nos
BOM-SAS KS GRADE 4 MAGIC BOX BOYS-001,SAS KS GRADE 4 MAGIC BOX BOYS,Inventre Edu Services Pvt Ltd,1,INR,1,700lpbkgpm,SAS KS Shirt,2,0,Nos
,,,,,,700mtf94hv,SAS KS Half Pants,2,0,Nos
,,,,,,7005v7ol8b,SAS KS Sports T-shirt,1,0,Nos
,,,,,,700g619812,SAS KS Sports Pant,1,0,Nos
,,,,,,700b904ror,SAS KS Regular Socks,2,0,Nos
,,,,,,700ntschb8,SAS KS Sports Socks,1,0,Nos
,,,,,,700opmn1m6,SAS KS Belt,1,0,Nos
,,,,,,700jscn5bo,SAS KS CAPS,1,0,Nos
,,,,,,7008c8c10g,SAS KS Hoodie,1,0,Nos
,,,,,,700ivg1o8j,SAS KS Primary Bag,1,0,Nos
,,,,,,700i546rpn,SAS KS Shoes,1,0,Nos
,,,,,,9qse0tbqmn,SAS Keesara Grade 4 Bookkit,1,0,Nos
BOM-CAS CIE Grade 6 Textbook-001,CAS CIE Grade 6 Textbook,Inventre Edu Services Pvt Ltd,1,INR,1,4gl2khfhe1,Collins Cambridge Lower Secondary English Satge 7,1,0,Nos
,,,,,,4glttgot2a,Science Learner's Book 7,1,0,Nos
,,,,,,4glpbpntv5,Mathematics Learner's Book 7,1,0,Nos
,,,,,,4gleqkl7rl,Oxford Nelson Key Geography Foundations 6,1,0,Nos
,,,,,,4gl3eg6tsm,Cambridge Lower Secondary Computing 7,1,0,Nos
,,,,,,4gl30jjq6n,Grooming Book 6,1,34.7,Nos
,,,,,,4gl90niccb,Sulabh Bharti 6,1,0,Nos
BOM-SAS KS GRADE 3 MAGIC BOX BOYS-001,SAS KS GRADE 3 MAGIC BOX BOYS,Inventre Edu Services Pvt Ltd,1,INR,1,3ekpgi162i,SAS KS Shirt,2,0,Nos
,,,,,,3ekkhugfeb,SAS KS Half Pants,2,0,Nos
,,,,,,3ekvl6n4ti,SAS KS Sports T-shirt,1,0,Nos
,,,,,,3ekkej3la6,SAS KS Sports Pant,1,0,Nos
,,,,,,3ekvds40m3,SAS KS Sports Socks,1,0,Nos
,,,,,,3ekkiruohh,SAS KS Regular Socks,2,0,Nos
,,,,,,3ekfrst7q9,SAS KS Belt,1,0,Nos
,,,,,,3ekhsppg1b,SAS KS CAPS,1,0,Nos
,,,,,,3ek7qiqb14,SAS KS Hoodie,1,0,Nos
,,,,,,3ekpc5etgn,SAS KS Primary Bag,1,0,Nos
,,,,,,3ek25nqtm6,SAS KS Shoes,1,0,Nos
,,,,,,mkffcu7hkg,SAS Keesara Grade 3 Bookkit,1,0,Nos
BOM-CAS CIE Grade 5 Stationery-001,CAS CIE Grade 5 Stationery,Inventre Edu Services Pvt Ltd,1,INR,1,19r70visq9,Oil Pastels (24 Shades),1,0,Nos
,,,,,,19r2j42e25,Permanent Marker - Black,2,0,Nos
,,,,,,19rtheurt5,Poster Paint (6 Shades),1,50,Nos
,,,,,,19rhplbo5j,Brush (Flat & Round) - set of 4,1,0,Nos
,,,,,,19rsjhpaco,Brush Small size,1,17.5,Nos
,,,,,,19r7ka8eec,Butterfly Colour Pallete,1,0,Nos
,,,,,,19rmmgjo3d,Colour Craft Paper A4 - Pack of 50,1,0,Nos
,,,,,,19rn5vki8e,Fevicol,1,12.5,Nos
BOM-CAS CIE Grade 5 Notebook-001,CAS CIE Grade 5 Notebook,Inventre Edu Services Pvt Ltd,1,INR,1,urje5nndq9,Crown 200 pages Single ruled,14,38,Nos
,,,,,,urjf1r446s,Crown 100 pages Single ruled,2,20,Nos
,,,,,,urjemj0rf2,50 Pages Plain Drawing Book,1,26,Nos
BOM-CAS CIE Grade 5 Textbook-001,CAS CIE Grade 5 Textbook,Inventre Edu Services Pvt Ltd,1,INR,1,skru4vhepf,Collins International Primary English Student's Book 6,1,0,Nos
,,,,,,skrvdi4598,Language Enrichment Book 5,1,33.56,Nos
,,,,,,skradfn81r,Primary Science Learner's Book 6,1,0,Nos
,,,,,,skrif1o2ks,Collins Primary Mathematics Learner's Book 6,1,0,Nos
,,,,,,skrtjv7eud,Cambridge ICT Computing -5,1,0,Nos
,,,,,,skrkhcb1l3,Oxford International Primary Geography 5,1,0,Nos
,,,,,,skr85ifmva,Grooming Book 5,1,51,Nos
,,,,,,skrbu786f0,Sulabh Bharti 5,1,0,Nos
,,,,,,skrroagvfl,Sustainability WorkBook 5,1,29.83,Nos
BOM-SAS KS GRADE 2 MAGIC BOX BOYS-001,SAS KS GRADE 2 MAGIC BOX BOYS,Inventre Edu Services Pvt Ltd,1,INR,1,jarkg6gm00,SAS KS Shirt,2,0,Nos
,,,,,,jarr748pfj,SAS KS Half Pants,2,0,Nos
,,,,,,jar16j0ngb,SAS KS Sports T-shirt,1,0,Nos
,,,,,,jar8ht4blg,SAS KS Sports Pant,1,0,Nos
,,,,,,jarb1hduij,SAS KS Regular Socks,2,0,Nos
,,,,,,jarc03elkr,SAS KS Sports Socks,1,0,Nos
,,,,,,jarncn4d9b,SAS KS Belt,1,0,Nos
,,,,,,jark22o1vj,SAS KS CAPS,1,0,Nos
,,,,,,jaruki1cmc,SAS KS Hoodie,1,0,Nos
,,,,,,jarbjg28nf,SAS KS Primary Bag,1,0,Nos
,,,,,,jar6ipomhd,SAS KS Shoes,1,0,Nos
,,,,,,hs9pfp7bo6,SAS Keesara Grade 2 Bookkit,1,0,Nos
BOM-CAS NIBM CIE Grade 4 Bookkit-001,CAS NIBM CIE Grade 4 Bookkit,Inventre Edu Services Pvt Ltd,1,INR,1,q8bic6imc5,CAS CIE Grade 4 Textbook,1,0,Nos
,,,,,,q8b8s0mvkc,CAS CIE Grade 4 Notebook,1,0,Nos
,,,,,,q8b8e2rnii,CAS CIE Grade 4 Stationery,1,0,Nos
,,,,,,q8btk0gsf4,CAS NIBM CIE Other,1,0,Nos
BOM-CAS LR CIE Grade 4 Bookkit-001,CAS LR CIE Grade 4 Bookkit,Inventre Edu Services Pvt Ltd,1,INR,1,pn30sfdubd,CAS CIE Grade 4 Textbook,1,0,Nos
,,,,,,pn30b3u060,CAS CIE Grade 4 Notebook,1,0,Nos
,,,,,,pn31a7nop4,CAS CIE Grade 4 Stationery,1,0,Nos
,,,,,,pn364qads0,CAS LR CIE Other,1,0,Nos
BOM-CAS NIBM CIE Grade 3 Bookkit-001,CAS NIBM CIE Grade 3 Bookkit,Inventre Edu Services Pvt Ltd,1,INR,1,p5vq3ieavg,CAS CIE Grade 3 Textbook,1,0,Nos
,,,,,,p5vqcha67h,CAS CIE Grade 3 Notebook,1,0,Nos
,,,,,,p5vjuosh5g,CAS CIE Grade 3 Stationery,1,0,Nos
,,,,,,p5vu72necc,CAS NIBM CIE Other,1,0,Nos
BOM-CAS LR CIE Grade 3 Bookkit-001,CAS LR CIE Grade 3 Bookkit,Inventre Edu Services Pvt Ltd,1,INR,1,oe29qogbe5,CAS CIE Grade 3 Textbook,1,0,Nos
,,,,,,oe2sra38dm,CAS CIE Grade 3 Notebook,1,0,Nos
,,,,,,oe25j5glae,CAS CIE Grade 3 Stationery,1,0,Nos
,,,,,,oe23127gue,CAS LR CIE Other,1,0,Nos
BOM-CAS NIBM CIE Grade 2 Bookkit-001,CAS NIBM CIE Grade 2 Bookkit,Inventre Edu Services Pvt Ltd,1,INR,1,nsmsf31dri,CAS CIE Grade 2 Textbook,1,0,Nos
,,,,,,nsmi1jssea,CAS CIE Grade 2 Notebook,1,0,Nos
,,,,,,nsm7097pdj,CAS CIE Grade 2 Stationery,1,0,Nos
,,,,,,nsmv9akgkn,CAS NIBM CIE Other,1,0,Nos
BOM-CAS LR CIE Grade 2 Bookkit-001,CAS LR CIE Grade 2 Bookkit,Inventre Edu Services Pvt Ltd,1,INR,1,n90gkef7du,CAS CIE Grade 2 Textbook,1,0,Nos
,,,,,,n90v78i6ap,CAS CIE Grade 2 Notebook,1,0,Nos
,,,,,,n900fg5ull,CAS CIE Grade 2 Stationery,1,0,Nos
,,,,,,n90m4ab5dc,CAS LR CIE Other,1,0,Nos
BOM-CAS NIBM CIE Grade 1 Bookkit-001,CAS NIBM CIE Grade 1 Bookkit,Inventre Edu Services Pvt Ltd,1,INR,1,ldfp1fsmbg,CAS CIE Grade 1 Textbook,1,0,Nos
,,,,,,ldfcurc1lj,CAS CIE Grade 1 Notebook,1,0,Nos
,,,,,,ldfeu4vb5g,CAS CIE Grade 1 Stationery,1,0,Nos
,,,,,,ldf7tmugvp,CAS NIBM CIE Other,1,0,Nos
BOM-CAS LR CIE Grade 1 Bookkit-001,CAS LR CIE Grade 1 Bookkit,Inventre Edu Services Pvt Ltd,1,INR,1,kp2nes4jfv,CAS CIE Grade 1 Textbook,1,0,Nos
,,,,,,kp294ij0tv,CAS CIE Grade 1 Notebook,1,0,Nos
,,,,,,kp2fjadbgb,CAS CIE Grade 1 Stationery,1,0,Nos
,,,,,,kp23p3m76e,CAS LR CIE Other,1,0,Nos
BOM-CAS CIE Grade 4 Stationery-001,CAS CIE Grade 4 Stationery,Inventre Edu Services Pvt Ltd,1,INR,1,er4kstvnse,Oil Pastels (24 Shades),1,0,Nos
,,,,,,er4fv66t43,Permanent Marker - Black,2,0,Nos
,,,,,,er4ruvl5r5,Poster Paint (6 Shades),1,50,Nos
,,,,,,er412p501a,Brush (Flat & Round) - set of 4,1,0,Nos
,,,,,,er4p9rqb1i,Brush Small size,1,17.5,Nos
,,,,,,er4mraqotu,Butterfly Colour Pallete,1,0,Nos
,,,,,,er4vi0929f,Colour Craft Paper A4 - Pack of 50,1,0,Nos
,,,,,,er4ne8maab,Fevicol,1,12.5,Nos
BOM-CAS CIE Grade 4 Notebook-001,CAS CIE Grade 4 Notebook,Inventre Edu Services Pvt Ltd,1,INR,1,dmrqgd2ell,Crown 200 pages Single ruled,7,38,Nos
,,,,,,dmrcikjisg,Crown 200 Pages Medium Check Ruled,2,0,Nos
,,,,,,dmrmcsnug2,Crown 200 Pages Double Ruled,2,0,Nos
,,,,,,dmrlebs8ph,50 Pages Plain Drawing Book,1,26,Nos
BOM-CAS CIE Grade 4 Textbook-001,CAS CIE Grade 4 Textbook,Inventre Edu Services Pvt Ltd,1,INR,1,cc5njt9a3b,Collins International Primary English Student's Book 5,1,0,Nos
,,,,,,cc5dk3turs,Language Enrichment Book 4,1,34.58,Nos
,,,,,,cc5aev7e2r,Primary Science Learner's Book -5,1,0,Nos
,,,,,,cc5728deu9,Primary Mathematics Learner's Book 5,1,0,Nos
,,,,,,cc5i8g69d8,Bal Patvar 4,1,0,Nos
,,,,,,cc5aa8gbtt,Cambridge ICT Computing -4,1,0,Nos
,,,,,,cc5rhff7cd,Flambeau 1,1,0,Nos
,,,,,,cc5b3p35d7,Oxford International Primary Geography 4,1,0,Nos
,,,,,,cc5dlb9sfo,Sulabh Bharti 4,1,0,Nos
,,,,,,cc55nu1634,Grooming Book 4,1,52.5,Nos
,,,,,,cc52c5lqm0,Sustainability WorkBook 4,1,26.44,Nos
BOM-CAS CIE Grade 3 Stationery-001,CAS CIE Grade 3 Stationery,Inventre Edu Services Pvt Ltd,1,INR,1,apaiv3h694,Oil Pastels (24 Shades),1,0,Nos
,,,,,,apandp0ebj,Permanent Marker - Black,2,0,Nos
,,,,,,apa6l4fnqf,Poster Paint (6 Shades),1,50,Nos
,,,,,,apafrrogs9,Brush (Flat & Round) - set of 4,1,0,Nos
,,,,,,apalh5t4ip,Brush Small size,1,17.5,Nos
,,,,,,apaihoqkcv,Butterfly Colour Pallete,1,0,Nos
,,,,,,apar3b49s8,Colour Craft Paper A4 - Pack of 50,1,0,Nos
,,,,,,apan6ivqqq,Fevicol,1,12.5,Nos
BOM-CAS CIE Grade 3 Notebook-001,CAS CIE Grade 3 Notebook,Inventre Edu Services Pvt Ltd,1,INR,1,95m04eh0p6,Crown 200 Pages Four Ruled,4,0,Nos
,,,,,,95m6rld4mg,Crown 200 Pages Medium Check Ruled,2,0,Nos
,,,,,,95mhijamlc,Crown 200 Pages Double Ruled,2,0,Nos
,,,,,,95m59ndmoi,Crown 200 pages Single ruled,2,38,Nos
,,,,,,95mg53g68s,Crown 100 pages Single ruled,1,20,Nos
,,,,,,95mkgltued,50 Pages Plain Drawing Book,1,26,Nos
BOM-CAS CIE Grade 3 Textbook-001,CAS CIE Grade 3 Textbook,Inventre Edu Services Pvt Ltd,1,INR,1,683p9k9uck,Collins International Primary English Student's Book 4,1,539,Nos
,,,,,,683rfqpihk,Language Enrichment Book 3,1,35.42,Nos
,,,,,,683ui078t5,Primary Science Learner's Book 4,1,630,Nos
,,,,,,683ojpn96h,Primary Mathematics Learner's Book 4,1,648,Nos
,,,,,,6838e5304v,Bal Patvar 3,1,395.3,Nos
,,,,,,683h12b9fp,Cambridge ICT Computing 3,1,648,Nos
,,,,,,683onm1leh,Flambeau 0,1,219,Nos
,,,,,,683sl06us5,Oxford International Primary Geography 3,1,449,Nos
,,,,,,6835bp77el,Sulabh Bharti 3,1,0,Nos
,,,,,,683m5cq7s1,Grooming Book 3,1,48,Nos
,,,,,,683hnihlgh,Sustainability WorkBook 3,1,25.76,Nos
BOM-CAS CIE Grade 2 Stationery-001,CAS CIE Grade 2 Stationery,Inventre Edu Services Pvt Ltd,1,INR,1,46qt4lf00r,Oil Pastels (24 Shades),1,0,Nos
,,,,,,46qmp9ji82,Permanent Marker - Black,2,0,Nos
,,,,,,46qbm9tthq,Poster Paint (6 Shades),1,50,Nos
,,,,,,46q2bldn7l,Brush (Flat & Round) - set of 4,1,0,Nos
,,,,,,46qndit66c,Colour Craft Paper A4 - Pack of 50,1,0,Nos
,,,,,,46qsn25b7b,Fevicol,1,12.5,Nos
BOM-CAS CIE Grade 2 Notebook-001,CAS CIE Grade 2 Notebook,Inventre Edu Services Pvt Ltd,1,INR,1,387nhano3q,Crown 200 Pages Four Ruled,4,0,Nos
,,,,,,3878609etv,Crown 200 Pages Medium Check Ruled,2,0,Nos
,,,,,,387dd08rvk,Crown 200 Pages Double Ruled,2,0,Nos
,,,,,,3871up1tt6,Crown 200 pages Single ruled,1,38,Nos
,,,,,,38772vs2du,50 Pages Plain Drawing Book,1,26,Nos
BOM-CAS CIE Grade 2 Textbook-001,CAS CIE Grade 2 Textbook,Inventre Edu Services Pvt Ltd,1,INR,1,c6apk0js0a,Collins International Primary English Student's Book 3,1,0,Nos
,,,,,,c6akk9j4el,Language Enrichment Book 2,1,32.71,Nos
,,,,,,c6a8dmuaj4,Primary Science Learner's Book 3,1,0,Nos
,,,,,,c6a7b7qh3s,Primary Mathematics Learner's Book 3,1,0,Nos
,,,,,,c6adjts33b,Bal Patvar 2,1,359.3,Nos
,,,,,,c6akg6cc98,Hasat Gaat Shikuya Marathi 2,1,0,Nos
,,,,,,c6an81dj15,Oxford International Primary Geography 2,1,0,Nos
,,,,,,c6ak3atd24,Grooming Book 2,1,47,Nos
,,,,,,c6ajtdomc3,Oxford English Dictionary,1,0,Nos
,,,,,,c6a12gb1h6,Cambridge ICT Computing 2,1,0,Nos
,,,,,,c6ap0rbi94,Sustainability WorkBook 2,1,25,Nos
BOM-CAS NIBM CIE Other-001,CAS NIBM CIE Other,Inventre Edu Services Pvt Ltd,1,INR,1,rq0mtq98s4,CAGS Worksheets,1,0,Nos
,,,,,,rq002c4mpt,CAGS NIBM Almanac,1,0,Nos
,,,,,,rq0rvhl917,CAGS NIBM CAIE Mini Almanac,1,0,Nos
,,,,,,rq00p950dm,CAGS ID CARD,1,0,Nos
BOM-CAS LR CIE Other-001,CAS LR CIE Other,Inventre Edu Services Pvt Ltd,1,INR,1,r8h4sq236t,CAGS Worksheets,1,0,Nos
,,,,,,r8hmtsameh,CAGS LR Almanac,1,0,Nos
,,,,,,r8hidceqag,CAGS LR CAIE Mini Almanac,1,0,Nos
,,,,,,r8hhoc5blv,CAGS ID CARD,1,0,Nos
BOM-CAS CIE Grade 1 Stationery-001,CAS CIE Grade 1 Stationery,Inventre Edu Services Pvt Ltd,1,INR,1,qb7q4n6iac,Oil Pastels (24 Shades),1,0,Nos
,,,,,,qb7979cp73,Permanent Marker - Black,2,0,Nos
,,,,,,qb70h2etg9,Poster Paint (6 Shades),1,50,Nos
,,,,,,qb74jqmb8p,Brush (Flat & Round) - set of 4,1,0,Nos
,,,,,,qb7t4igs56,Colour Craft Paper A4 - Pack of 50,1,0,Nos
,,,,,,qb70132n8b,Fevicol,1,12.5,Nos
,,,,,,qb7qs26m8p,A4 Plain - 50 pages,1,0,Nos
BOM-CAS CIE Grade 1 Notebook-001,CAS CIE Grade 1 Notebook,Inventre Edu Services Pvt Ltd,1,INR,1,p5a5m2eeu1,Crown 200 Pages Four Ruled,2,0,Nos
,,,,,,p5am5o4drq,Crown 200 Pages Medium Check Ruled,2,0,Nos
,,,,,,p5ag5cm4a1,Crown 200 Pages Double Ruled,2,0,Nos
,,,,,,p5a3js8u44,Crown 200 pages Single ruled,1,38,Nos
,,,,,,p5a14vgjlp,50 Pages Plain Drawing Book,1,26,Nos
BOM-CAS CIE Grade 1 Textbook-001,CAS CIE Grade 1 Textbook,Inventre Edu Services Pvt Ltd,1,INR,1,o49hbc3uau,Collins International Primary English Student's Book 2,1,0,Nos
,,,,,,o49kpuiira,Language Enrichment Book 1,1,38.81,Nos
,,,,,,o49pmas3ce,Primary Science Learner's Book 2,1,0,Nos
,,,,,,o49821t978,Primary Mathematics Learner's Book 2,1,0,Nos
,,,,,,o49qp856u3,Bal Patvar 1,1,323.3,Nos
,,,,,,o49ke11lrn,Cambridge ICT Computing 1,1,0,Nos
,,,,,,o4943mejq0,Hasat Gaat Shikuya Marathi 1,1,0,Nos
,,,,,,o49420p0dr,Oxford International Primary Geography 1,1,0,Nos
,,,,,,o49ockefcc,Grooming Book 1,1,45.5,Nos
,,,,,,o49d42n8vk,Sustainability WorkBook 1,1,28.98,Nos
BOM-TTT PN UKG Bookkit-001,TTT PN UKG Bookkit,Inventre Edu Services Pvt Ltd,1,INR,1,9p0opbv0hs,TTT UKG Textbook,1,0,Nos
,,,,,,9p02hjs67j,TTT UKG Notebook,1,0,Nos
,,,,,,9p0slnbpt2,TTT UKG Stationery,1,0,Nos
,,,,,,9p0a94ck4l,TTT PN Other,1,0,Nos
BOM-TTT NIBM UKG Bookkit-001,TTT NIBM UKG Bookkit,Inventre Edu Services Pvt Ltd,1,INR,1,9aq1arc6tj,TTT UKG Textbook,1,0,Nos
,,,,,,9aqh4o4df1,TTT UKG Notebook,1,0,Nos
,,,,,,9aqug54bhu,TTT UKG Stationery,1,0,Nos
,,,,,,9aqjcoiicj,TTT NIBM Other,1,0,Nos
BOM-TTT LR UKG Bookkit-001,TTT LR UKG Bookkit,Inventre Edu Services Pvt Ltd,1,INR,1,8rsb4e08al,TTT UKG Textbook,1,0,Nos
,,,,,,8rs57778cq,TTT UKG Notebook,1,0,Nos
,,,,,,8rs337mte2,TTT UKG Stationery,1,0,Nos
,,,,,,8rsmuj8h2h,TTT LR Other,1,0,Nos
BOM-TTT PN LKG Bookkit-001,TTT PN LKG Bookkit,Inventre Edu Services Pvt Ltd,1,INR,1,8cj5q2u352,TTT LKG Textbook,1,0,Nos
,,,,,,8cj3ohf8c0,TTT LKG Notebook,1,0,Nos
,,,,,,8cjbvbkeph,TTT LKG Stationery,1,0,Nos
,,,,,,8cjpkne37a,TTT PN Other,1,0,Nos
BOM-TTT NIBM LKG Bookkit-001,TTT NIBM LKG Bookkit,Inventre Edu Services Pvt Ltd,1,INR,1,7vcta5oqbe,TTT LKG Textbook,1,0,Nos
,,,,,,7vc2feuuem,TTT LKG Notebook,1,0,Nos
,,,,,,7vcesc8j14,TTT LKG Stationery,1,0,Nos
,,,,,,7vci9hi15b,TTT NIBM Other,1,0,Nos
BOM-TTT LR LKG Bookkit-001,TTT LR LKG Bookkit,Inventre Edu Services Pvt Ltd,1,INR,1,7hfqcdces5,TTT LKG Textbook,1,0,Nos
,,,,,,7hf611vhr9,TTT LKG Notebook,1,0,Nos
,,,,,,7hfmqs7vba,TTT LKG Stationery,1,0,Nos
,,,,,,7hfgptd0ov,TTT LR Other,1,0,Nos
BOM-TTT PN Nursery Bookkit-001,TTT PN Nursery Bookkit,Inventre Edu Services Pvt Ltd,1,INR,1,72ccaldc88,TTT Nursery Textbook,1,0,Nos
,,,,,,72c3mloap2,TTT Nursery Notebook,1,0,Nos
,,,,,,72cpdtbev9,TTT Nursery Stationery,1,0,Nos
,,,,,,72cbjigsv7,TTT PN Other,1,0,Nos
BOM-TTT NIBM Nursery Bookkit-001,TTT NIBM Nursery Bookkit,Inventre Edu Services Pvt Ltd,1,INR,1,6i96aq62sv,TTT Nursery Textbook,1,0,Nos
,,,,,,6i9pdvm0pg,TTT Nursery Notebook,1,0,Nos
,,,,,,6i941en60c,TTT Nursery Stationery,1,0,Nos
,,,,,,6i9op1hk1r,TTT NIBM Other,1,0,Nos
BOM-TTT LR Nursery Bookkit-001,TTT LR Nursery Bookkit,Inventre Edu Services Pvt Ltd,1,INR,1,62visnnnjh,TTT Nursery Textbook,1,0,Nos
,,,,,,62vkhkg7va,TTT Nursery Notebook,1,0,Nos
,,,,,,62v2i3abb5,TTT Nursery Stationery,1,0,Nos
,,,,,,62v1o091ak,TTT LR Other,1,0,Nos
BOM-TTT PN Other-001,TTT PN Other,Inventre Edu Services Pvt Ltd,1,INR,1,5ekn9oj5kl,TTT Almanac,1,0,Nos
,,,,,,5ekld9nicd,TTT PN Mini Almanac,1,0,Nos
,,,,,,5ekoicicq6,TTT - Activity Material,1,0,Nos
,,,,,,5ekkkut745,TTT ID Card,1,0,Nos
BOM-TTT NIBM Other-001,TTT NIBM Other,Inventre Edu Services Pvt Ltd,1,INR,1,44ch6pndjb,TTT Almanac,1,0,Nos
,,,,,,44c9690d7r,CAGS NIBM TTT Mini Almanac,1,0,Nos
,,,,,,44cdjr06qs,TTT - Activity Material,1,0,Nos
,,,,,,44c1bm7t5h,TTT ID Card,1,0,Nos
BOM-TTT LR Other-001,TTT LR Other,Inventre Edu Services Pvt Ltd,1,INR,1,3lrnfd8hrn,TTT Almanac,1,0,Nos
,,,,,,3lr14doj8e,CAGS LR TTT Mini Almanac,1,0,Nos
,,,,,,3lr7j6lpst,TTT - Activity Material,1,0,Nos
,,,,,,3lrmnvl477,TTT ID Card,1,0,Nos
BOM-TTT UKG Stationery-001,TTT UKG Stationery,Inventre Edu Services Pvt Ltd,1,INR,1,ai0d1b8jnb,Normal Crayons - set of 12,2,0,Nos
,,,,,,ai0f1m6uqg,Modeling Clay,1,92.5,Nos
,,,,,,ai00sqmhmo,Pencils (1 box),1,35.4,Nos
,,,,,,ai0lkdafpa,Erasers,5,1.77,Nos
,,,,,,ai0njp43b5,Sharpener,2,1.77,Nos
,,,,,,ai0h2fskur,Fevistik,1,12.5,Nos
,,,,,,ai07fgt733,Poster Paint (6 Shades),1,50,Nos
,,,,,,ai0ou0p7q5,CAGS Label Sheet,1,0,Nos
,,,,,,ai01q8oo6g,Transparent Roll,1,33.9,Nos
,,,,,,ai050kqqs3,Cello Tape,1,9.5,Nos
,,,,,,ai0pmf8f67,Colour Pencils - Set of 12,1,59,Nos
,,,,,,ai0hf5gf28,Ice Cream Sticks Packet,1,0,Nos
,,,,,,ai00gcphor,A4 Size Colour Paper Packet (25 sheets),1,19.49,Nos
BOM-TTT LKG Stationery-001,TTT LKG Stationery,Inventre Edu Services Pvt Ltd,1,INR,1,8rofllfp57,Normal Crayons - set of 12,2,0,Nos
,,,,,,8rovmaeehr,Modeling Clay,2,92.5,Nos
,,,,,,8rousjqean,Slate,1,0,Nos
,,,,,,8ro2jh5jgu,Slate Pencil,1,0,Nos
,,,,,,8ro3f429sh,Pencils (1 box),1,35.4,Nos
,,,,,,8ropvsbehr,Erasers,5,1.77,Nos
,,,,,,8rogj1h59s,Sharpener,2,1.77,Nos
,,,,,,8rod9frh52,Fevistik,1,12.5,Nos
,,,,,,8ro6rkd9c3,Poster Paint (6 Shades),1,50,Nos
,,,,,,8ro936jo50,CAGS Label Sheet,1,0,Nos
,,,,,,8ro9b5dl7a,Transparent Roll,1,33.9,Nos
,,,,,,8roocdlk14,Cello Tape,1,9.5,Nos
,,,,,,8ro40f9u4e,Colour Pencils - Set of 12,1,59,Nos
,,,,,,8ro2ugu26h,Ice Cream Sticks Packet,1,0,Nos
,,,,,,8roq04g5a1,A4 Size Colour Paper Packet (25 sheets),1,19.49,Nos
BOM-TTT Nursery Stationery-001,TTT Nursery Stationery,Inventre Edu Services Pvt Ltd,1,INR,1,6turn9qenc,Jumbo Crayons,2,38.35,Nos
,,,,,,6tusq50ef5,Modeling Clay,2,92.5,Nos
,,,,,,6tu6rc8poj,Slate,1,0,Nos
,,,,,,6tuisd5fr4,Slate Pencil,1,0,Nos
,,,,,,6tuic5r314,Fevistik,1,12.5,Nos
,,,,,,6tu5shf68q,Poster Paint (6 Shades),1,50,Nos
,,,,,,6tua4s02h8,CAGS Label Sheet,1,0,Nos
,,,,,,6tu2t215k9,Transparent Roll,1,33.9,Nos
,,,,,,6tu7jvjjbc,Cello Tape,1,9.5,Nos
,,,,,,6tuion2ok6,Ice Cream Sticks Packet,1,0,Nos
BOM-TTT UKG Notebook-001,TTT UKG Notebook,Inventre Edu Services Pvt Ltd,1,INR,1,3vu633u4dq,Crown 100 Pages Four Ruled,2,20,Nos
,,,,,,3vuq9hknj9,Crown 100 Pages Medium Check Ruled,2,20,Nos
,,,,,,3vupa0jtek,Crown 100 Pages Double Ruled,1,20,Nos
,,,,,,3vu8qt43vs,50 Pages Plain Drawing Book,1,26,Nos
BOM-TTT LKG Notebook-001,TTT LKG Notebook,Inventre Edu Services Pvt Ltd,1,INR,1,33mg56v439,Crown 100 Pages Four Ruled,2,20,Nos
,,,,,,33m37aii31,Crown 100 Pages Medium Check Ruled,2,20,Nos
,,,,,,33m13h01i2,50 Pages Plain Drawing Book,1,26,Nos
BOM-TTT Nursery Notebook-001,TTT Nursery Notebook,Inventre Edu Services Pvt Ltd,1,INR,1,25atckh57c,50 Pages Plain Drawing Book,1,26,Nos
BOM-TTT UKG Textbook-001,TTT UKG Textbook,Inventre Edu Services Pvt Ltd,1,INR,1,u99fokp659,Literacy Book Part A -3 Version 2,1,134,Nos
,,,,,,u99evnb3ls,Literacy Book Part B -3 Version 2,1,116,Nos
,,,,,,u99fse2hi3,Literacy Book Part C -3 Version 2,1,125.95,Nos
,,,,,,u991f96afh,Numeracy Book Part A -3 Version 2,1,131.04,Nos
,,,,,,u997fp0fj6,Numeracy Book Part B -3 Version 2,1,123.2,Nos
,,,,,,u99hql851u,Numeracy Book Part C -3 Version 2,1,123.2,Nos
,,,,,,u99bvmlna6,Multi Skill Book 3,1,0,Nos
,,,,,,u9911riipa,Language Enrichment Book UKG,1,0,Nos
,,,,,,u99nkpofhs,Sustainability WorkBook UKG,1,37.12,Nos
,,,,,,u99imqpe8l,Fitzroy Reader Book 1-10 (Phonics Readers Stories),1,240,Nos
BOM-TTT LKG Textbook-001,TTT LKG Textbook,Inventre Edu Services Pvt Ltd,1,INR,1,t04lbs1gjd,Literacy Book Part A -2 Version 2,1,141,Nos
,,,,,,t04rs1jhcl,Literacy Book Part B -2 Version 2,1,97,Nos
,,,,,,t04urf87mc,Literacy Book Part C -2 Version 2,1,38.5,Nos
,,,,,,t04js5hji4,Numeracy Book Part A -2 Version 2,1,162.84,Nos
,,,,,,t04avt9n29,Numeracy Book Part B -2 Version 2,1,186.44,Nos
,,,,,,t043lfre09,Numeracy Book Part C -2 Version 2,1,53.1,Nos
,,,,,,t04rtl844v,Multi Skill Book 2,1,0,Nos
BOM-TTT Nursery Textbook-001,TTT Nursery Textbook,Inventre Edu Services Pvt Ltd,1,INR,1,s335u573hi,Literacy Book Part A -1 Version 2,1,93,Nos
,,,,,,s334tppm4r,Literacy Book Part B -1 Version 2,1,80,Nos
,,,,,,s33v9pgjv2,Literacy Book Part C -1 Version 2,1,155,Nos
,,,,,,s33jv3pm0m,Numeracy Book Part A -1 Version 2,1,59,Nos
,,,,,,s33immci5n,Numeracy Book Part B -1 Version 2,1,73.16,Nos
,,,,,,s33mqhkpu5,Numeracy Book Part C -1 Version 2,1,109.74,Nos
,,,,,,s331rh5823,Pattern Book Step 01 Version 2,1,63,Nos
,,,,,,s33hdcdnfm,Multi Skill Book 1,1,0,Nos
BOM-CAS NIBM CBSE Grade 8 BookkitFrench-001,CAS NIBM CBSE Grade 8 BookkitFrench,Inventre Edu Services Pvt Ltd,1,INR,1,evf5p6lc2h,Grade 8 Mandate Textbook,1,0,Nos
,,,,,,evfmh4cq5d,CAS CBSE Grade 8 Textbook,1,0,Nos
,,,,,,evfte47vfj,CAS CBSE Grade 8 French,1,0,Nos
,,,,,,evfip92tud,CAS CBSE Grade 8 Notebook,1,0,Nos
,,,,,,evfk3ob953,CAS CBSE Grade 8 Stationery,1,0,Nos
,,,,,,evfqr9nmvd,CAS CBSE Program,1,0,Nos
,,,,,,evf3abbnui,CAS NIBM CBSE Other,1,0,Nos
BOM-CAS NIBM CBSE Grade 8 BookkitHindi-001,CAS NIBM CBSE Grade 8 BookkitHindi,Inventre Edu Services Pvt Ltd,1,INR,1,e18oq5c81c,Grade 8 Mandate Textbook,1,0,Nos
,,,,,,e187f8nlht,CAS CBSE Grade 8 Textbook,1,0,Nos
,,,,,,e18gghhliv,CAS CBSE Grade 8 Hindi,1,0,Nos
,,,,,,e18n0t2m3s,CAS CBSE Grade 8 Notebook,1,0,Nos
,,,,,,e18m17ot93,CAS CBSE Grade 8 Stationery,1,0,Nos
,,,,,,e186obnej4,CAS CBSE Program,1,0,Nos
,,,,,,e18qc0qnga,CAS NIBM CBSE Other,1,0,Nos
BOM-CAS NIBM CBSE Grade 7 BookkitFrench-001,CAS NIBM CBSE Grade 7 BookkitFrench,Inventre Edu Services Pvt Ltd,1,INR,1,cbc952ura0,Grade 7 Mandate Textbook,1,0,Nos
,,,,,,cbccpp54e2,CAS CBSE Grade 7 Textbook,1,0,Nos
,,,,,,cbcbrbbjvh,CAS CBSE Grade 7 French,1,0,Nos
,,,,,,cbciapnpl0,CAS CBSE Grade 7 Notebook,1,0,Nos
,,,,,,cbc0imf97l,CAS CBSE Grade 7 Stationery,1,0,Nos
,,,,,,cbc198jdls,CAS CBSE Program,1,0,Nos
,,,,,,cbc15bhek0,CAS NIBM CBSE Other,1,0,Nos
BOM-CAS NIBM CBSE Grade 7 BookkitHindi-001,CAS NIBM CBSE Grade 7 BookkitHindi,Inventre Edu Services Pvt Ltd,1,INR,1,b8kh4guunr,Grade 7 Mandate Textbook,1,0,Nos
,,,,,,b8k3o9n71l,CAS CBSE Grade 7 Textbook,1,0,Nos
,,,,,,b8k1rkuh29,CAS CBSE Grade 7 Hindi,1,0,Nos
,,,,,,b8kqen6l0t,CAS CBSE Grade 7 Notebook,1,0,Nos
,,,,,,b8k313s73l,CAS CBSE Grade 7 Stationery,1,0,Nos
,,,,,,b8ket3r9do,CAS CBSE Program,1,0,Nos
,,,,,,b8k917tl3e,CAS NIBM CBSE Other,1,0,Nos
BOM-CAS NIBM CBSE Grade 6 BookkitFrench-001,CAS NIBM CBSE Grade 6 BookkitFrench,Inventre Edu Services Pvt Ltd,1,INR,1,9frjt81t2h,Grade 6 Mandate Textbook,1,0,Nos
,,,,,,9frd6s3pfq,CAS CBSE Grade 6 Textbook,1,0,Nos
,,,,,,9fr7ndc70t,CAS CBSE Grade 6 French,1,0,Nos
,,,,,,9frsqacnch,CAS CBSE Grade 6 Notebook,1,0,Nos
,,,,,,9frrgtar44,CAS CBSE Grade 6 Stationery,1,0,Nos
,,,,,,9frrgh6t0t,CAS CBSE Program,1,0,Nos
,,,,,,9frcgpgrbk,CAS NIBM CBSE Other,1,0,Nos
BOM-CAS NIBM CBSE Grade 6 BookkitHindi-001,CAS NIBM CBSE Grade 6 BookkitHindi,Inventre Edu Services Pvt Ltd,1,INR,1,8ii15ae055,Grade 6 Mandate Textbook,1,0,Nos
,,,,,,8ii4qb9uqe,CAS CBSE Grade 6 Textbook,1,0,Nos
,,,,,,8iig625gn1,CAS CBSE Grade 6 Hindi,1,0,Nos
,,,,,,8iiaemg0ou,CAS CBSE Grade 6 Notebook,1,0,Nos
,,,,,,8iig2jo0vo,CAS CBSE Grade 6 Stationery,1,0,Nos
,,,,,,8ii9vrtrte,CAS CBSE Program,1,0,Nos
,,,,,,8ii5qquiog,CAS NIBM CBSE Other,1,0,Nos
BOM-CAS LR CBSE Grade 8 BookkitFrench-001,CAS LR CBSE Grade 8 BookkitFrench,Inventre Edu Services Pvt Ltd,1,INR,1,6ifgh4udvg,Grade 8 Mandate Textbook,1,0,Nos
,,,,,,6ifpm723ib,CAS CBSE Grade 8 Textbook,1,0,Nos
,,,,,,6ifgk6obei,CAS CBSE Grade 8 French,1,0,Nos
,,,,,,6ifvmfjnlm,CAS CBSE Grade 8 Notebook,1,0,Nos
,,,,,,6ifjsu40q4,CAS CBSE Grade 8 Stationery,1,0,Nos
,,,,,,6ifen5gpd5,CAS CBSE Program,1,0,Nos
,,,,,,6if20aup1m,CAS LR CBSE Other,1,0,Nos
BOM-CAS LR CBSE Grade 8 BookkitHindi-001,CAS LR CBSE Grade 8 BookkitHindi,Inventre Edu Services Pvt Ltd,1,INR,1,5k6d0ni231,Grade 8 Mandate Textbook,1,0,Nos
,,,,,,5k62r8g6l1,CAS CBSE Grade 8 Textbook,1,0,Nos
,,,,,,5k6ukkli0l,CAS CBSE Grade 8 Hindi,1,0,Nos
,,,,,,5k691tbct4,CAS CBSE Grade 8 Notebook,1,0,Nos
,,,,,,5k6a2v743t,CAS CBSE Grade 8 Stationery,1,0,Nos
,,,,,,5k6th189s2,CAS CBSE Program,1,0,Nos
,,,,,,5k6p75hets,CAS LR CBSE Other,1,0,Nos
BOM-CAS LR CBSE Grade 7 BookkitFrench-001,CAS LR CBSE Grade 7 BookkitFrench,Inventre Edu Services Pvt Ltd,1,INR,1,3tb717ql3g,Grade 7 Mandate Textbook,1,0,Nos
,,,,,,3tbn0eg4fn,CAS CBSE Grade 7 Textbook,1,0,Nos
,,,,,,3tbqf8d09s,CAS CBSE Grade 7 Notebook,1,0,Nos
,,,,,,3tb8n4qosc,CAS CBSE Grade 7 Stationery,1,0,Nos
,,,,,,3tbp2tr916,CAS CBSE Grade 7 French,1,0,Nos
,,,,,,3tb90njfrl,CAS CBSE Program,1,0,Nos
,,,,,,3tb7uppd8c,CAS LR CBSE Other,1,0,Nos
BOM-CAS LR CBSE Grade 7 BookkitHindi-001,CAS LR CBSE Grade 7 BookkitHindi,Inventre Edu Services Pvt Ltd,1,INR,1,2t5juv2nfh,Grade 7 Mandate Textbook,1,0,Nos
,,,,,,2t5pnsqp3j,CAS CBSE Grade 7 Textbook,1,0,Nos
,,,,,,2t5cpue20o,CAS CBSE Grade 7 Hindi,1,0,Nos
,,,,,,2t5uo89q7k,CAS CBSE Grade 7 Notebook,1,0,Nos
,,,,,,2t54ut01i2,CAS CBSE Grade 7 Stationery,1,0,Nos
,,,,,,2t549a8hia,CAS CBSE Program,1,0,Nos
,,,,,,2t5qb5kfob,CAS LR CBSE Other,1,0,Nos
BOM-CAS LR CBSE Grade 6 BookkitFrench-001,CAS LR CBSE Grade 6 BookkitFrench,Inventre Edu Services Pvt Ltd,1,INR,1,0ufctv7b53,Grade 6 Mandate Textbook,1,0,Nos
,,,,,,0uf1cqn4rs,CAS CBSE Grade 6 Textbook,1,0,Nos
,,,,,,0ufalndb5j,CAS CBSE Grade 6 French,1,0,Nos
,,,,,,0ufajup3ps,CAS CBSE Grade 6 Notebook,1,0,Nos
,,,,,,0ufunfcnta,CAS CBSE Grade 6 Stationery,1,0,Nos
,,,,,,0uf10gtv0s,CAS CBSE Program,1,0,Nos
,,,,,,0uf48b2nar,CAS LR CBSE Other,1,0,Nos
BOM-CAS LR CBSE Grade 6 BookkitHindi-001,CAS LR CBSE Grade 6 BookkitHindi,Inventre Edu Services Pvt Ltd,1,INR,1,vol7bl9ra1,Grade 6 Mandate Textbook,1,0,Nos
,,,,,,vol76da470,CAS CBSE Grade 6 Textbook,1,0,Nos
,,,,,,volinlh533,CAS CBSE Grade 6 Notebook,1,0,Nos
,,,,,,voldf7re6s,CAS CBSE Grade 6 Stationery,1,0,Nos
,,,,,,volp2phfhu,CAS CBSE Grade 6 Hindi,1,0,Nos
,,,,,,volt6kurft,CAS CBSE Program,1,0,Nos
,,,,,,volkk55vok,CAS LR CBSE Other,1,0,Nos
BOM-CAS NIBM CBSE Grade 5 BookkitFrench-001,CAS NIBM CBSE Grade 5 BookkitFrench,Inventre Edu Services Pvt Ltd,1,INR,1,1qv92ibdb0,Grade 5 Mandate Textbook,1,1679.54,Nos
,,,,,,1qv6opdnru,CAS CBSE Grade 5 Textbook,1,0,Nos
,,,,,,1qvll834s0,CAS CBSE Grade 5 French,1,0,Nos
,,,,,,1qv54mjo25,CAS CBSE Grade 5 Notebook,1,0,Nos
,,,,,,1qvs6sithc,CAS CBSE Grade 5 Stationery,1,0,Nos
,,,,,,1qvctnn94h,CAS NIBM CBSE Other,1,0,Nos
BOM-CAS NIBM CBSE Grade 5 BookkitHindi-001,CAS NIBM CBSE Grade 5 BookkitHindi,Inventre Edu Services Pvt Ltd,1,INR,1,0uk0223d7f,Grade 5 Mandate Textbook,1,1679.54,Nos
,,,,,,0uk1c0pqjg,CAS CBSE Grade 5 Textbook,1,0,Nos
,,,,,,0uk22m23rb,CAS CBSE Grade 5 Hindi,1,0,Nos
,,,,,,0uk3lc4fjd,CAS CBSE Grade 5 Notebook,1,0,Nos
,,,,,,0uk3bv95ai,CAS CBSE Grade 5 Stationery,1,0,Nos
,,,,,,0uk1r8dl51,CAS NIBM CBSE Other,1,0,Nos
BOM-CAS LR CBSE Grade 5 BookkitHindi-001,CAS LR CBSE Grade 5 BookkitHindi,Inventre Edu Services Pvt Ltd,1,INR,1,s8b97f1s5l,Grade 5 Mandate Textbook,1,1679.54,Nos
,,,,,,s8bcj1pmnd,CAS CBSE Grade 5 Textbook,1,0,Nos
,,,,,,s8b4gou8rm,CAS CBSE Grade 5 Hindi,1,0,Nos
,,,,,,s8b96ntp28,CAS CBSE Grade 5 Notebook,1,0,Nos
,,,,,,s8b2si3hqo,CAS CBSE Grade 5 Stationery,1,0,Nos
,,,,,,s8bda8dvqb,CAS LR CBSE Other,1,0,Nos
BOM-CAS LR CBSE Grade 5 BookkitFrench-001,CAS LR CBSE Grade 5 BookkitFrench,Inventre Edu Services Pvt Ltd,1,INR,1,r25p1h8pp9,Grade 5 Mandate Textbook,1,1679.54,Nos
,,,,,,r25pgfiigu,CAS CBSE Grade 5 Textbook,1,0,Nos
,,,,,,r25094igm4,CAS CBSE Grade 5 French,1,0,Nos
,,,,,,r25bal16ih,CAS CBSE Grade 5 Notebook,1,0,Nos
,,,,,,r250qobbhj,CAS CBSE Grade 5 Stationery,1,0,Nos
,,,,,,r2557j1lq2,CAS LR CBSE Other,1,0,Nos
BOM-CAS NIBM CBSE Grade 4 Bookkit-001,CAS NIBM CBSE Grade 4 Bookkit,Inventre Edu Services Pvt Ltd,1,INR,1,p5dsm4qipu,Grade 4 Mandate Textbook,1,1578.82,Nos
,,,,,,p5ddlqocm9,CAS CBSE Grade 4 Textbook,1,0,Nos
,,,,,,p5do9glk62,CAS CBSE Grade 4 Notebook,1,0,Nos
,,,,,,p5d3hoa75t,CAS CBSE Grade 4 Stationery,1,0,Nos
,,,,,,p5del6u7p5,CAS NIBM CBSE Other,1,0,Nos
BOM-CAS LR CBSE Grade 4 Bookkit-001,CAS LR CBSE Grade 4 Bookkit,Inventre Edu Services Pvt Ltd,1,INR,1,o6tdo6lpnm,Grade 4 Mandate Textbook,1,1578.82,Nos
,,,,,,o6t0rjtc4o,CAS CBSE Grade 4 Textbook,1,0,Nos
,,,,,,o6t5c6di8t,CAS CBSE Grade 4 Notebook,1,0,Nos
,,,,,,o6t8jan4ld,CAS CBSE Grade 4 Stationery,1,0,Nos
,,,,,,o6t70c8b4f,CAS LR CBSE Other,1,0,Nos
BOM-CAS NIBM CBSE Grade 3 Bookkit-001,CAS NIBM CBSE Grade 3 Bookkit,Inventre Edu Services Pvt Ltd,1,INR,1,m1e4qno2eq,Grade 3 Mandate Textbook,1,1731.98,Nos
,,,,,,m1fn3mnkh9,CAS CBSE Grade 3 Textbook,1,0,Nos
,,,,,,m1fb735nrq,CAS CBSE Grade 3 Notebook,1,0,Nos
,,,,,,m1f0bljc3n,CAS CBSE Grade 3 Stationery,1,0,Nos
,,,,,,m1f6c6d80o,CAS LR CBSE Other,1,0,Nos
BOM-CAS LR CBSE Grade 3 Bookkit-001,CAS LR CBSE Grade 3 Bookkit,Inventre Edu Services Pvt Ltd,1,INR,1,l1qdibckkl,Grade 3 Mandate Textbook,1,1731.98,Nos
,,,,,,l1qhlm14sl,CAS CBSE Grade 3 Textbook,1,0,Nos
,,,,,,l1qejjo9ak,CAS CBSE Grade 3 Notebook,1,0,Nos
,,,,,,l1qf4hgh9o,CAS CBSE Grade 3 Stationery,1,0,Nos
,,,,,,l1qohnl52n,CAS LR CBSE Other,1,0,Nos
BOM-CAS NIBM CBSE Grade 2 Bookkit-001,CAS NIBM CBSE Grade 2 Bookkit,Inventre Edu Services Pvt Ltd,1,INR,1,k5tiesqmh0,Grade 2 Mandate Textbook,1,1049.15,Nos
,,,,,,k5t7nd0puk,CAS CBSE Grade 2 Textbook,1,0,Nos
,,,,,,k5t0m7tn00,CAS CBSE Grade 2 Notebook,1,0,Nos
,,,,,,k5tqp5v9h6,CAS CBSE Grade 2 Stationery,1,0,Nos
,,,,,,k5tgegt3iu,CAS NIBM CBSE Other,1,0,Nos
BOM-CAS LR CBSE Grade 2 Bookkit-001,CAS LR CBSE Grade 2 Bookkit,Inventre Edu Services Pvt Ltd,1,INR,1,islrrj2onc,Grade 2 Mandate Textbook,1,1049.15,Nos
,,,,,,isld1jqckt,CAS CBSE Grade 2 Textbook,1,0,Nos
,,,,,,islvdvnoch,CAS CBSE Grade 2 Notebook,1,0,Nos
,,,,,,isl5a12rbt,CAS CBSE Grade 2 Stationery,1,0,Nos
,,,,,,isld3if6n4,CAS LR CBSE Other,1,0,Nos
BOM-CAS NIBM CBSE Grade 1 Bookkit-001,CAS NIBM CBSE Grade 1 Bookkit,Inventre Edu Services Pvt Ltd,1,INR,1,i0i17mcs9s,Grade 1 Mandate Textbook,1,989.33,Nos
,,,,,,i0iibfmert,CAS CBSE Grade 1 Textbook,1,0,Nos
,,,,,,i0idd1ehtv,CAS CBSE Grade 1 Notebook,1,0,Nos
,,,,,,i0i72tbo1n,CAS CBSE Grade 1 Stationery,1,0,Nos
,,,,,,i0i3bsp7ik,CAS NIBM CBSE Other,1,0,Nos
BOM-CAS LR CBSE Grade 1 Bookkit-001,CAS LR CBSE Grade 1 Bookkit,Inventre Edu Services Pvt Ltd,1,INR,1,faii9rqajq,Grade 1 Mandate Textbook,1,989.33,Nos
,,,,,,faisgiun62,CAS CBSE Grade 1 Textbook,1,0,Nos
,,,,,,faiq5p3epg,CAS CBSE Grade 1 Notebook,1,0,Nos
,,,,,,faifq269ea,CAS CBSE Grade 1 Stationery,1,0,Nos
,,,,,,faiee9qjeq,CAS LR CBSE Other,1,0,Nos
BOM-CAS NIBM CBSE Other-001,CAS NIBM CBSE Other,Inventre Edu Services Pvt Ltd,1,INR,1,4t0rj4vn83,CAGS Worksheets,1,300,Nos
,,,,,,4t0lbs0273,CAGS NIBM Almanac,1,75,Nos
,,,,,,4t0jst62fd,CAGS NIBM CBSE Mini Almanac,1,11.86,Nos
,,,,,,4t01s43g5m,CAGS ID CARD,1,78,Nos
BOM-CAS LR CBSE Other-001,CAS LR CBSE Other,Inventre Edu Services Pvt Ltd,1,INR,1,3m23e1erj9,CAGS Worksheets,1,300,Nos
,,,,,,3m2uhbfscs,CAGS LR Almanac,1,75,Nos
,,,,,,3m2klse9uh,CAGS LR CBSE Mini Almanac,1,0,Nos
,,,,,,3m2p9oq8rc,CAGS ID CARD,1,78,Nos
BOM-CAS CBSE Program-001,CAS CBSE Program,Inventre Edu Services Pvt Ltd,1,INR,1,3d1alq8eaa,Opendoor Thinking Assessment - CAGS,1,0,Nos
BOM-CAS CBSE Grade 5 Stationery-001,CAS CBSE Grade 5 Stationery,Inventre Edu Services Pvt Ltd,1,INR,1,udl692c0t2,Fevistik,1,12.5,Nos
,,,,,,udllfd5d6s,Poster Paint (6 Shades),1,50,Nos
,,,,,,udll4ug6ig,Pencils (1 box),1,0,Nos
,,,,,,udlrugcjpm,Red pencil (Nataraj),2,0,Nos
,,,,,,udl8frdi85,Erasers,2,0,Nos
,,,,,,udlsj639st,Sharpener,2,0,Nos
,,,,,,udl77qbmvo,Transparent Roll,2,33.9,Nos
,,,,,,udl41803fi,CAGS Label Sheet,2,0,Nos
,,,,,,udl987q510,CAGS Flat File,1,0,Nos
,,,,,,udlpnu6uo3,File Folder,6,4.45,Nos
,,,,,,udls3s04hh,Oil pastel- 12 shades,1,0,Nos
,,,,,,udl04sp1e8,Marker Pen-Black CD Marker,1,0,Nos
,,,,,,udl5nf1gek,Fevicol,1,12.5,Nos
,,,,,,udllo9na14,Sketch Pens,1,17.5,Nos
,,,,,,udlnog0sgc,A4 Size Colour Paper Packet (25 sheets),1,19.49,Nos
,,,,,,udlookqt41,Legal Size Button Folder,1,0,Nos
,,,,,,udlu959c02,Geometry Box,1,0,Nos
,,,,,,udl39ammqk,"Flat Brushes - Size 1,3,5,6",1,88.75,Nos
,,,,,,udlogrnk7c,World Map Outline,10,0,Nos
,,,,,,udlst6fnp0,India Political,5,0,Nos
,,,,,,udlf1b0182,India Physical,5,0,Nos
BOM-CAS CBSE Grade 4 Stationery-001,CAS CBSE Grade 4 Stationery,Inventre Edu Services Pvt Ltd,1,INR,1,s4hjdgbsrr,Fevistik,1,12.5,Nos
,,,,,,s4hfaf60m2,Colour Pencils - Set of 12,1,0,Nos
,,,,,,s4heicqtqa,Pencils (1 box),1,0,Nos
,,,,,,s4h0ds1vq3,Red pencil (Nataraj),2,0,Nos
,,,,,,s4h3k1gnck,Erasers,2,0,Nos
,,,,,,s4h0arr0qv,Sharpener,2,0,Nos
,,,,,,s4hgb9s5fj,Transparent Roll,2,33.9,Nos
,,,,,,s4htorsrh0,CAGS Label Sheet,2,0,Nos
,,,,,,s4hl95mkl0,CAGS Flat File,1,0,Nos
,,,,,,s4h2hhiepn,File Folder,6,4.45,Nos
,,,,,,s4h8umhbkv,Oil pastel- 12 shades,1,0,Nos
,,,,,,s4h421u2nq,Scale,1,0,Nos
,,,,,,s4hsf45dof,Fevicol,1,12.5,Nos
,,,,,,s4hcsk3b7h,Sketch Pens,1,17.5,Nos
,,,,,,s4h1p9aqlm,A4 Size Colour Paper Packet (25 sheets),1,19.49,Nos
,,,,,,s4hh8a78gv,World Map Outline,5,0,Nos
,,,,,,s4hvfp2sj6,India Political,5,0,Nos
,,,,,,s4hctugeu1,India Physical,5,0,Nos
BOM-CAS CBSE Grade 6 Stationery-001,CAS CBSE Grade 6 Stationery,Inventre Edu Services Pvt Ltd,1,INR,1,pfhn193i6p,CAGS Flat File,1,0,Nos
,,,,,,pfh192gvmb,File Folder,10,4.45,Nos
,,,,,,pfh38nejj3,A4 Size Colour Paper Packet (25 sheets),1,19.49,Nos
,,,,,,pfhoo5gp5p,Transparent Roll,2,33.9,Nos
,,,,,,pfhrch9o33,CAGS Label Sheet,2,0,Nos
,,,,,,pfhsibg79r,Acrylic Colour Set,1,0,Nos
,,,,,,pfh1p2a916,Colour Pencils - Set of 12,1,0,Nos
,,,,,,pfh9juevqg,Poster Paint (6 Shades),1,50,Nos
,,,,,,pfhj6usfog,"Flat Brushes - Size 1,3,5,6",1,88.75,Nos
,,,,,,pfhdp8btdn,A4 Size Plain Sheets (25 sheets),1,18.64,Nos
,,,,,,pfh7pvl82r,India Political,10,0,Nos
,,,,,,pfhafscje0,India Outline Maps,2,0,Nos
BOM-CAS CBSE Grade 7 Stationery-001,CAS CBSE Grade 7 Stationery,Inventre Edu Services Pvt Ltd,1,INR,1,n1nllcioo4,CAGS Flat File,1,0,Nos
,,,,,,n1n19o3rl9,File Folder,10,4.45,Nos
,,,,,,n1ni1ai1qu,A4 Size Colour Paper Packet (25 sheets),1,19.49,Nos
,,,,,,n1ngfu9krt,Transparent Roll,2,33.9,Nos
,,,,,,n1npe3jre7,CAGS Label Sheet,2,0,Nos
,,,,,,n1nalgpfsn,Acrylic Colour Set,1,0,Nos
,,,,,,n1navl1s3v,Colour Pencils - Set of 12,1,0,Nos
,,,,,,n1nqtqfvf6,Poster Paint (6 Shades),1,50,Nos
,,,,,,n1n8gef9cg,"Flat Brushes - Size 1,3,5,6",1,88.75,Nos
,,,,,,n1n0b5i5r5,A4 Size Plain Sheets (25 sheets),1,18.64,Nos
,,,,,,n1n6hgvcbn,India Political,10,0,Nos
,,,,,,n1nrmtr0l5,India Outline Maps,2,0,Nos
BOM-CAS CBSE Grade 3 Stationery-001,CAS CBSE Grade 3 Stationery,Inventre Edu Services Pvt Ltd,1,INR,1,kvo7ld0j4i,Fevistik,1,12.5,Nos
,,,,,,kvost89hgk,Colour Pencils - Set of 12,1,0,Nos
,,,,,,kvo5t7tnqn,Pencils (1 box),1,0,Nos
,,,,,,kvodino3ji,Red pencil (Nataraj),2,0,Nos
,,,,,,kvovka0073,Erasers,2,0,Nos
,,,,,,kvoso90h4p,Sharpener,2,0,Nos
,,,,,,kvobd5rvmv,Transparent Roll,2,33.9,Nos
,,,,,,kvoedmfq3e,CAGS Label Sheet,2,0,Nos
,,,,,,kvo5qgf94g,CAGS Flat File,1,0,Nos
,,,,,,kvo04g5bun,File Folder,6,4.45,Nos
,,,,,,kvola5htts,Oil pastel- 12 shades,1,0,Nos
,,,,,,kvoi3m9heu,Scale,1,0,Nos
,,,,,,kvon6r4vu6,Fevicol,1,12.5,Nos
,,,,,,kvok55pb7e,Sketch Pens,1,17.5,Nos
,,,,,,kvo04p9uch,A4 Size Colour Paper Packet (25 sheets),1,19.49,Nos
,,,,,,tbal4rnep8,World Map Outline,4,0,Nos
,,,,,,tbamrbpo2c,India Political,6,0,Nos
,,,,,,tbavbf9v9f,India Physical,6,0,Nos
BOM-CAS CBSE Grade 2 Stationery-001,CAS CBSE Grade 2 Stationery,Inventre Edu Services Pvt Ltd,1,INR,1,cr7kipqpmc,Fevistik,1,12.5,Nos
,,,,,,cr7mqu9jo4,Colour Pencils - Set of 12,1,0,Nos
,,,,,,cr7npn5vgd,Pencils (1 box),1,0,Nos
,,,,,,cr7bs3bv9r,Red pencil (Nataraj),2,0,Nos
,,,,,,cr75jkvfu5,Erasers,2,0,Nos
,,,,,,cr7hpm7gfm,Sharpener,2,0,Nos
,,,,,,cr7jqchl8i,Transparent Roll,1,33.9,Nos
,,,,,,cr72kdgss4,CAGS Label Sheet,2,0,Nos
,,,,,,cr7e8vd37a,CAGS Flat File,1,0,Nos
,,,,,,cr7dpja4sb,Legal Size Button Folder,1,0,Nos
,,,,,,cr7mrg7jcr,A4 Size Colour Paper Packet (25 sheets),1,19.49,Nos
BOM-CAS CBSE Grade 8 Stationery-001,CAS CBSE Grade 8 Stationery,Inventre Edu Services Pvt Ltd,1,INR,1,b213324mqs,CAGS Flat File,1,0,Nos
,,,,,,b21u0g5567,File Folder,10,4.45,Nos
,,,,,,b21e025ga5,A4 Size Colour Paper Packet (25 sheets),1,19.49,Nos
,,,,,,b217k9el00,Transparent Roll,2,33.9,Nos
,,,,,,b216gfrojk,CAGS Label Sheet,1,0,Nos
,,,,,,b21e515s8r,Acrylic Colour Set,1,0,Nos
,,,,,,b21smvm964,Colour Pencils - Set of 12,1,0,Nos
,,,,,,b21tvu1ba7,Poster Paint (6 Shades),1,50,Nos
,,,,,,b21nhnj1rb,"Flat Brushes - Size 1,3,5,6",1,88.75,Nos
,,,,,,b218vs6uj4,A4 Size Plain Sheets (25 sheets),1,18.64,Nos
,,,,,,b21kcsn766,India Political,10,0,Nos
,,,,,,b21i0aqmlc,India Outline Maps,2,0,Nos
BOM-CAS CBSE Grade 1 Stationery-001,CAS CBSE Grade 1 Stationery,Inventre Edu Services Pvt Ltd,1,INR,1,0bgd5r7tar,Fevistik,1,12.5,Nos
,,,,,,0bghhc6i84,Colour Pencils - Set of 12,1,0,Nos
,,,,,,0bg2oh1ijh,Pencils (1 box),1,0,Nos
,,,,,,0bgqtc151f,Red pencil (Nataraj),2,0,Nos
,,,,,,0bg5g2mt6q,Erasers,2,0,Nos
,,,,,,29gd98l8cc,Sharpener,2,0,Nos
,,,,,,29gdv9rmad,Transparent Roll,1,33.9,Nos
,,,,,,29gf3r3s3t,CAGS Label Sheet,2,0,Nos
,,,,,,29g6fa3n9r,CAGS Flat File,1,0,Nos
,,,,,,29gm2gnatj,Legal Size Button Folder,1,0,Nos
,,,,,,29g083g4tf,Normal Crayons - set of 12,1,0,Nos
,,,,,,29gmro2eob,A4 Size Colour Paper Packet (25 sheets),1,19.49,Nos
BOM-CAS CBSE Grade 9 Notebook-001,CAS CBSE Grade 9 Notebook,Inventre Edu Services Pvt Ltd,1,INR,1,c9ljlpg187,Crown 200 pages Single ruled,11,38,Nos
,,,,,,c9l45lhelr,Crown 200 pages Maths ruled,6,38,Nos
,,,,,,c9lhau32c5,200 Pages OSR Single Ruled Record Book,2,76,Nos
,,,,,,c9lqs9siv2,100 Pages OSR Single Ruled Record Book,1,43,Nos
,,,,,,c9lpr1uqgt,Long 50 Pages Graph Book,1,16,Nos
,,,,,,c9l0tuj9b6,Crown 100 pages Plain Book,1,20,Nos
BOM-CAS CBSE Grade 8 Notebook-001,CAS CBSE Grade 8 Notebook,Inventre Edu Services Pvt Ltd,1,INR,1,9kbvi9giov,Crown 200 pages Single ruled,9,38,Nos
,,,,,,9kb2prohgb,Crown 200 pages Maths ruled,4,38,Nos
,,,,,,9kbmh6dio7,Crown 100 pages Single ruled,4,0,Nos
,,,,,,9kbqlkmotv,50 Pages Plain Drawing Book,1,26,Nos
,,,,,,9kbgcuddp1,Long 50 Pages Graph Book,1,16,Nos
,,,,,,9kb4qd1qok,100 Pages OSR Single Ruled Record Book,1,43,Nos
,,,,,,9kbe8jcpb4,Crown 100 pages OSR Single Leaved,1,0,Nos
BOM-CAS CBSE Grade 7 Notebook-001,CAS CBSE Grade 7 Notebook,Inventre Edu Services Pvt Ltd,1,INR,1,4ork0s9ijo,Crown 200 pages Single ruled,9,38,Nos
,,,,,,4orsgjk9ji,Crown 100 pages Single ruled,2,0,Nos
,,,,,,4orehdklip,Crown 200 pages Maths ruled,4,38,Nos
,,,,,,4orumfacbb,50 Pages Plain Drawing Book,1,26,Nos
,,,,,,4oront82u1,Long 50 Pages Graph Book,1,16,Nos
,,,,,,4orji9h2m1,100 Pages OSR Single Ruled Record Book,1,43,Nos
,,,,,,4or1fv5jhh,Crown 100 pages OSR Single Leaved,1,0,Nos
BOM-CAS CBSE Grade 8 French-001,CAS CBSE Grade 8 French,Inventre Edu Services Pvt Ltd,1,INR,1,4ma7m77le3,Apprenons le français 4,1,0,Nos
BOM-CAS CBSE Grade 8 Hindi-001,CAS CBSE Grade 8 Hindi,Inventre Edu Services Pvt Ltd,1,INR,1,42o3vrpvig,Malhaar 8,1,0,Nos
,,,,,,42oem122qj,Hindi Vyakaran thatha rachana - 8 (with a CD),1,0,Nos
BOM-CAS CBSE Grade 7 French-001,CAS CBSE Grade 7 French,Inventre Edu Services Pvt Ltd,1,INR,1,31748mqe4h,Apprenons le français 3,1,0,Nos
BOM-SAS BP GRADE 6 MAGIC BOX GIRLS-001,SAS BP GRADE 6 MAGIC BOX GIRLS,Inventre Edu Services Pvt Ltd,1,INR,1,2jvf4mrsfd,SAS BP Shirt,2,0,Nos
,,,,,,2jv1un6k31,SAS BP Skirt,2,0,Nos
,,,,,,2jvg7r63gj,SAS BP SPORTS POLO T-SHIRT,1,0,Nos
,,,,,,2jvg0ij3fk,SAS BP Sports Track,1,0,Nos
,,,,,,2jvionfuav,SAS BP Regular Socks,2,0,Nos
,,,,,,2jv2r7d8q1,SAS BP Sports Socks,1,0,Nos
,,,,,,2jv7t6ldbb,SAS BP Bloomers,1,0,Nos
,,,,,,2jvmu7h0bd,SAS BP Belt,1,0,Nos
,,,,,,2jvvbf68ee,SAS BP Caps,1,0,Nos
,,,,,,2jvofnljmh,SAS BP Hoodies,1,0,Nos
,,,,,,2jvgb2d40v,SAS BP Sec Bag,1,0,Nos
,,,,,,2jv8i7knrf,SAS BP Shoes,1,0,Nos
,,,,,,topg9e453k,SAS Suchitra Grade 6 Bookkit,1,0,Nos
BOM-CAS CBSE Grade 6 Notebook-001,CAS CBSE Grade 6 Notebook,Inventre Edu Services Pvt Ltd,1,INR,1,285cl9mm6j,Crown 200 pages Single ruled,9,38,Nos
,,,,,,285ofmhaf1,Crown 100 pages Single ruled,2,0,Nos
,,,,,,285a6sk992,Crown 200 pages Maths ruled,4,38,Nos
,,,,,,2850ng6te0,50 Pages Plain Drawing Book,1,26,Nos
,,,,,,285si6lhoe,Long 50 Pages Graph Book,1,16,Nos
,,,,,,285v1f8rg1,100 Pages OSR Single Ruled Record Book,1,43,Nos
,,,,,,2852bs8rim,Crown 100 pages OSR Single Leaved,1,0,Nos
BOM-CAS CBSE Grade 7 Hindi-001,CAS CBSE Grade 7 Hindi,Inventre Edu Services Pvt Ltd,1,INR,1,1p2jtl9ddf,Malhaar 7,1,0,Nos
,,,,,,1p2df2iafd,Hindi Vyakaran thatha rachana - 7 (with a CD),1,0,Nos
BOM-CAS CBSE Grade 6 Hindi-001,CAS CBSE Grade 6 Hindi,Inventre Edu Services Pvt Ltd,1,INR,1,0h9l75ckre,Malhaar 6,1,0,Nos
,,,,,,0h9bns12tv,Hindi Vyakaran thatha rachana - 6 (with a CD),1,0,Nos
BOM-SAS BP GRADE 7 MAGIC BOX GIRLS-001,SAS BP GRADE 7 MAGIC BOX GIRLS,Inventre Edu Services Pvt Ltd,1,INR,1,vajmcnb8b0,SAS BP Shirt,2,0,Nos
,,,,,,vaj7pgh0jf,SAS BP Skirt,2,0,Nos
,,,,,,vaj49hsa4t,SAS BP SPORTS POLO T-SHIRT,1,0,Nos
,,,,,,vajtreo04a,SAS BP Sports Track,1,0,Nos
,,,,,,vajktc2oeo,SAS BP Regular Socks,2,0,Nos
,,,,,,vajve5m2sq,SAS BP Sports Socks,1,0,Nos
,,,,,,vaj6623qqc,SAS BP Bloomers,1,0,Nos
,,,,,,vaj8287rr8,SAS BP Belt,1,0,Nos
,,,,,,vajjvfnl92,SAS BP Caps,1,0,Nos
,,,,,,vaj04s41vm,SAS BP Hoodies,1,0,Nos
,,,,,,vajidtju1e,SAS BP Sec Bag,1,0,Nos
,,,,,,vajugrsobb,SAS BP Shoes,1,0,Nos
,,,,,,te9oj5u48e,SAS Suchitra Grade 7 Bookkit,1,0,Nos
BOM-CAS CBSE Grade 6 French-001,CAS CBSE Grade 6 French,Inventre Edu Services Pvt Ltd,1,INR,1,us9s84lrdd,Apprenons le français 2,1,0,Nos
BOM-CAS CBSE Grade 5 French-001,CAS CBSE Grade 5 French,Inventre Edu Services Pvt Ltd,1,INR,1,tj3f662c51,Apprenons le français 1,1,0,Nos
BOM-SAS BP GRADE 8 MAGIC BOX GIRLS-001,SAS BP GRADE 8 MAGIC BOX GIRLS,Inventre Edu Services Pvt Ltd,1,INR,1,r6me5sg2h4,SAS BP Shirt,2,0,Nos
,,,,,,r6m44j7bfh,SAS BP Skirt,2,0,Nos
,,,,,,r6ms2p6u4g,SAS BP SPORTS POLO T-SHIRT,1,0,Nos
,,,,,,r6mamup8a7,SAS BP Sports Track,1,0,Nos
,,,,,,r6meim1kub,SAS BP Regular Socks,2,0,Nos
,,,,,,r6m89gdfrr,SAS BP Sports Socks,1,0,Nos
,,,,,,r6mftsmnkd,SAS BP Bloomers,1,0,Nos
,,,,,,r6mpu2br15,SAS BP Belt,1,0,Nos
,,,,,,r6mmnhp2ft,SAS BP Caps,1,0,Nos
,,,,,,r6mhi93vmh,SAS BP Hoodies,1,0,Nos
,,,,,,r6mumcf0v0,SAS BP Sec Bag,1,0,Nos
,,,,,,r6md58riov,SAS BP Shoes,1,0,Nos
,,,,,,t4t1cp7luo,SAS Suchitra Grade 8 Bookkit,1,0,Nos
BOM-CAS CBSE Grade 5 Notebook-001,CAS CBSE Grade 5 Notebook,Inventre Edu Services Pvt Ltd,1,INR,1,pu189ojg0r,Crown 100 pages Single ruled,12,0,Nos
,,,,,,pu1llse2vd,Crown 100 pages OSR Single Leaved,4,0,Nos
,,,,,,pu1jq3r8sv,50 Pages Plain Drawing Book,1,26,Nos
BOM-CAS CBSE Grade 4 Notebook-001,CAS CBSE Grade 4 Notebook,Inventre Edu Services Pvt Ltd,1,INR,1,nvth5mvp5e,Crown 100 pages Single ruled,12,0,Nos
,,,,,,nvtskb32ru,Crown 100 pages OSR Single Leaved,4,0,Nos
,,,,,,nvt20rmgak,50 Pages Plain Drawing Book,1,26,Nos
BOM-SAS BP GRADE 9 MAGIC BOX GIRLS-001,SAS BP GRADE 9 MAGIC BOX GIRLS,Inventre Edu Services Pvt Ltd,1,INR,1,hi0a85ptjr,SAS BP Shirt,2,0,Nos
,,,,,,hi0g6eh0rg,SAS BP Skirt,2,0,Nos
,,,,,,hi016osd9s,SAS BP SPORTS POLO T-SHIRT,1,0,Nos
,,,,,,hi0dakb2v1,SAS BP Sports Track,1,0,Nos
,,,,,,hi0f55aue6,SAS BP Regular Socks,2,0,Nos
,,,,,,hi02pjv9kb,SAS BP Sports Socks,1,0,Nos
,,,,,,hi0ooa9t1t,SAS BP Bloomers,1,0,Nos
,,,,,,hi005du238,SAS BP Belt,1,0,Nos
,,,,,,hi01reuot6,SAS BP Caps,1,0,Nos
,,,,,,hi0bq52tkh,SAS BP Hoodies,1,0,Nos
,,,,,,hi0aahh5m3,SAS BP Sec Bag,1,0,Nos
,,,,,,hi0mvpoiun,SAS BP Shoes,1,0,Nos
,,,,,,s5bm3a44kq,SAS Suchitra Grade 9 Bookkit,1,0,Nos
BOM-CAS CBSE Grade 3 Notebook-001,CAS CBSE Grade 3 Notebook,Inventre Edu Services Pvt Ltd,1,INR,1,g422f3u7qn,Crown 100 pages Single ruled,8,0,Nos
,,,,,,g427f0d7bt,Crown 100 pages Board ruled,4,0,Nos
,,,,,,g4257a5b0p,Crown 100 pages OSR Single Leaved,3,0,Nos
,,,,,,g42pm1q1hg,50 Pages Plain Drawing Book,1,26,Nos
BOM-CAS CBSE Grade 2 Notebook-001,CAS CBSE Grade 2 Notebook,Inventre Edu Services Pvt Ltd,1,INR,1,a9c8cq2s4k,Crown 100 Pages Four Ruled,6,20,Nos
,,,,,,a9c1g5rq4p,Crown 100 Pages Double Ruled,4,20,Nos
,,,,,,a9cnksqt62,Crown 100 Pages Small Check Ruled,3,20,Nos
,,,,,,a9ce59amfe,50 Pages Plain Drawing Book,1,26,Nos
BOM-CAS CBSE Grade 1 Notebook-001,CAS CBSE Grade 1 Notebook,Inventre Edu Services Pvt Ltd,1,INR,1,7sukqb75rh,Crown 100 Pages Four Ruled,6,20,Nos
,,,,,,7suvucl6dm,Crown 100 Pages Double Ruled,4,20,Nos
,,,,,,7supsbftuc,Crown 100 Pages Small Check Ruled,3,20,Nos
,,,,,,7su5oorkrh,50 Pages Plain Drawing Book,1,26,Nos
BOM-SAS BP GRADE 10 MAGIC BOX GIRLS-001,SAS BP GRADE 10 MAGIC BOX GIRLS,Inventre Edu Services Pvt Ltd,1,INR,1,sd02r18ju5,SAS BP Shirt,2,0,Nos
,,,,,,sd0bb3rvoc,SAS BP Skirt,2,0,Nos
,,,,,,sd022ethp5,SAS BP SPORTS POLO T-SHIRT,1,0,Nos
,,,,,,sd0is16mnt,SAS BP Sports Track,1,0,Nos
,,,,,,sd0t092jr4,SAS BP Regular Socks,2,0,Nos
,,,,,,sd0fd04p62,SAS BP Sports Socks,1,0,Nos
,,,,,,sd06d7mjjj,SAS BP Bloomers,1,0,Nos
,,,,,,sd03tv9ntb,SAS BP Belt,1,0,Nos
,,,,,,sd0bo7dbm8,SAS BP Caps,1,0,Nos
,,,,,,sd0sjkaiem,SAS BP Hoodies,1,0,Nos
,,,,,,sd0e4uq6gh,SAS BP Sec Bag,1,0,Nos
,,,,,,sd061i1bja,SAS BP Shoes,1,0,Nos
,,,,,,mko65gdc99,SAS Suchitra Grade 10 Bookkit,1,0,Nos
BOM-CAS CBSE Grade 5 Hindi-001,CAS CBSE Grade 5 Hindi,Inventre Edu Services Pvt Ltd,1,INR,1,kgqj3n9ahp,Navbharti Revised 5,1,0,Nos
,,,,,,kgqjb9fh1o,Sahaj hindi vyakaran pt 5,1,186,Nos
BOM-SAS BP GRADE 5 MAGIC BOX GIRLS-001,SAS BP GRADE 5 MAGIC BOX GIRLS,Inventre Edu Services Pvt Ltd,1,INR,1,i6tq30m8is,SAS BP PRI Frock,2,0,Nos
,,,,,,i6tqcf1931,SAS BP SPORTS POLO T-SHIRT,1,0,Nos
,,,,,,i6t13i0jn3,SAS BP Sports Track,1,0,Nos
,,,,,,i6tev1js8f,SAS BP Regular Socks,2,0,Nos
,,,,,,i6tk4rt75a,SAS BP Sports Socks,1,0,Nos
,,,,,,i6tmkc5g2s,SAS BP Bloomers,1,0,Nos
,,,,,,i6tcbv6s5u,SAS BP Caps,1,0,Nos
,,,,,,i6t8t2lqgs,SAS BP Hoodies,1,0,Nos
,,,,,,i6tnh0s63o,SAS BP Primary Bag,1,0,Nos
,,,,,,i6tonh04n8,SAS BP Shoes,1,0,Nos
,,,,,,u2m49u75q7,SAS Suchitra Grade 5 Bookkit,1,0,Nos
BOM-SAS BP GRADE 4 MAGIC BOX GIRLS-001,SAS BP GRADE 4 MAGIC BOX GIRLS,Inventre Edu Services Pvt Ltd,1,INR,1,gul44dootn,SAS BP PRI Frock,2,0,Nos
,,,,,,gulc300utm,SAS BP SPORTS POLO T-SHIRT,1,0,Nos
,,,,,,gulfoahmr0,SAS BP Sports Track,1,0,Nos
,,,,,,gulmvtjdqc,SAS BP Regular Socks,2,0,Nos
,,,,,,gulrfei6go,SAS BP Sports Socks,1,0,Nos
,,,,,,gulud49vgh,SAS BP Bloomers,1,0,Nos
,,,,,,guliu8dfkj,SAS BP Caps,1,0,Nos
,,,,,,gultgrtefu,SAS BP Hoodies,1,0,Nos
,,,,,,gul74sipe3,SAS BP Primary Bag,1,0,Nos
,,,,,,gultb7ud44,SAS BP Shoes,1,0,Nos
,,,,,,ufcfnahrvi,SAS Suchitra Grade 4 Bookkit,1,0,Nos
BOM-CAS CBSE Grade 8 Textbook-001,CAS CBSE Grade 8 Textbook,Inventre Edu Services Pvt Ltd,1,INR,1,c088sf90tl,Sulabh Bharti 8,1,0,Nos
BOM-CAS CBSE Grade 7 Textbook-001,CAS CBSE Grade 7 Textbook,Inventre Edu Services Pvt Ltd,1,INR,1,bijspridg3,Sulabh Bharti 7,1,0,Nos
BOM-CAS CBSE Grade 6 Textbook-001,CAS CBSE Grade 6 Textbook,Inventre Edu Services Pvt Ltd,1,INR,1,b29a3h3nkd,Sulabh Bharti 6,1,0,Nos
BOM-SAS BP GRADE 3 MAGIC BOX GIRLS-001,SAS BP GRADE 3 MAGIC BOX GIRLS,Inventre Edu Services Pvt Ltd,1,INR,1,tpo0it0c1j,SAS BP PRI Frock,2,0,Nos
,,,,,,tpolvrkdjn,SAS BP SPORTS POLO T-SHIRT,1,0,Nos
,,,,,,tpofki59ho,SAS BP Sports Track,1,0,Nos
,,,,,,tpo14dvk6m,SAS BP Regular Socks,2,0,Nos
,,,,,,tpo8qg40te,SAS BP Sports Socks,1,0,Nos
,,,,,,tpo5tkfj4b,SAS BP Bloomers,1,0,Nos
,,,,,,tpoa79jv2m,SAS BP Hoodies,1,0,Nos
,,,,,,tpor6e3l1j,SAS BP Caps,1,0,Nos
,,,,,,tpo8f4hdjf,SAS BP Primary Bag,1,0,Nos
,,,,,,tpo8josf1c,SAS BP Shoes,1,0,Nos
,,,,,,up9c52mq92,SAS Suchitra Grade 3 Bookkit,1,0,Nos
BOM-SAS BP GRADE 2 MAGIC BOX GIRLS-001,SAS BP GRADE 2 MAGIC BOX GIRLS,Inventre Edu Services Pvt Ltd,1,INR,1,9i1bp3so6n,SAS BP PRI Frock,2,0,Nos
,,,,,,9i16359oh1,SAS BP SPORTS POLO T-SHIRT,1,0,Nos
,,,,,,9i1k37cujf,SAS BP Sports Track,1,0,Nos
,,,,,,9i1olf8rte,SAS BP Regular Socks,2,0,Nos
,,,,,,9i16eucpq5,SAS BP Sports Socks,1,0,Nos
,,,,,,9i11df835l,SAS BP Bloomers,1,0,Nos
,,,,,,9i1ubbbcqs,SAS BP Caps,1,0,Nos
,,,,,,9i1gd5m8qf,SAS BP Primary Bag,1,0,Nos
,,,,,,9i12hkjqq0,SAS BP Hoodies,1,0,Nos
,,,,,,9i1uoiiljr,SAS BP Shoes,1,0,Nos
,,,,,,v91424k264,SAS Suchitra Grade 2 Bookkit,1,0,Nos
BOM-SAS BP GRADE 11 MAGIC BOX GIRLS-001,SAS BP GRADE 11 MAGIC BOX GIRLS,Inventre Edu Services Pvt Ltd,1,INR,1,5mcnhbatil,SAS BP Maroon T-Shirt,2,0,Nos
,,,,,,5mc1gs2gac,SAS BP Girls Pants,2,0,Nos
,,,,,,5mcv2piiul,SAS BP SPORTS POLO T-SHIRT,1,0,Nos
,,,,,,5mck14n6pu,SAS BP Sports Track,1,0,Nos
,,,,,,5mc34u5b48,SAS BP Regular Socks,2,0,Nos
,,,,,,5mc6pvg228,SAS BP Sports Socks,1,0,Nos
,,,,,,5mc4ngnaji,SAS BP Sr Secondary Belt,1,0,Nos
,,,,,,5mcj2ne8rb,SAS BP Caps,1,0,Nos
,,,,,,5mcoiulbpq,SAS BP Sec Bag,1,0,Nos
,,,,,,5mcr492u7v,SAS BP Hoodies,1,0,Nos
,,,,,,5mc8c3ek6m,SAS BP Shoes,1,0,Nos
,,,,,,l3gtj9nbdb,SAS Suchitra Grade 11 Bookkit,1,0,Nos
BOM-SAS BP GRADE 12 MAGIC BOX GIRLS-001,SAS BP GRADE 12 MAGIC BOX GIRLS,Inventre Edu Services Pvt Ltd,1,INR,1,3nfugbkcd8,SAS BP Maroon T-Shirt,2,0,Nos
,,,,,,3nf95f1rpu,SAS BP Girls Pants,2,0,Nos
,,,,,,3nfjb13vdn,SAS BP SPORTS POLO T-SHIRT,1,0,Nos
,,,,,,3nf1thoj09,SAS BP Sports Track,1,0,Nos
,,,,,,3nfiesvtqp,SAS BP Regular Socks,2,0,Nos
,,,,,,3nf3v41p03,SAS BP Sports Socks,1,0,Nos
,,,,,,3nfoa39qnk,SAS BP Sr Secondary Belt,1,0,Nos
,,,,,,3nfnv7lcl7,SAS BP Caps,1,0,Nos
,,,,,,3nfhdrqioe,SAS BP Hoodies,1,0,Nos
,,,,,,3nf87suhcd,SAS BP Sec Bag,1,0,Nos
,,,,,,3nffnshg4g,SAS BP Shoes,1,0,Nos
BOM-CAS CBSE Grade 5 Textbook-001,CAS CBSE Grade 5 Textbook,Inventre Edu Services Pvt Ltd,1,INR,1,5l912j1vj8,Sulabh Bharti 5,1,0,Nos
BOM-CAS CBSE Grade 4 Textbook-001,CAS CBSE Grade 4 Textbook,Inventre Edu Services Pvt Ltd,1,INR,1,0c74ff3oc5,Sulabh Bharti 4,1,0,Nos
,,,,,,0c70qles0v,Navbharti Revised – 4,1,188,Nos
,,,,,,0c7erguic5,Sahaj hindi vyakaran pt 4,1,178,Nos
BOM-CAS CBSE Grade 3 Textbook-001,CAS CBSE Grade 3 Textbook,Inventre Edu Services Pvt Ltd,1,INR,1,mq6bvc1d49,Sulabh Bharti 3,1,0,Nos
,,,,,,72kjh1orp1,Navbharti Revised 3,1,184,Nos
,,,,,,c3bi5ep2og,Junior Mini Dictionary,1,0,Nos
BOM-CAS CBSE Grade 2 Textbook-001,CAS CBSE Grade 2 Textbook,Inventre Edu Services Pvt Ltd,1,INR,1,ll3pqug47j,Navbharti Revised 2,1,172,Nos
,,,,,,ll3obib3u9,Saptarang 2,1,0,Nos
BOM-CAS CBSE Grade 1 Textbook-001,CAS CBSE Grade 1 Textbook,Inventre Edu Services Pvt Ltd,1,INR,1,krmpolqg3v,Navbharti Revised 1,1,168,Nos
,,,,,,krmeikfu34,Saptarang 1,1,0,Nos
BOM-SAS BP GRADE 12 MAGIC BOX BOYS-001,SAS BP GRADE 12 MAGIC BOX BOYS,Inventre Edu Services Pvt Ltd,1,INR,1,7mci2u433t,SAS BP Maroon T-Shirt,2,0,Nos
,,,,,,7mc91mjk84,SAS BP Boys Pants,2,0,Nos
,,,,,,7mcsu985t1,SAS BP SPORTS POLO T-SHIRT,1,0,Nos
,,,,,,7mc2jlbgbr,SAS BP Sports Track,1,0,Nos
,,,,,,7mcbnvmflp,SAS BP Regular Socks,2,0,Nos
,,,,,,7mcnuntf2u,SAS BP Sports Socks,1,0,Nos
,,,,,,7mcd64seaj,SAS BP Sr Secondary Belt,1,0,Nos
,,,,,,7mcijdpssi,SAS BP Caps,1,0,Nos
,,,,,,7mctjsohun,SAS BP Hoodies,1,0,Nos
,,,,,,7mc67dha9e,SAS BP Sec Bag,1,0,Nos
,,,,,,7mca3gftka,SAS BP Shoes,1,0,Nos
BOM-SAS BP GRADE 11 MAGIC BOX BOYS-001,SAS BP GRADE 11 MAGIC BOX BOYS,Inventre Edu Services Pvt Ltd,1,INR,1,0cjueacr03,SAS BP Maroon T-Shirt,2,0,Nos
,,,,,,0cjub39jop,SAS BP Boys Pants,2,0,Nos
,,,,,,0cj0nf1695,SAS BP SPORTS POLO T-SHIRT,1,0,Nos
,,,,,,0cjj6ris5j,SAS BP Sports Track,1,0,Nos
,,,,,,0cjpe1u84a,SAS BP Regular Socks,2,0,Nos
,,,,,,0cjloqrpt4,SAS BP Sports Socks,1,0,Nos
,,,,,,0cj3edcdqe,SAS BP Sr Secondary Belt,1,0,Nos
,,,,,,0cj6u2gv5k,SAS BP Caps,1,0,Nos
,,,,,,0cjgm8p1iq,SAS BP Hoodies,1,0,Nos
,,,,,,0cjtb6qt0e,SAS BP Sec Bag,1,0,Nos
,,,,,,0cjrtb1uvv,SAS BP Shoes,1,0,Nos
,,,,,,ktqk7mem7t,SAS Suchitra Grade 11 Bookkit,1,0,Nos
BOM-SAS BP GRADE 10 MAGIC BOX BOYS-001,SAS BP GRADE 10 MAGIC BOX BOYS,Inventre Edu Services Pvt Ltd,1,INR,1,udem6dv9vn,SAS BP Shirt,2,0,Nos
,,,,,,ude9tp3k0t,SAS BP Sec Full Pants,2,0,Nos
,,,,,,ude1b622dh,SAS BP SPORTS POLO T-SHIRT,1,0,Nos
,,,,,,udefo9vjhm,SAS BP Sports Track,1,0,Nos
,,,,,,udeguf4jpn,SAS BP Regular Socks,2,0,Nos
,,,,,,udee8sa3j5,SAS BP Sports Socks,1,0,Nos
,,,,,,ude4hssiru,SAS BP Belt,1,0,Nos
,,,,,,udegght1ve,SAS BP Caps,1,0,Nos
,,,,,,udeholeu8v,SAS BP Hoodies,1,0,Nos
,,,,,,udep4kkt97,SAS BP Sec Bag,1,0,Nos
,,,,,,ude3i2i839,SAS BP Shoes,1,0,Nos
,,,,,,mqreg6o5m9,SAS Suchitra Grade 10 Bookkit,1,0,Nos
BOM-SAS BP GRADE 9 MAGIC BOX BOYS-001,SAS BP GRADE 9 MAGIC BOX BOYS,Inventre Edu Services Pvt Ltd,1,INR,1,sq5l2sqh1g,SAS BP Shirt,2,0,Nos
,,,,,,sq5k6tb7uo,SAS BP Sec Full Pants,2,0,Nos
,,,,,,sq5qq1aiqv,SAS BP SPORTS POLO T-SHIRT,1,0,Nos
,,,,,,sq522bb6e9,SAS BP Sports Track,1,0,Nos
,,,,,,sq5uul3u18,SAS BP Regular Socks,2,0,Nos
,,,,,,sq5i5ch3g1,SAS BP Sports Socks,1,0,Nos
,,,,,,sq5e8i6nuu,SAS BP Belt,1,0,Nos
,,,,,,sq5euvauho,SAS BP Caps,1,0,Nos
,,,,,,sq5183ffg2,SAS BP Hoodies,1,0,Nos
,,,,,,sq5ooddg9h,SAS BP Sec Bag,1,0,Nos
,,,,,,sq5d0qj235,SAS BP Shoes,1,0,Nos
,,,,,,sbji3hcsfl,SAS Suchitra Grade 9 Bookkit,1,0,Nos
BOM-SAS BP GRADE 8 MAGIC BOX BOYS-001,SAS BP GRADE 8 MAGIC BOX BOYS,Inventre Edu Services Pvt Ltd,1,INR,1,m08vadrf2r,SAS BP Shirt,2,0,Nos
,,,,,,m08a2ql5jb,SAS BP Sec Full Pants,2,0,Nos
,,,,,,m08jcjo5vd,SAS BP SPORTS POLO T-SHIRT,1,0,Nos
,,,,,,m082e9l7hh,SAS BP Sports Track,1,0,Nos
,,,,,,m08d377suk,SAS BP Regular Socks,2,0,Nos
,,,,,,m086ih2fh2,SAS BP Sports Socks,1,0,Nos
,,,,,,m08lhv0h1t,SAS BP Belt,1,0,Nos
,,,,,,m08v2ppsek,SAS BP Caps,1,0,Nos
,,,,,,m08egtbljd,SAS BP Hoodies,1,0,Nos
,,,,,,m08tr6vrvt,SAS BP Sec Bag,1,0,Nos
,,,,,,m08bqec94j,SAS BP Shoes,1,0,Nos
,,,,,,t0mol8t3ne,SAS Suchitra Grade 8 Bookkit,1,0,Nos
BOM-SAS BP GRADE 7 MAGIC BOX BOYS-001,SAS BP GRADE 7 MAGIC BOX BOYS,Inventre Edu Services Pvt Ltd,1,INR,1,iurjdgnj2i,SAS BP Shirt,2,0,Nos
,,,,,,iuruhnhcen,SAS BP Sec Full Pants,2,0,Nos
,,,,,,iurd1893vj,SAS BP SPORTS POLO T-SHIRT,1,0,Nos
,,,,,,iur2lspvnn,SAS BP Sports Track,1,0,Nos
,,,,,,iuriohutag,SAS BP Regular Socks,2,0,Nos
,,,,,,iurctutjga,SAS BP Sports Socks,1,0,Nos
,,,,,,iurbi3oeca,SAS BP Belt,1,0,Nos
,,,,,,iurhqadr4a,SAS BP Caps,1,0,Nos
,,,,,,iur7sj17lk,SAS BP Hoodies,1,0,Nos
,,,,,,iurdtmkb63,SAS BP Sec Bag,1,0,Nos
,,,,,,iurnmmoqe2,SAS BP Shoes,1,0,Nos
,,,,,,t9s1q5q06k,SAS Suchitra Grade 7 Bookkit,1,0,Nos
BOM-SAS BP GRADE 6 MAGIC BOX BOYS-001,SAS BP GRADE 6 MAGIC BOX BOYS,Inventre Edu Services Pvt Ltd,1,INR,1,f60baoqdlb,SAS BP Shirt,2,0,Nos
,,,,,,f603fgh2ga,SAS BP Sec Full Pants,2,0,Nos
,,,,,,f60d1dch72,SAS BP SPORTS POLO T-SHIRT,1,0,Nos
,,,,,,f60nlq4nj3,SAS BP Sports Track,1,0,Nos
,,,,,,f60sr1hku1,SAS BP Regular Socks,2,0,Nos
,,,,,,f60v1s84er,SAS BP Sports Socks,1,0,Nos
,,,,,,f60fl3ijk4,SAS BP Belt,1,0,Nos
,,,,,,f6018p03ed,SAS BP Caps,1,0,Nos
,,,,,,f60lfv4715,SAS BP Hoodies,1,0,Nos
,,,,,,f60s9bhu2j,SAS BP Sec Bag,1,0,Nos
,,,,,,f603oh4alv,SAS BP Shoes,1,0,Nos
,,,,,,tkeej2kkf3,SAS Suchitra Grade 6 Bookkit,1,0,Nos
BOM-SAS BP GRADE 5 MAGIC BOX BOYS-001,SAS BP GRADE 5 MAGIC BOX BOYS,Inventre Edu Services Pvt Ltd,1,INR,1,bnu6ktifrk,SAS BP Shirt,2,0,Nos
,,,,,,bnuv9rgbt9,SAS BP Half Pants,2,0,Nos
,,,,,,bnukf2l4sq,SAS BP SPORTS POLO T-SHIRT,1,0,Nos
,,,,,,bnua886066,SAS BP Sports Track,1,0,Nos
,,,,,,bnu71nqe6m,SAS BP Regular Socks,2,0,Nos
,,,,,,bnugf5mp4c,SAS BP Sports Socks,1,0,Nos
,,,,,,bnunhpbiuc,SAS BP Belt,1,0,Nos
,,,,,,bnulhard7k,SAS BP Caps,1,0,Nos
,,,,,,bnu6b1e7hi,SAS BP Hoodies,1,0,Nos
,,,,,,bnucig38hr,SAS BP Primary Bag,1,0,Nos
,,,,,,bnu0epqnr2,SAS BP Shoes,1,0,Nos
,,,,,,tv2ra6olbs,SAS Suchitra Grade 5 Bookkit,1,0,Nos
BOM-SAS BP GRADE 4 MAGIC BOX BOYS-001,SAS BP GRADE 4 MAGIC BOX BOYS,Inventre Edu Services Pvt Ltd,1,INR,1,9aq5eutjhb,SAS BP Shirt,2,0,Nos
,,,,,,9aqsqju4ea,SAS BP Half Pants,2,0,Nos
,,,,,,9aqrn5vj1o,SAS BP SPORTS POLO T-SHIRT,1,0,Nos
,,,,,,9aq47f4ilg,SAS BP Sports Track,1,0,Nos
,,,,,,9aqctpita3,SAS BP Regular Socks,2,0,Nos
,,,,,,9aqhi86a83,SAS BP Sports Socks,1,0,Nos
,,,,,,9aqapnfl6n,SAS BP Belt,1,0,Nos
,,,,,,9aq2rbh5ro,SAS BP Hoodies,1,0,Nos
,,,,,,9aqmtn5ui6,SAS BP Caps,1,0,Nos
,,,,,,9aqpbb97oc,SAS BP Primary Bag,1,0,Nos
,,,,,,9aqmt70bod,SAS BP Shoes,1,0,Nos
,,,,,,ube8s1dq5f,SAS Suchitra Grade 4 Bookkit,1,0,Nos
BOM-SAS BP GRADE 3 MAGIC BOX BOYS-001,SAS BP GRADE 3 MAGIC BOX BOYS,Inventre Edu Services Pvt Ltd,1,INR,1,5fm3lrpk8b,SAS BP Shirt,2,0,Nos
,,,,,,5fm02ugtsr,SAS BP Half Pants,2,0,Nos
,,,,,,5fm7v9gu2o,SAS BP SPORTS POLO T-SHIRT,1,0,Nos
,,,,,,5fmgdbe69q,SAS BP Sports Track,1,0,Nos
,,,,,,5fmopahkpe,SAS BP Regular Socks,2,0,Nos
,,,,,,5fm0j4h030,SAS BP Sports Socks,1,0,Nos
,,,,,,5fm14pivi1,SAS BP Belt,1,0,Nos
,,,,,,5fmranjl7s,SAS BP Caps,1,0,Nos
,,,,,,5fmaa5relv,SAS BP Hoodies,1,0,Nos
,,,,,,5fmq127hma,SAS BP Primary Bag,1,0,Nos
,,,,,,5fmfqs9isj,SAS BP Shoes,1,0,Nos
,,,,,,ukunhiqcfl,SAS Suchitra Grade 3 Bookkit,1,0,Nos
BOM-SAS BP GRADE 2 MAGIC BOX BOYS-001,SAS BP GRADE 2 MAGIC BOX BOYS,Inventre Edu Services Pvt Ltd,1,INR,1,ti228tagti,SAS BP Shirt,2,0,Nos
,,,,,,ti2h2dhq6e,SAS BP Half Pants,2,0,Nos
,,,,,,ti2qmbj7kc,SAS BP SPORTS POLO T-SHIRT,1,0,Nos
,,,,,,ti2achb9km,SAS BP Sports Track,1,0,Nos
,,,,,,ti21352ree,SAS BP Regular Socks,2,0,Nos
,,,,,,ti2384euqd,SAS BP Sports Socks,1,0,Nos
,,,,,,ti25kfh0u6,SAS BP Belt,1,0,Nos
,,,,,,ti259pgqa6,SAS BP Caps,1,0,Nos
,,,,,,ti28m35r96,SAS BP Hoodies,1,0,Nos
,,,,,,ti2190c4b4,SAS BP Primary Bag,1,0,Nos
,,,,,,ti22sqgemn,SAS BP Shoes,1,0,Nos
,,,,,,vdkqs2220a,SAS Suchitra Grade 2 Bookkit,1,0,Nos
BOM-SAS KS GRADE 1 MAGIC BOX GIRLS-001,SAS KS GRADE 1 MAGIC BOX GIRLS,Inventre Edu Services Pvt Ltd,1,INR,1,2omdl33i7v,SAS KS Frock,2,0,Nos
,,,,,,2oms2bs5sk,SAS KS Sports T-shirt,1,0,Nos
,,,,,,2om73hd9nt,SAS KS Sports Pant,1,0,Nos
,,,,,,2om0npv968,SAS KS Regular Socks,2,0,Nos
,,,,,,2omt0vdjl2,SAS KS Sports Socks,1,0,Nos
,,,,,,2omsu7jah7,SAS KS Bloomers,1,0,Nos
,,,,,,2omm1kd4de,SAS KS Primary Bag,1,0,Nos
,,,,,,2omddaipf4,SAS KS CAPS,1,0,Nos
,,,,,,2omgms248l,SAS KS Hoodie,1,0,Nos
,,,,,,2ombjo8tus,SAS KS Shoes,1,0,Nos
,,,,,,ma8dupfv5a,SAS Keesara Grade 1 Bookkit,1,0,Nos
BOM-SAS KS GRADE 1 MAGIC BOX BOYS-001,SAS KS GRADE 1 MAGIC BOX BOYS,Inventre Edu Services Pvt Ltd,1,INR,1,0jfa32vs54,SAS KS Shirt,2,0,Nos
,,,,,,0jfd549lkd,SAS KS Half Pants,2,0,Nos
,,,,,,0jf3hq25f1,SAS KS Regular Socks,2,0,Nos
,,,,,,0jf3svp8rl,SAS KS Sports Socks,1,0,Nos
,,,,,,0jfd6jh3mf,SAS KS Sports T-shirt,1,0,Nos
,,,,,,0jfhkvf5cf,SAS KS Sports Pant,1,0,Nos
,,,,,,0jfs5ou93s,SAS KS Belt,1,0,Nos
,,,,,,0jfmks36id,SAS KS Hoodie,1,0,Nos
,,,,,,0jfm6qf8ft,SAS KS CAPS,1,0,Nos
,,,,,,0jfjkiucgl,SAS KS Primary Bag,1,0,Nos
,,,,,,0jfbgvkn9l,SAS KS Shoes,1,0,Nos
,,,,,,m2uksu9gvn,SAS Keesara Grade 1 Bookkit,1,0,Nos
BOM-SAS BP GRADE 1 MAGIC BOX GIRLS-001,SAS BP GRADE 1 MAGIC BOX GIRLS,Inventre Edu Services Pvt Ltd,1,INR,1,svpgm7g71c,SAS BP PRI Frock,2,0,Nos
,,,,,,svp2cs2v1e,SAS BP SPORTS POLO T-SHIRT,1,0,Nos
,,,,,,svpnrifmcd,SAS BP Sports Track,1,0,Nos
,,,,,,svptgbhcq8,SAS BP Regular Socks,2,0,Nos
,,,,,,svpbro5jcn,SAS BP Sports Socks,1,0,Nos
,,,,,,svph30s71e,SAS BP Primary Bag,1,0,Nos
,,,,,,svpq3969tu,SAS BP Hoodies,1,0,Nos
,,,,,,svpn2eo1u3,SAS BP Bloomers,1,0,Nos
,,,,,,svpm50tbck,SAS BP Caps,1,0,Nos
,,,,,,svpio6tric,SAS BP Shoes,1,0,Nos
,,,,,,lmliqjq74l,SAS Suchitra Grade 1 Bookkit,1,0,Nos
BOM-SAS BP GRADE 1 MAGIC BOX BOYS-001,SAS BP GRADE 1 MAGIC BOX BOYS,Inventre Edu Services Pvt Ltd,1,INR,1,kh7l4qsb7r,SAS BP Shirt,2,0,Nos
,,,,,,kh70glp3mi,SAS BP Half Pants,2,0,Nos
,,,,,,kh7h9qeulj,SAS BP SPORTS POLO T-SHIRT,1,0,Nos
,,,,,,kh7m75vt4s,SAS BP Sports Track,1,0,Nos
,,,,,,kh7avth7dj,SAS BP Regular Socks,2,0,Nos
,,,,,,kh7pvh0jcl,SAS BP Sports Socks,1,0,Nos
,,,,,,kh7crho3d5,SAS BP Belt,1,0,Nos
,,,,,,kh7ge06hrc,SAS BP Caps,1,0,Nos
,,,,,,kh7lo87uns,SAS BP Shoes,1,0,Nos
,,,,,,kh7pajbvb3,SAS BP Primary Bag,1,0,Nos
,,,,,,kh775ql81u,SAS BP Hoodies,1,0,Nos
,,,,,,lstt8ojns2,SAS Suchitra Grade 1 Bookkit,1,0,Nos
BOM-SAS Grade 9 Notebook-001,SAS Grade 9 Notebook,Inventre Edu Services Pvt Ltd,1,INR,1,d5fpdf0028,CM Crown 200 pages Single ruled,12,47.41,Nos
,,,,,,d5fjf1ckf5,CM Crown 200 pages Maths ruled,6,47.41,Nos
,,,,,,d5f4oc353n,CM 50 Pages Plain Drawing Book,1,22.93,Nos
,,,,,,d5fifd9ufv,CM Long 50 Pages Graph Book,1,22.44,Nos
,,,,,,d5fvmaj50p,CM 200 Pages OSR Single Ruled Record Book,2,68.36,Nos
,,,,,,d5fc65um2j,CM 100 Pages OSR Single Ruled Record Book,2,42.4,Nos
,,,,,,d5flbvq7o0,CM Crown 100 pages Plain Book,1,22.5,Nos
BOM-SAS Grade 8 Notebook-001,SAS Grade 8 Notebook,Inventre Edu Services Pvt Ltd,1,INR,1,b4gtbchll1,CM Crown 200 pages Single ruled,9,47.41,Nos
,,,,,,b4gvruba3m,CM Crown 100 pages Single ruled,4,22.5,Nos
,,,,,,b4g6khiavd,CM Crown 200 pages Maths ruled,4,47.41,Nos
,,,,,,b4g7f37m29,CM 50 Pages Plain Drawing Book,1,22.93,Nos
,,,,,,b4gbcps8m3,CM Long 50 Pages Graph Book,1,22.44,Nos
,,,,,,b4gelopm2e,CM 100 Pages OSR Single Ruled Record Book,1,42.4,Nos
,,,,,,b4g6c0bo2f,CM Crown 100 pages OSR Single Leaved,1,22.5,Nos
BOM-SAS Grade 7 Notebook-001,SAS Grade 7 Notebook,Inventre Edu Services Pvt Ltd,1,INR,1,9f8cm9nemq,CM Crown 200 pages Single ruled,9,47.41,Nos
,,,,,,9f82gtnefm,CM Crown 100 pages Single ruled,2,22.5,Nos
,,,,,,9f8easjs8i,CM Crown 200 pages Maths ruled,4,47.41,Nos
,,,,,,9f8f2dfrpk,CM 50 Pages Plain Drawing Book,1,22.93,Nos
,,,,,,9f8dvn458a,CM 100 Pages OSR Single Ruled Record Book,1,42.4,Nos
,,,,,,9f8dct1no7,CM Long 50 Pages Graph Book,1,22.44,Nos
,,,,,,9f8r8vbbvf,CM Crown 100 pages OSR Single Leaved,1,22.5,Nos
BOM-SAS Grade 6 Notebook-001,SAS Grade 6 Notebook,Inventre Edu Services Pvt Ltd,1,INR,1,7spabi8a8i,CM Crown 200 pages Single ruled,9,47.41,Nos
,,,,,,7splnd1o0n,CM Crown 100 pages Single ruled,2,22.5,Nos
,,,,,,7spsa4m02f,CM Crown 200 pages Maths ruled,4,47.41,Nos
,,,,,,7sp4scj44h,CM 50 Pages Plain Drawing Book,1,22.93,Nos
,,,,,,7spg980kts,CM Long 50 Pages Graph Book,1,22.44,Nos
,,,,,,7spemk19ec,CM 100 Pages OSR Single Ruled Record Book,1,42.4,Nos
,,,,,,7sp2crnkkm,CM Crown 100 pages OSR Single Leaved,1,22.5,Nos
BOM-SAS Grade 5 Notebook-001,SAS Grade 5 Notebook,Inventre Edu Services Pvt Ltd,1,INR,1,61ga81hj1f,CM Crown 100 pages Single ruled,12,22.5,Nos
,,,,,,61gn8mccod,CM Crown 100 pages OSR Single Leaved,4,22.5,Nos
,,,,,,61g1kaicgi,CM 50 Pages Plain Drawing Book,1,22.93,Nos
,,,,,,61gb1mbnbi,CM Long 100 pages Plain Book,1,22.5,Nos
BOM-SAS Grade 4 Notebook-001,SAS Grade 4 Notebook,Inventre Edu Services Pvt Ltd,1,INR,1,n590gkm0jg,CM Crown 100 pages Single ruled,8,22.5,Nos
,,,,,,n59s4f1muk,CM Crown 100 pages OSR Single Leaved,4,22.5,Nos
,,,,,,n59ddr91c0,CM 50 Pages Plain Drawing Book,1,22.93,Nos
,,,,,,n59lp80rus,CM Long 100 pages Plain Book,1,22.5,Nos
BOM-SAS Grade 3 Notebook-001,SAS Grade 3 Notebook,Inventre Edu Services Pvt Ltd,1,INR,1,loue370ss9,CM Crown 100 pages Single ruled,8,22.5,Nos
,,,,,,louibvf27j,CM Crown 100 pages Board ruled,4,22.5,Nos
,,,,,,loudo5grti,CM Crown 100 pages OSR Single Leaved,3,22.5,Nos
,,,,,,louuipci6g,CM 50 Pages Plain Drawing Book,1,22.93,Nos
,,,,,,louh5j9cst,CM Long 100 pages Plain Book,1,22.5,Nos
BOM-SAS Grade 2 Notebook-001,SAS Grade 2 Notebook,Inventre Edu Services Pvt Ltd,1,INR,1,hko9tloeq4,CM Crown 100 Pages Four Ruled,6,22.5,Nos
,,,,,,hko4ubs9id,CM Crown 100 Pages Double Ruled,4,22.5,Nos
,,,,,,hko6e68bsl,CM Crown 100 Pages Small Check Ruled,3,22.5,Nos
,,,,,,hkot468v1g,CM 50 Pages Plain Drawing Book,1,22.93,Nos
BOM-Grade 9 Mandate Textbook-001,Grade 9 Mandate Textbook,Inventre Edu Services Pvt Ltd,1,INR,1,157t2ugq8n,Science Exempler Problems 9,1,99,Nos
,,,,,,v83h93p9i4,Beehive,1,0,Nos
,,,,,,v83842ntd1,Moments - English Suppl. Rdr,1,0,Nos
,,,,,,v83uvqlfua,Words and Expressions 1,1,0,Nos
,,,,,,v83k1r5qs4,Maths text (RS Agarwal) 9,1,0,Nos
,,,,,,v83sjj83u0,Maths Lab Manual 9,1,0,Nos
,,,,,,v83okl8e0d,Maths Textbook 9,1,0,Nos
,,,,,,v83ams933q,Science Textbook 9,1,0,Nos
,,,,,,v83jihehin,Laboratory Manual Science 9,1,0,Nos
,,,,,,v834vnnudu,Contemporary India - Geography Grade 9,1,0,Nos
,,,,,,v83gtpessm,India & Contemporary World History Grade 9,1,0,Nos
,,,,,,v83shj3fm3,Democratic Politics Grade 9,1,0,Nos
,,,,,,v83tcb5gfu,Economics Textbook,1,0,Nos
,,,,,,v8311gjjft,Artificial Intelligence 9,1,0,Nos
BOM-Grade 8 Mandate Textbook-001,Grade 8 Mandate Textbook,Inventre Edu Services Pvt Ltd,1,INR,1,jmbsfk1g9e,New Celebrations 8,1,284,Nos
,,,,,,jmbq861jq4,Mastering Grammar 8,1,224,Nos
,,,,,,jmboo6r37p,Maths text (RS Agarwal) 8 Part 1,1,0,Nos
,,,,,,jmbspcrbfi,Ganita Prakash Grade 8 Part 1,1,55.25,Nos
,,,,,,jmb9etqp48,Ganita Prakash Grade 8 Part 2,1,55.25,Nos
,,,,,,jmbr94lbt3,Learning Science 2.0 8,1,280,Nos
,,,,,,jmbu9nhfjp,Exploring Society:India and Beyond for Grade 8 Part 1,1,0,Nos
,,,,,,jmbf76pqfq,Exploring Society:India and Beyond for Grade 8 Part 2,1,0,Nos
,,,,,,jmb20goaq7,Track Pad 2.1 8,1,240.8,Nos
,,,,,,jmbo5ofiso,Grooming Book 8,1,34,Nos
,,,,,,ufaj0h19it,Maths text (RS Agarwal) 8 Part 2,1,0,Nos
BOM-Grade 7 Mandate Textbook-001,Grade 7 Mandate Textbook,Inventre Edu Services Pvt Ltd,1,INR,1,uhpid6q05s,New Celebrations 7,1,280,Nos
,,,,,,uhph4n86j2,Mastering Grammar 7,1,220,Nos
,,,,,,uhph5kh3rq,Maths text (RS Agarwal) 7 Part 1,1,0,Nos
,,,,,,uhppos7s35,Ganita Prakash Grade 7 Part 1,1,0,Nos
,,,,,,uhpmjls0sj,Ganita Prakash Grade 7 Part 2,1,0,Nos
,,,,,,uhpbfjkdkp,Learning Science 2.0 7,1,276,Nos
,,,,,,uhpoq8v5pf,Track Pad 2.1 7,1,240.8,Nos
,,,,,,uhpglqb179,Grooming Book 7,1,54.5,Nos
,,,,,,uhp29mbjsi,Sustainability WorkBook 7,1,34.32,Nos
,,,,,,5eaeetotd1,Maths text (RS Agarwal) 7 Part 2,1,0,Nos
,,,,,,5ear8ok39t,Exploring Society: India And Beyond Grade 7 Part-1,1,0,Nos
,,,,,,gs4a5ahr9o,Exploring Society: India And Beyond Grade 7 Part-2,1,0,Nos
BOM-Grade 6 Mandate Textbook-001,Grade 6 Mandate Textbook,Inventre Edu Services Pvt Ltd,1,INR,1,so9cgqj6ul,New Celebrations 6,1,276,Nos
,,,,,,so9d62d952,Mastering Grammar 6,1,214,Nos
,,,,,,so99uuh11e,Maths text (RS Agarwal) 6,1,0,Nos
,,,,,,so99mbcmdd,Ganita Prakash Grade 6,1,0,Nos
,,,,,,so99k8psje,Learning Science 2.0 6,1,272,Nos
,,,,,,so9e210eil,Exploring Society:India and Beyond for Grade 6,1,0,Nos
,,,,,,so9rm7ro5s,Track Pad 2.1 6,1,240.8,Nos
,,,,,,so9fjvoeqa,Grooming Book 6,1,34.7,Nos
,,,,,,so9a8j10cs,Sustainability WorkBook 6,1,28.9,Nos
,,,,,,96n1nma64e,Scholastic School Atlas,1,0,Nos
BOM-Grade 5 Mandate Textbook-001,Grade 5 Mandate Textbook,Inventre Edu Services Pvt Ltd,1,INR,1,q1bckvpbrg,Petals of English Coursebook 5,1,244,Nos
,,,,,,q1bceqs1tj,Practice Worksheets Petals of English 5,1,134,Nos
,,,,,,kv5vis3ac9,Essentials of English Grammar & Composition - 5,1,276.25,Nos
,,,,,,kv56kfdvhe,The World Around Us 5,1,345,Nos
,,,,,,q1b4isd370,Living Maths 5,1,301.9,Nos
,,,,,,q1bn6p9j1t,Track Pad 2.1 5,1,232.2,Nos
,,,,,,q1bqhu1hmc,Grooming Book 5,1,51,Nos
,,,,,,q1ba55r9sh,Sustainability WorkBook 5,1,29.83,Nos
,,,,,,kv5871v19n,Language Enrichment Book 5,1,33.56,Nos
,,,,,,kv5qovli8f,General Knowledge Bk 5,1,31.8,Nos
BOM-Grade 4 Mandate Textbook-001,Grade 4 Mandate Textbook,Inventre Edu Services Pvt Ltd,1,INR,1,neiksqiojf,Petals of English Coursebook 4,1,234,Nos
,,,,,,nei04u670s,Practice Worksheets Petals of English 4,1,132,Nos
,,,,,,neiu3aqrju,Living Maths 4,1,294.7,Nos
,,,,,,neihgrg1kd,Track Pad 2.1 4,1,223.6,Nos
,,,,,,neing6m2ee,Grooming Book 4,1,52.5,Nos
,,,,,,nei01u3isg,Sustainability WorkBook 4,1,26.44,Nos
,,,,,,gi87ublvna,Language Enrichment Book 4,1,34.58,Nos
,,,,,,gi816nh79m,The World Around Us 4,1,336,Nos
,,,,,,gi8aupklb5,General Knowledge Bk 4,1,37,Nos
,,,,,,gi850j5ebi,Essentials of English Grammar & Composition - 4,1,208,Nos
BOM-Grade 3 Mandate Textbook-001,Grade 3 Mandate Textbook,Inventre Edu Services Pvt Ltd,1,INR,1,l47al60rvk,Petals of English Coursebook 3,1,232,Nos
,,,,,,l47iba0vuq,Practice Worksheets Petals of English 3,1,128,Nos
,,,,,,og6bpl23nb,Essentials of English Grammar & Composition - 3,1,188.5,Nos
,,,,,,l47p34rghn,Language Enrichment Book 3,1,35.42,Nos
,,,,,,og6jpqvl6b,The World Around Us 3,1,330,Nos
,,,,,,l47a7h35o4,Living Maths 3,1,282.7,Nos
,,,,,,l476r080nc,Track Pad 2.1 3,1,213.3,Nos
,,,,,,l47tf6au2m,Grooming Book 3,1,48,Nos
,,,,,,l478r5iqqn,General Knowledge Bk 3,1,32.8,Nos
,,,,,,l47ji0aeri,Sustainability WorkBook 3,1,25.76,Nos
,,,,,,og69hm4vur,GEMS Atlas,1,215.5,Nos
BOM-Grade 2 Mandate Textbook-001,Grade 2 Mandate Textbook,Inventre Edu Services Pvt Ltd,1,INR,1,gt06l38t3l,Petals of English Coursebook 2,1,230,Nos
,,,,,,gt0e58d0hm,Practice Worksheets Petals of English 2,1,126,Nos
,,,,,,gt0daggnt8,Language Enrichment Book 2,1,0,Nos
,,,,,,gt06kn77mq,Living Maths 2,1,249.1,Nos
,,,,,,gt0gde802e,Step Well 2,1,189.75,Nos
,,,,,,gt0es4a8f8,Track Pad 2.1 2,1,182.3,Nos
,,,,,,gt0vg31ea3,Grooming Book 2,1,47,Nos
,,,,,,gt0mdvs9jr,General Knowledge Bk 2,1,0,Nos
,,,,,,gt0g51n02o,Sustainability WorkBook 2,1,25,Nos
BOM-SAS BP UKG MAGIC BOX GIRLS-001,SAS BP UKG MAGIC BOX GIRLS,Inventre Edu Services Pvt Ltd,1,INR,1,dafcqdtc3u,SAS BP PP Frock,2,0,Nos
,,,,,,dafbuda4ha,SAS BP Bloomers,1,0,Nos
,,,,,,dafaptqt18,SAS BP Regular Socks,2,0,Nos
,,,,,,daf7855eae,SAS BP Hoodies,1,0,Nos
,,,,,,dafg01fq2c,SAS BP Shoes,1,0,Nos
,,,,,,dafbdu2bvj,SAS BP PP Bag,1,0,Nos
,,,,,,lf8eod7uh2,SAS BP Grade UKG Bookkit,1,0,Nos
,,,,,,ob31giqlqn,SAS BP Caps,1,0,Nos
BOM-SAS BP UKG MAGIC BOX BOYS-001,SAS BP UKG MAGIC BOX BOYS,Inventre Edu Services Pvt Ltd,1,INR,1,bnfv8bn59u,SAS BP PP Shirt,2,0,Nos
,,,,,,bnfkct7vpg,SAS BP PP Half Pants,2,0,Nos
,,,,,,bnf2mou0p0,SAS BP Regular Socks,2,0,Nos
,,,,,,bnfgphjt33,SAS BP Belt,1,0,Nos
,,,,,,bnf5o2npn5,SAS BP Hoodies,1,0,Nos
,,,,,,bnf6rnju7d,SAS BP Shoes,1,0,Nos
,,,,,,bnfftt0e0q,SAS BP PP Bag,1,0,Nos
,,,,,,f30ilgeg1k,SAS BP Caps,1,0,Nos
,,,,,,l68usdk501,SAS BP Grade UKG Bookkit,1,0,Nos
BOM-SAS BP LKG MAGIC BOX GIRLS-001,SAS BP LKG MAGIC BOX GIRLS,Inventre Edu Services Pvt Ltd,1,INR,1,5dr0oq4rqu,SAS BP PP Frock,2,0,Nos
,,,,,,5drjkc77gn,SAS BP Bloomers,1,0,Nos
,,,,,,5dr6951h2p,SAS BP Regular Socks,2,0,Nos
,,,,,,5dr1ae1p5a,SAS BP Shoes,1,0,Nos
,,,,,,5drl6v122v,SAS BP PP Bag,1,0,Nos
,,,,,,5dr0e3pbgr,SAS BP Hoodies,1,0,Nos
,,,,,,q8fui6gmp9,SAS Suchitra Grade LKG Bookkit,1,0,Nos
,,,,,,o1et8jae8u,SAS BP Caps,1,0,Nos
BOM-SAS BP LKG MAGIC BOX BOYS-001,SAS BP LKG MAGIC BOX BOYS,Inventre Edu Services Pvt Ltd,1,INR,1,414ga3cu3b,SAS BP PP Shirt,2,0,Nos
,,,,,,414n4oebo2,SAS BP PP Half Pants,2,0,Nos
,,,,,,4143li4cb4,SAS BP Regular Socks,2,0,Nos
,,,,,,414g9juu18,SAS BP PP Bag,1,0,Nos
,,,,,,414lnb6nun,SAS BP Belt,1,0,Nos
,,,,,,414rk4m56s,SAS BP Hoodies,1,0,Nos
,,,,,,41477tvh8c,SAS BP Shoes,1,0,Nos
,,,,,,elfcsdee4r,SAS BP Caps,1,0,Nos
,,,,,,pgr012rlup,SAS Suchitra Grade LKG Bookkit,1,0,Nos
BOM-SAS BP NURSERY MAGIC BOX GIRLS-001,SAS BP NURSERY MAGIC BOX GIRLS,Inventre Edu Services Pvt Ltd,1,INR,1,2484g61m3d,SAS BP PP Frock,2,0,Nos
,,,,,,248on2257e,SAS BP Bloomers,1,0,Nos
,,,,,,248kc7bocd,SAS BP Regular Socks,2,0,Nos
,,,,,,2482eo7ghj,SAS BP Hoodies,1,0,Nos
,,,,,,248bi0eb7n,SAS BP Shoes,1,0,Nos
,,,,,,24859tshfl,SAS BP PP Bag,1,0,Nos
,,,,,,q0ock6u7v7,SAS Suchitra Grade Nursery Bookkit,1,0,Nos
,,,,,,niq8fp0oui,SAS BP Caps,1,0,Nos
BOM-SAS BP NURSERY MAGIC BOX BOYS-001,SAS BP NURSERY MAGIC BOX BOYS,Inventre Edu Services Pvt Ltd,1,INR,1,06p11opfv3,SAS BP PP Shirt,2,0,Nos
,,,,,,06pgb1i93m,SAS BP PP Half Pants,2,0,Nos
,,,,,,06pqaafeqe,SAS BP Regular Socks,2,0,Nos
,,,,,,06ppe10kf3,SAS BP Belt,1,0,Nos
,,,,,,06pcl1be59,SAS BP PP Bag,1,0,Nos
,,,,,,06pa6tsl68,SAS BP Hoodies,1,0,Nos
,,,,,,06pbhs3l6r,SAS BP Shoes,1,0,Nos
,,,,,,ed5ier8a7q,SAS BP Caps,1,0,Nos
,,,,,,p5vrtain47,SAS Suchitra Grade Nursery Bookkit,1,0,Nos
BOM-SAS KS UKG MAGIC BOX GIRLS-001,SAS KS UKG MAGIC BOX GIRLS,Inventre Edu Services Pvt Ltd,1,INR,1,oq3vn6to5k,SAS KS PP Frock,2,0,Nos
,,,,,,oq3e9qvfi0,SAS KS Bloomers,1,0,Nos
,,,,,,oq3hphdccp,SAS KS Regular Socks,2,0,Nos
,,,,,,oq34ikians,SAS KS Hoodie,1,0,Nos
,,,,,,oq3sfne9h4,SAS KS PP BAG,1,0,Nos
,,,,,,oq3kt8jchi,SAS KS Shoes,1,0,Nos
,,,,,,nivmd8q46f,SAS Keesara Grade UKG Bookkit,1,0,Nos
,,,,,,2hc6a2eufr,SAS KS CAPS,1,0,Nos
BOM-SAS KS UKG MAGIC BOX BOYS-001,SAS KS UKG MAGIC BOX BOYS,Inventre Edu Services Pvt Ltd,1,INR,1,mosun59iv2,SAS KS PP Shirt,2,0,Nos
,,,,,,mos5lb0prf,SAS KS Half Pants,2,0,Nos
,,,,,,mos4livckk,SAS KS Regular Socks,2,0,Nos
,,,,,,mos1spgsm8,SAS KS Belt,1,0,Nos
,,,,,,mos9a6ssvd,SAS KS Hoodie,1,0,Nos
,,,,,,mos6ivk6vo,SAS KS PP BAG,1,0,Nos
,,,,,,mos9e372lp,SAS KS Shoes,1,0,Nos
,,,,,,dqs1ijhlg9,SAS KS CAPS,1,0,Nos
,,,,,,n3fi19h9h1,SAS Keesara Grade UKG Bookkit,1,0,Nos
BOM-SAS KS LKG MAGIC BOX GIRLS-001,SAS KS LKG MAGIC BOX GIRLS,Inventre Edu Services Pvt Ltd,1,INR,1,j3clacnd7n,SAS KS PP Frock,2,0,Nos
,,,,,,j3cvp36gk5,SAS KS Bloomers,1,0,Nos
,,,,,,j3cl7onmre,SAS KS Regular Socks,2,0,Nos
,,,,,,j3c4ocj3uk,SAS KS Hoodie,1,0,Nos
,,,,,,j3cabs6r80,SAS KS PP BAG,1,0,Nos
,,,,,,j3c6q7mcqp,SAS KS Shoes,1,0,Nos
,,,,,,0fl963it8b,SAS Keesara Grade LKG Bookkit,1,0,Nos
,,,,,,28sacv2f2s,SAS KS CAPS,1,0,Nos
BOM-SAS KS LKG MAGIC BOX BOYS-001,SAS KS LKG MAGIC BOX BOYS,Inventre Edu Services Pvt Ltd,1,INR,1,hipv6hd04r,SAS KS PP Shirt,2,0,Nos
,,,,,,hiph0aepde,SAS KS Half Pants,2,0,Nos
,,,,,,hipu7aihab,SAS KS Regular Socks,2,0,Nos
,,,,,,hipmo6v3it,SAS KS Belt,1,0,Nos
,,,,,,hipna5hjpl,SAS KS Hoodie,1,0,Nos
,,,,,,hipqhd8ca2,SAS KS PP BAG,1,0,Nos
,,,,,,hips90rmd3,SAS KS Shoes,1,0,Nos
,,,,,,e4ibl85uoc,SAS KS CAPS,1,0,Nos
,,,,,,1i72iqfe7s,SAS Keesara Grade LKG Bookkit,1,0,Nos
BOM-SAS KS NURSERY MAGIC BOX GIRLS-001,SAS KS NURSERY MAGIC BOX GIRLS,Inventre Edu Services Pvt Ltd,1,INR,1,k4hf5nrrgv,SAS Keesara Grade Nursery Bookkit,1,0,Nos
BOM-SAS KS NURSERY MAGIC BOX BOYS-001,SAS KS NURSERY MAGIC BOX BOYS,Inventre Edu Services Pvt Ltd,1,INR,1,j7suu2jvfv,SAS Keesara Grade Nursery Bookkit,1,0,Nos
BOM-SAS Grade UKG Part 2-001,SAS Grade UKG Part 2,Inventre Edu Services Pvt Ltd,1,INR,1,6s9q5di685,Multi Skill Book 3,1,0,Nos
,,,,,,6s9h5rbup1,Language Enrichment Book UKG,1,0,Nos
BOM-SAS Grade LKG Part 2-001,SAS Grade LKG Part 2,Inventre Edu Services Pvt Ltd,1,INR,1,6jmbmbuagd,Multi Skill Book 2,1,0,Nos
BOM-SAS Grade Nursery Part 2-001,SAS Grade Nursery Part 2,Inventre Edu Services Pvt Ltd,1,INR,1,5jbjaohbos,Multi Skill Book 1,1,0,Nos
BOM-SAS Keesara Grade 1 Telugu 2nd Lan Hin 3rd Lan-001,SAS Keesara Grade 1 Telugu 2nd Lan Hin 3rd Lan,Inventre Edu Services Pvt Ltd,1,INR,1,192fslj6hc,Grade 1 Mandate Textbook,1,0,Nos
,,,,,,1920rhi73j,Grade 1 Textbook 2,1,0,Nos
,,,,,,192uqtmr4b,Grade 1 Telugu 2nd Lan Hin 3rd Lan,1,0,Nos
,,,,,,192sfqlil6,Grade 1 CM Notebook,1,0,Nos
,,,,,,192ipl7013,SAS Keesara Grade 1 Stationery,1,0,Nos
,,,,,,192tu890me,SAS Keesara Other,1,0,Nos
BOM-SAS Keesara Grade 1 Hindi 2nd Lan Tel 3rd Lan-001,SAS Keesara Grade 1 Hindi 2nd Lan Tel 3rd Lan,Inventre Edu Services Pvt Ltd,1,INR,1,0geiori5dq,Grade 1 Mandate Textbook,1,0,Nos
,,,,,,0gem8a4n94,Grade 1 Textbook 2,1,0,Nos
,,,,,,0gee6n888q,Grade 1 Hindi 2nd Lan Tel 3rd Lan,1,0,Nos
,,,,,,0ge8uik5db,Grade 1 CM Notebook,1,0,Nos
,,,,,,0geuqda08q,SAS Keesara Grade 1 Stationery,1,0,Nos
,,,,,,0ge6q17ka5,SAS Keesara Other,1,0,Nos
BOM-SAS Keesara Other-001,SAS Keesara Other,Inventre Edu Services Pvt Ltd,1,INR,1,vqkako5r8m,Worksheet,1,300,Nos
,,,,,,vqkam10ujv,SAS KS Almanac,1,75,Nos
,,,,,,vqkeginmkr,SAS KS Mini Almanac,1,0,Nos
,,,,,,vqknbjo0vo,SAS KS ID Card,1,78,Nos
,,,,,,vqkfsn6vhg,Packaging & Transport,1,300,Nos
BOM-SAS Keesara Grade 1 Stationery-001,SAS Keesara Grade 1 Stationery,Inventre Edu Services Pvt Ltd,1,INR,1,v8abad6j51,Fevistik,1,12.5,Nos
,,,,,,v8adn5bb61,Colour Pencils - Set of 12,1,0,Nos
,,,,,,v8adgpr1c8,Colour Pencils - Set of 12,1,0,Nos
,,,,,,v8a6jaai1s,Red pencil (Nataraj),2,0,Nos
,,,,,,v8ansqi5hf,Erasers,2,0,Nos
,,,,,,v8a101401c,Sharpener,2,0,Nos
,,,,,,v8a1rca8ej,Transparent Roll,1,33.9,Nos
,,,,,,v8anc48so3,SAS KS Label Sheet,2,4.24,Nos
,,,,,,v8ar6plut6,SAS Flat File,1,13.14,Nos
,,,,,,v8a2c0ml5h,Legal Size Button Folder,1,0,Nos
,,,,,,v8a07sj8rb,Normal Crayons - set of 12,1,0,Nos
,,,,,,v8auh0an8g,A4 Size Colour Paper Packet (25 sheets),1,19.49,Nos
BOM-SAS Suchitra Grade 1 Telugu 2nd Lan Hin 3rd Lan-001,SAS Suchitra Grade 1 Telugu 2nd Lan Hin 3rd Lan,Inventre Edu Services Pvt Ltd,1,INR,1,q6l3lh0qqh,Grade 1 Mandate Textbook,1,0,Nos
,,,,,,q6l6k4u7b1,Grade 1 Textbook 2,1,0,Nos
,,,,,,q6lkcln5pl,Grade 1 Telugu 2nd Lan Hin 3rd Lan,1,0,Nos
,,,,,,q6l814sajd,Grade 1 CM Notebook,1,0,Nos
,,,,,,q6lkv39a6f,SAS Suchitra Grade 1 Stationery,1,0,Nos
,,,,,,q6lv6hj9i3,SAS Suchitra Other,1,0,Nos
BOM-SAS Suchitra Grade 1 Hindi 2nd Lan Tel 3rd Lan-001,SAS Suchitra Grade 1 Hindi 2nd Lan Tel 3rd Lan,Inventre Edu Services Pvt Ltd,1,INR,1,p5si47hrih,Grade 1 Mandate Textbook,1,0,Nos
,,,,,,p5suf22cfm,Grade 1 Textbook 2,1,0,Nos
,,,,,,p5s5d1l721,Grade 1 Hindi 2nd Lan Tel 3rd Lan,1,0,Nos
,,,,,,p5s987v8t3,Grade 1 CM Notebook,1,0,Nos
,,,,,,p5smd73o2e,SAS Suchitra Grade 1 Stationery,1,0,Nos
,,,,,,p5sekg8q2m,SAS Suchitra Other,1,0,Nos
BOM-SAS Suchitra Other-001,SAS Suchitra Other,Inventre Edu Services Pvt Ltd,1,INR,1,o1nqgkagg7,Worksheet,1,300,Nos
,,,,,,o1nks2f2o8,SAS BP Almanac,1,75,Nos
,,,,,,o1nj253lvl,SAS BP Mini Almanac,1,0,Nos
,,,,,,o1n7kt0t5q,SAS BP ID Card,1,78,Nos
,,,,,,o1nko9avdl,Packaging & Transport,1,300,Nos
BOM-SAS Suchitra Grade 1 Stationery-001,SAS Suchitra Grade 1 Stationery,Inventre Edu Services Pvt Ltd,1,INR,1,luivag9i94,Fevistik,1,12.5,Nos
,,,,,,lui6ba9nks,Colour Pencils - Set of 12,1,0,Nos
,,,,,,lui1e547eq,Pencils (1 box),1,0,Nos
,,,,,,lui0q8ivp0,Red pencil (Nataraj),2,0,Nos
,,,,,,lui2t2b4f1,Erasers,2,0,Nos
,,,,,,luigl24emc,Sharpener,2,0,Nos
,,,,,,luif0csdi0,Transparent Roll,1,33.9,Nos
,,,,,,luidepkjbm,SAS BP Label Sheet,2,4.24,Nos
,,,,,,luivkm8dm6,SAS Flat File,1,13.14,Nos
,,,,,,luipkjqj5h,Legal Size Button Folder,1,0,Nos
,,,,,,luip0b083b,Normal Crayons - set of 12,1,0,Nos
,,,,,,luipkrfu3a,A4 Size Colour Paper Packet (25 sheets),1,19.49,Nos
BOM-Grade 1 CM Notebook-001,Grade 1 CM Notebook,Inventre Edu Services Pvt Ltd,1,INR,1,k1vl8oh9sk,CM Crown 100 Pages Four Ruled,6,22.5,Nos
,,,,,,k1v8iqu412,CM Crown 100 Pages Double Ruled,4,22.5,Nos
,,,,,,k1v0pnjpbl,CM Crown 100 Pages Small Check Ruled,3,22.5,Nos
,,,,,,k1vtiqefun,CM 50 Pages Plain Drawing Book,1,22.93,Nos
BOM-Grade 1 Telugu 2nd Lan Hin 3rd Lan-001,Grade 1 Telugu 2nd Lan Hin 3rd Lan,Inventre Edu Services Pvt Ltd,1,INR,1,isj23lul7b,Saraswati Telugu-Book 1,1,105,Nos
,,,,,,isjim6vcv6,Akshar Gyaan,1,120,Nos
BOM-Grade 1 Hindi 2nd Lan Tel 3rd Lan-001,Grade 1 Hindi 2nd Lan Tel 3rd Lan,Inventre Edu Services Pvt Ltd,1,INR,1,i9m1mm2dj5,Navbharti Revised 1,1,168,Nos
,,,,,,i9m2q03ps4,Saraswati Telugu- UKG,1,80,Nos
BOM-Grade 1 Textbook 2-001,Grade 1 Textbook 2,Inventre Edu Services Pvt Ltd,1,INR,1,cf12208t67,Magic World Cursive Writing 1,1,93.5,Nos
BOM-Grade 1 Mandate Textbook-001,Grade 1 Mandate Textbook,Inventre Edu Services Pvt Ltd,1,INR,1,b9lkd1o033,Petals of English Coursebook 1,1,226,Nos
,,,,,,b9l59un890,Practice Worksheets Petals of English 1,1,124,Nos
,,,,,,b9l2ovvg2j,Language Enrichment Book 1,1,0,Nos
,,,,,,b9lslcnkhu,Living Maths 1,1,222.7,Nos
,,,,,,b9li7ii7rf,Step Well 1,1,178.75,Nos
,,,,,,b9li6fpvr9,Track Pad 2.1 1,1,163.4,Nos
,,,,,,b9lfseju62,Grooming Book 1,1,45.5,Nos
,,,,,,b9ltmfv2pc,General Knowledge Bk 1,1,0,Nos
,,,,,,b9le0nqk7a,Sustainability WorkBook 1,1,28.98,Nos
,,,,,,b9l4kh0dce,Fitzroy Reader Book 11-20 (Phonics Readers Stories),1,0,Nos
BOM-SAS Keesara Grade UKG Telugu-001,SAS Keesara Grade UKG Telugu,Inventre Edu Services Pvt Ltd,1,INR,1,8ahf3l6mng,Saraswati Telugu- UKG,1,80,Nos
BOM-SAS Keesara Grade UKG Hindi-001,SAS Keesara Grade UKG Hindi,Inventre Edu Services Pvt Ltd,1,INR,1,7vs0674rrg,Hindi Praveshika Workbook,1,0,Nos
BOM-SAS Keesara Grade UKG Telugu 2nd Language-001,SAS Keesara Grade UKG Telugu 2nd Language,Inventre Edu Services Pvt Ltd,1,INR,1,64n698aoho,SAS Keesara Grade UKG Textbook,1,0,Nos
,,,,,,64nio4ncre,SAS Keesara Grade UKG Notebook,1,0,Nos
,,,,,,64n393qen1,SAS Keesara Grade UKG Stationery,1,0,Nos
,,,,,,64n1nt5v2s,SAS Keesara Grade UKG Other,1,0,Nos
,,,,,,7df5vt7odt,SAS Keesara Grade UKG Telugu,1,0,Nos
,,,,,,8ev21b4gkc,SAS Grade UKG Part 2,1,0,Nos
BOM-SAS Keesara Grade UKG Hindi 2nd Language-001,SAS Keesara Grade UKG Hindi 2nd Language,Inventre Edu Services Pvt Ltd,1,INR,1,5797t8v5bp,SAS Keesara Grade UKG Textbook,1,0,Nos
,,,,,,5793f01j55,SAS Keesara Grade UKG Notebook,1,0,Nos
,,,,,,5793rem7oo,SAS Keesara Grade UKG Stationery,1,0,Nos
,,,,,,579qj2b5uc,SAS Keesara Grade UKG Other,1,0,Nos
,,,,,,7l80klkjhg,SAS Keesara Grade UKG Hindi,1,0,Nos
,,,,,,8lj7ophe3l,SAS Grade UKG Part 2,1,0,Nos
BOM-SAS Keesara Grade UKG Other-001,SAS Keesara Grade UKG Other,Inventre Edu Services Pvt Ltd,1,INR,1,4affdqcivg,Worksheet,1,300,Nos
,,,,,,4afslpvno8,SAS KS Almanac,1,75,Nos
,,,,,,4afvj85o70,SAS KS Mini Almanac,1,0,Nos
,,,,,,4afahq58f5,SAS KS ID Card,1,78,Nos
,,,,,,4afhdc7fhv,Packaging & Transport,1,300,Nos
BOM-SAS Keesara Grade UKG Stationery-001,SAS Keesara Grade UKG Stationery,Inventre Edu Services Pvt Ltd,1,INR,1,3reu5746v0,Normal Crayons - set of 12,2,0,Nos
,,,,,,3re6n2lc92,Modeling Clay,1,92.5,Nos
,,,,,,3re101du6l,Pencils (1 box),1,0,Nos
,,,,,,3reqkjgn2k,Erasers,5,0,Nos
,,,,,,3reg550rag,Sharpener,2,0,Nos
,,,,,,3re5ehk7is,Fevistik,1,12.5,Nos
,,,,,,3reugp8s0k,Poster Paint (6 Shades),1,50,Nos
,,,,,,3re3mmb9h0,SAS KS Label Sheet,1,4.24,Nos
,,,,,,3ree5680ui,Transparent Roll,1,33.9,Nos
,,,,,,3re11qdr01,Cello Tape,1,0,Nos
,,,,,,3reeb47fum,Ice Cream Sticks Packet,1,0,Nos
,,,,,,3re4bt32t2,Colour Pencils - Set of 12,1,0,Nos
,,,,,,3reqc7lnpa,A4 Size Colour Paper Packet (25 sheets),1,19.49,Nos
BOM-SAS Keesara Grade UKG Notebook-001,SAS Keesara Grade UKG Notebook,Inventre Edu Services Pvt Ltd,1,INR,1,27al7pqi43,CM Crown 100 Pages Four Ruled,2,22.5,Nos
,,,,,,27aimbuhi9,CM Crown 100 Pages Medium Check Ruled,2,22.5,Nos
,,,,,,27arcnni3u,CM Crown 100 Pages Double Ruled,1,22.5,Nos
,,,,,,27aohpbcak,CM 50 Pages Plain Drawing Book,1,22.93,Nos
BOM-SAS Keesara Grade UKG Textbook-001,SAS Keesara Grade UKG Textbook,Inventre Edu Services Pvt Ltd,1,INR,1,14jnfjfcnc,Literacy Book Part A -3 Version 2,1,134,Nos
,,,,,,14j38u0esk,Literacy Book Part B -3 Version 2,1,116,Nos
,,,,,,14jeqe4i32,Literacy Book Part C -3 Version 2,1,125.95,Nos
,,,,,,14j8r5g5a5,Numeracy Book Part A -3 Version 2,1,131.04,Nos
,,,,,,14jnpgsco8,Numeracy Book Part B -3 Version 2,1,123.2,Nos
,,,,,,14jrvq2mj7,Numeracy Book Part C -3 Version 2,1,123.2,Nos
,,,,,,14jdu5vpba,Sustainability WorkBook UKG,1,37.12,Nos
,,,,,,14jdoljksv,Fitzroy Reader Book 1-10 (Phonics Readers Stories),1,0,Nos
BOM-SAS Keesara Grade LKG Bookkit-001,SAS Keesara Grade LKG Bookkit,Inventre Edu Services Pvt Ltd,1,INR,1,vrqpruprh6,SAS Keesara Grade LKG Textbook,1,0,Nos
,,,,,,vrq1cgsc3q,SAS Keesara Grade LKG Notebook,1,0,Nos
,,,,,,vrqkkstcud,SAS Keesara Grade LKG Stationery,1,0,Nos
,,,,,,vrqfudt2ro,SAS Keesara Grade LKG Other,1,0,Nos
,,,,,,856vug6i7c,SAS Grade LKG Part 2,1,0,Nos
BOM-SAS Keesara Grade LKG Other-001,SAS Keesara Grade LKG Other,Inventre Edu Services Pvt Ltd,1,INR,1,ub9isd1ogb,Worksheet,1,300,Nos
,,,,,,ub9ndans5r,SAS KS Almanac,1,75,Nos
,,,,,,ub99bsrfrn,SAS KS Mini Almanac,1,0,Nos
,,,,,,ub97epgm90,SAS KS ID Card,1,78,Nos
,,,,,,ub95buff0b,Packaging & Transport,1,300,Nos
BOM-SAS Keesara Grade LKG Stationery-001,SAS Keesara Grade LKG Stationery,Inventre Edu Services Pvt Ltd,1,INR,1,totdkop9bd,Normal Crayons - set of 12,2,0,Nos
,,,,,,totap2l5on,Modeling Clay,2,92.5,Nos
,,,,,,tot1jn44sb,Slate,1,0,Nos
,,,,,,totpuakmd7,Slate Pencil,1,0,Nos
,,,,,,totf664nsf,Pencils (1 box),1,0,Nos
,,,,,,tote159bvm,Erasers,5,0,Nos
,,,,,,totu7fhppe,Sharpener,2,0,Nos
,,,,,,totvh5fuca,Fevistik,1,12.5,Nos
,,,,,,totkvo03fm,Poster Paint (6 Shades),1,50,Nos
,,,,,,tot6kkd592,SAS KS Label Sheet,1,4.24,Nos
,,,,,,totfq8lnbh,Transparent Roll,1,33.9,Nos
,,,,,,tot7s4panv,Cello Tape,1,0,Nos
,,,,,,tot4n6gm40,Ice Cream Sticks Packet,1,0,Nos
,,,,,,tot1jdag9c,Colour Pencils - Set of 12,1,0,Nos
,,,,,,totr9n8f01,A4 Size Colour Paper Packet (25 sheets),1,19.49,Nos
BOM-SAS Keesara Grade LKG Notebook-001,SAS Keesara Grade LKG Notebook,Inventre Edu Services Pvt Ltd,1,INR,1,qpgr5331hd,CM Crown 100 Pages Four Ruled,2,22.5,Nos
,,,,,,qpgg7iqhqb,CM Crown 100 Pages Medium Check Ruled,2,22.5,Nos
,,,,,,qpgh9b9omi,CM 50 Pages Plain Drawing Book,1,22.93,Nos
BOM-SAS Keesara Grade LKG Textbook-001,SAS Keesara Grade LKG Textbook,Inventre Edu Services Pvt Ltd,1,INR,1,pvif0kivpl,Literacy Book Part A -2 Version 2,1,141,Nos
,,,,,,pvipvt56qf,Literacy Book Part B -2 Version 2,1,97,Nos
,,,,,,pvit98drt6,Literacy Book Part C -2 Version 2,1,38.5,Nos
,,,,,,pvi7u3trr7,Numeracy Book Part A -2 Version 2,1,162.84,Nos
,,,,,,pvinuv7cuk,Numeracy Book Part B -2 Version 2,1,186.44,Nos
,,,,,,pvid8l36aq,Numeracy Book Part C -2 Version 2,1,53.1,Nos
BOM-SAS Keesara Grade Nursery Bookkit-001,SAS Keesara Grade Nursery Bookkit,Inventre Edu Services Pvt Ltd,1,INR,1,6j5jkaivvj,SAS Keesara Grade Nursery Textbook,1,0,Nos
,,,,,,6j5pankp7a,SAS Keesara Grade Nursery Notebook,1,0,Nos
,,,,,,6j5gru2k20,SAS Keesara Grade Nursery Stationery,1,0,Nos
,,,,,,6j5np31tp6,SAS Keesara Grade Nursery Other,1,0,Nos
,,,,,,7vannllvq3,SAS Grade Nursery Part 2,1,0,Nos
BOM-SAS Keesara Grade Nursery Other-001,SAS Keesara Grade Nursery Other,Inventre Edu Services Pvt Ltd,1,INR,1,46rnoe9bb2,Worksheet,1,300,Nos
,,,,,,46r5iofcrf,SAS KS Almanac,1,75,Nos
,,,,,,46ru9kr179,SAS KS Mini Almanac,1,0,Nos
,,,,,,46reva343q,SAS KS ID Card,1,78,Nos
,,,,,,46r3q3djl9,Packaging & Transport,1,300,Nos
BOM-SAS Keesara Grade Nursery Stationery-001,SAS Keesara Grade Nursery Stationery,Inventre Edu Services Pvt Ltd,1,INR,1,06rcgnei2p,Jumbo Crayons,2,38.35,Nos
,,,,,,06r7ckivoc,Modeling Clay,2,0,Nos
,,,,,,06rblcjl12,Slate,1,0,Nos
,,,,,,06reidvcao,Slate Pencil,1,0,Nos
,,,,,,06rabc39q6,Fevistik,1,0,Nos
,,,,,,06rvrnb78d,Poster Paint (6 Shades),1,50,Nos
,,,,,,06r2cm21fq,SAS KS Label Sheet,1,4.24,Nos
,,,,,,06rr98ke3e,Transparent Roll,1,33.9,Nos
,,,,,,06rfihv9rm,Cello Tape,1,0,Nos
,,,,,,06rhs51g0v,Ice Cream Sticks Packet,1,0,Nos
BOM-SAS Keesara Grade Nursery Notebook-001,SAS Keesara Grade Nursery Notebook,Inventre Edu Services Pvt Ltd,1,INR,1,u84tjpqb1a,CM 50 Pages Plain Drawing Book,1,22.93,Nos
BOM-SAS Keesara Grade Nursery Textbook-001,SAS Keesara Grade Nursery Textbook,Inventre Edu Services Pvt Ltd,1,INR,1,shld0iucb8,Literacy Book Part A -1 Version 2,1,0,Nos
,,,,,,shl37ej9cp,Literacy Book Part B -1 Version 2,1,0,Nos
,,,,,,shl8qtv0bg,Literacy Book Part C -1 Version 2,1,0,Nos
,,,,,,shlk5tah68,Numeracy Book Part A -1 Version 2,1,0,Nos
,,,,,,shl70ra1c4,Numeracy Book Part B -1 Version 2,1,0,Nos
,,,,,,shlqb52j76,Numeracy Book Part C -1 Version 2,1,0,Nos
BOM-SAS Suchitra Grade UKG Telugu 2nd Lan-001,SAS Suchitra Grade UKG Telugu 2nd Lan,Inventre Edu Services Pvt Ltd,1,INR,1,m2tjeckfos,SAS Suchitra Grade UKG Textbook,1,0,Nos
,,,,,,m2tirkhqjd,SAS Suchitra Grade UKG Telugu,1,0,Nos
,,,,,,m2tcg228nh,SAS Suchitra Grade UKG Notebook,1,0,Nos
,,,,,,m2t0u8llun,SAS Suchitra Grade UKG Stationery,1,0,Nos
,,,,,,m2tbqbfjp3,SAS Suchitra Grade UKG Other,1,0,Nos
,,,,,,7qidcmkp0g,SAS Grade UKG Part 2,1,0,Nos
BOM-SAS Suchitra Grade UKG Hindi 2nd Lan-001,SAS Suchitra Grade UKG Hindi 2nd Lan,Inventre Edu Services Pvt Ltd,1,INR,1,lb06e597eg,SAS Suchitra Grade UKG Textbook,1,0,Nos
,,,,,,lb0805v2i5,SAS Suchitra Grade UKG Hindi,1,0,Nos
,,,,,,lb03c9uume,SAS Suchitra Grade UKG Notebook,1,0,Nos
,,,,,,lb09fa2ges,SAS Suchitra Grade UKG Stationery,1,0,Nos
,,,,,,lb0knvkpmk,SAS Suchitra Grade UKG Other,1,0,Nos
,,,,,,7itnk9alr6,SAS Grade UKG Part 2,1,0,Nos
BOM-SAS Suchitra Grade UKG Telugu-001,SAS Suchitra Grade UKG Telugu,Inventre Edu Services Pvt Ltd,1,INR,1,kdeq7fkbs5,Saraswati Telugu- UKG,1,0,Nos
BOM-SAS Suchitra Grade UKG Hindi-001,SAS Suchitra Grade UKG Hindi,Inventre Edu Services Pvt Ltd,1,INR,1,k3bgehlda7,Hindi Praveshika Workbook,1,0,Nos
BOM-SAS Suchitra Grade UKG Other-001,SAS Suchitra Grade UKG Other,Inventre Edu Services Pvt Ltd,1,INR,1,jofmjj5bpk,Worksheet,1,300,Nos
,,,,,,jofiu0d7vb,SAS BP Almanac,1,75,Nos
,,,,,,jofkg3t13e,SAS BP Mini Almanac,1,0,Nos
,,,,,,jofug7o591,SAS BP ID Card,1,78,Nos
,,,,,,59vnlqcsq1,Packaging & Transport,1,300,Nos
BOM-SAS Suchitra Grade UKG Stationery-001,SAS Suchitra Grade UKG Stationery,Inventre Edu Services Pvt Ltd,1,INR,1,j40qrsppev,Normal Crayons - set of 12,2,0,Nos
,,,,,,j40t0kgfg2,Modeling Clay,1,0,Nos
,,,,,,j409cj4v2b,Pencils (1 box),1,0,Nos
,,,,,,j40gah52fr,Erasers,5,0,Nos
,,,,,,j40tjh19ut,Sharpener,2,0,Nos
,,,,,,j40969ij61,Fevistik,1,0,Nos
,,,,,,j407ip2c5l,Poster Paint (6 Shades),1,50,Nos
,,,,,,j40lgvcv7b,SAS BP Label Sheet,1,4.24,Nos
,,,,,,j40gl7f50g,Transparent Roll,1,33.9,Nos
,,,,,,j40045aom2,Cello Tape,1,0,Nos
,,,,,,j40rhh82e6,Ice Cream Sticks Packet,1,0,Nos
,,,,,,j40i34sjb9,Colour Pencils - Set of 12,1,0,Nos
,,,,,,j40m6mqbk8,A4 Size Colour Paper Packet (25 sheets),1,19.49,Nos
BOM-SAS Suchitra Grade UKG Notebook-001,SAS Suchitra Grade UKG Notebook,Inventre Edu Services Pvt Ltd,1,INR,1,hbuo6qs642,CM Crown 100 Pages Four Ruled,2,22.5,Nos
,,,,,,hbu3r6103o,CM Crown 100 Pages Double Ruled,1,22.5,Nos
,,,,,,hbutg89c5q,CM Crown 100 Pages Medium Check Ruled,2,22.5,Nos
,,,,,,hbu3cls1eu,CM 50 Pages Plain Drawing Book,1,22.93,Nos
BOM-SAS Suchitra Grade UKG Textbook-001,SAS Suchitra Grade UKG Textbook,Inventre Edu Services Pvt Ltd,1,INR,1,ff2r6k9dms,Literacy Book Part A -3 Version 2,1,0,Nos
,,,,,,ff2sav7lc4,Literacy Book Part B -3 Version 2,1,0,Nos
,,,,,,ff22qvfmf9,Literacy Book Part C -3 Version 2,1,0,Nos
,,,,,,ff2k17961p,Numeracy Book Part A -3 Version 2,1,0,Nos
,,,,,,ff2r1abt5v,Numeracy Book Part B -3 Version 2,1,0,Nos
,,,,,,ff29mbmrlg,Numeracy Book Part C -3 Version 2,1,0,Nos
,,,,,,ff2i0r3l22,Sustainability WorkBook UKG,1,37.12,Nos
,,,,,,ff2ruttd6b,Fitzroy Reader Book 1-10 (Phonics Readers Stories),1,0,Nos
BOM-SAS Suchitra Grade LKG Bookkit-001,SAS Suchitra Grade LKG Bookkit,Inventre Edu Services Pvt Ltd,1,INR,1,confes1dba,SAS Suchitra Grade LKG Textbook,1,0,Nos
,,,,,,con6phbp39,SAS Suchitra Grade LKG Notebook,1,0,Nos
,,,,,,confnukb4p,SAS Suchitra Grade LKG Stationery,1,0,Nos
,,,,,,conlh4ubqr,SAS Suchitra Grade LKG Other,1,0,Nos
,,,,,,7bbnaqct2m,SAS Grade LKG Part 2,1,0,Nos
BOM-SAS Suchitra Grade LKG Other-001,SAS Suchitra Grade LKG Other,Inventre Edu Services Pvt Ltd,1,INR,1,acfrcgp6d3,Worksheet,1,300,Nos
,,,,,,acf76o6rfr,SAS BP Almanac,1,75,Nos
,,,,,,acftvpmip7,SAS BP Mini Almanac,1,0,Nos
,,,,,,acf74142g1,SAS BP ID Card,1,78,Nos
,,,,,,acfs9qp0lm,Packaging & Transport,1,300,Nos
BOM-SAS Suchitra Grade LKG Stationery-001,SAS Suchitra Grade LKG Stationery,Inventre Edu Services Pvt Ltd,1,INR,1,98fb82gv4b,Normal Crayons - set of 12,2,0,Nos
,,,,,,98fiems9ak,Modeling Clay,2,0,Nos
,,,,,,98frb1j2el,Pencils (1 box),1,0,Nos
,,,,,,98fba8ge0t,Erasers,5,0,Nos
,,,,,,98fae63bkt,Sharpener,2,0,Nos
,,,,,,98f0i087fj,Fevistik,1,0,Nos
,,,,,,98fiqup607,Poster Paint (6 Shades),1,50,Nos
,,,,,,98f490ahv6,SAS BP Label Sheet,1,4.24,Nos
,,,,,,98fitd2mb6,Slate,1,0,Nos
,,,,,,98fg9hfe18,Slate Pencil,1,0,Nos
,,,,,,98fiohq4rb,Transparent Roll,1,33.9,Nos
,,,,,,98f3uostfb,Cello Tape,1,0,Nos
,,,,,,98fmck28ec,Ice Cream Sticks Packet,1,0,Nos
,,,,,,98fp6melbg,Colour Pencils - Set of 12,1,0,Nos
,,,,,,98fs9e92hl,A4 Size Colour Paper Packet (25 sheets),1,19.49,Nos
BOM-SAS Suchitra Grade LKG Notebook-001,SAS Suchitra Grade LKG Notebook,Inventre Edu Services Pvt Ltd,1,INR,1,oc8c7f2e17,CM Crown 100 Pages Four Ruled,2,22.5,Nos
,,,,,,oc8qjm3qcc,CM Crown 100 Pages Medium Check Ruled,2,22.5,Nos
,,,,,,oc8v4va0o7,CM 50 Pages Plain Drawing Book,1,22.93,Nos
BOM-SAS Suchitra Grade LKG Textbook-001,SAS Suchitra Grade LKG Textbook,Inventre Edu Services Pvt Ltd,1,INR,1,lr1e5ojii3,Literacy Book Part A -2 Version 2,1,0,Nos
,,,,,,lr1ip53i4l,Literacy Book Part B -2 Version 2,1,0,Nos
,,,,,,lr1as3qbui,Literacy Book Part C -2 Version 2,1,0,Nos
,,,,,,lr1k68fspl,Numeracy Book Part A -2 Version 2,1,0,Nos
,,,,,,lr1nbe4mah,Numeracy Book Part B -2 Version 2,1,0,Nos
,,,,,,lr1mfb8r31,Numeracy Book Part C -2 Version 2,1,0,Nos
BOM-SAS Suchitra Grade Nursery Bookkit-001,SAS Suchitra Grade Nursery Bookkit,Inventre Edu Services Pvt Ltd,1,INR,1,it3998q15m,SAS Suchitra Grade Nursery Textbook,1,0,Nos
,,,,,,it36goa09p,SAS Suchitra Grade Nursery Notebook,1,0,Nos
,,,,,,it3t60pe4s,SAS Suchitra Grade Nursery Stationery,1,0,Nos
,,,,,,it3vnmij8a,SAS Suchitra Grade Nursery Other,1,0,Nos
,,,,,,749cheicvo,SAS Grade Nursery Part 2,1,0,Nos
BOM-SAS Suchitra Grade Nursery Other-001,SAS Suchitra Grade Nursery Other,Inventre Edu Services Pvt Ltd,1,INR,1,egh0rtqb0u,Worksheet,1,300,Nos
,,,,,,egh04fpi68,SAS BP Almanac,1,75,Nos
,,,,,,eghn82vuge,SAS BP Mini Almanac,1,0,Nos
,,,,,,egho9mmgvc,SAS BP ID Card,1,78,Nos
,,,,,,aj1l4edmkq,Packaging & Transport,1,300,Nos
BOM-SAS Suchitra Grade Nursery Stationery-001,SAS Suchitra Grade Nursery Stationery,Inventre Edu Services Pvt Ltd,1,INR,1,9rkodmg5na,Jumbo Crayons,1,38.35,Nos
,,,,,,9rkmten55g,Modeling Clay,1,0,Nos
,,,,,,9rk6kctju7,Slate,1,0,Nos
,,,,,,9rk00b1ebr,Slate Pencil,1,0,Nos
,,,,,,9rkvfbh9ek,Poster Paint (6 Shades),1,50,Nos
,,,,,,bp3suf9jtq,Fevistik,1,0,Nos
,,,,,,bp3dcgsb6n,SAS BP Label Sheet,1,4.24,Nos
,,,,,,bp3b1e41af,Transparent Roll,1,33.9,Nos
,,,,,,bp3isaor42,Cello Tape,1,0,Nos
,,,,,,bp3p5hq34r,Ice Cream Sticks Packet,1,0,Nos
BOM-SAS Suchitra Grade Nursery Notebook-001,SAS Suchitra Grade Nursery Notebook,Inventre Edu Services Pvt Ltd,1,INR,1,722i5tnrq4,CM 50 Pages Plain Drawing Book,1,22.93,Nos
BOM-SAS Suchitra Grade Nursery Textbook-001,SAS Suchitra Grade Nursery Textbook,Inventre Edu Services Pvt Ltd,1,INR,1,48vouftke9,Literacy Book Part A -1 Version 2,1,0,Nos
,,,,,,48vahn02o6,Literacy Book Part B -1 Version 2,1,0,Nos
,,,,,,48vrqin4eu,Literacy Book Part C -1 Version 2,1,0,Nos
,,,,,,48vvork5ha,Numeracy Book Part A -1 Version 2,1,0,Nos
,,,,,,48v2l38aui,Numeracy Book Part B -1 Version 2,1,0,Nos
,,,,,,48vk65j6m9,Numeracy Book Part C -1 Version 2,1,0,Nos
,,,,,,48vcq1uet4,Pattern Book Step 01 Version 2,1,0,Nos
BOM-WM WF Magic box Girls Grade 9-001,WM WF Magic box Girls Grade 9,Inventre Edu Services Pvt Ltd,1,INR,1,chrss5tn4t,WM WF Girls Shirt,2,0,Nos
,,,,,,chr032ji47,WM WF Skirt,2,0,Nos
,,,,,,chrn874kd1,WM WF Sports T-Shirt,1,0,Nos
,,,,,,chrs14tq7l,WM WF Sports Pant,1,0,Nos
,,,,,,chrc8m6m5i,WM WF Regular Socks,2,0,Nos
,,,,,,chrp2golct,WM WF Sports Socks,1,0,Nos
,,,,,,chrsgfuq1l,WM WF Belt,1,0,Nos
,,,,,,chr2cffjei,WM WF Caps,1,0,Nos
,,,,,,chrpgcs9p3,WM WF HOODIE,1,0,Nos
,,,,,,chr9vqkdu8,WM WF Sec Bag,1,0,Nos
,,,,,,8gkccv6ltp,WM WF Shoes,1,0,Nos
,,,,,,r3tajf12q4,WM WF Grade 9 Bookkit,1,0,Nos
BOM-WM WF Magic box Girls Grade 10-001,WM WF Magic box Girls Grade 10,Inventre Edu Services Pvt Ltd,1,INR,1,a8gjtjrkls,WM WF Girls Shirt,2,0,Nos
,,,,,,a8gv8ee9gm,WM WF Skirt,2,0,Nos
,,,,,,a8gmb04ki8,WM WF Sports T-Shirt,1,0,Nos
,,,,,,a8g6epd8i6,WM WF Sports Pant,1,0,Nos
,,,,,,a8gp3q12io,WM WF Regular Socks,2,0,Nos
,,,,,,a8gqui5pv7,WM WF Sports Socks,1,0,Nos
,,,,,,a8gnpst9jj,WM WF Belt,1,0,Nos
,,,,,,a8gmb3oh4g,WM WF Caps,1,0,Nos
,,,,,,a8grtrq80q,WM WF HOODIE,1,0,Nos
,,,,,,a8g7ehl3vm,WM WF Sec Bag,1,0,Nos
,,,,,,89m1gnrj2p,WM WF Shoes,1,0,Nos
,,,,,,uj280hvqqr,WM WF Grade 10 Bookkit,1,0,Nos
BOM-WM WF Magic box Boys Grade 10-001,WM WF Magic box Boys Grade 10,Inventre Edu Services Pvt Ltd,1,INR,1,52liavp7cf,WM WF Boys Shirt,2,0,Nos
,,,,,,52lfh2qbjh,WM WF Full Pants,2,0,Nos
,,,,,,52li9ddbjm,WM WF Sports T-Shirt,1,0,Nos
,,,,,,52l5eg1ukt,WM WF Sports Pant,1,0,Nos
,,,,,,52l4irl0u5,WM WF Regular Socks,2,0,Nos
,,,,,,52lcli01tp,WM WF Sports Socks,1,0,Nos
,,,,,,52l5eqks92,WM WF Belt,1,0,Nos
,,,,,,52l54o9p6q,WM WF Caps,1,0,Nos
,,,,,,52lbm9auc3,WM WF HOODIE,1,0,Nos
,,,,,,52l5t6971l,WM WF Sec Bag,1,0,Nos
,,,,,,815hk60qd9,WM WF Shoes,1,0,Nos
,,,,,,crqi3oc3v1,WM WF Grade 10 Bookkit,1,0,Nos
BOM-WM WF Magic box Boys Grade 9-001,WM WF Magic box Boys Grade 9,Inventre Edu Services Pvt Ltd,1,INR,1,pc8t131tqd,WM WF Boys Shirt,2,0,Nos
,,,,,,pc822sdurn,WM WF Full Pants,2,0,Nos
,,,,,,pc8ml0iic3,WM WF Sports T-Shirt,1,0,Nos
,,,,,,pc8rohgep3,WM WF Sports Pant,1,0,Nos
,,,,,,pc8c693npl,WM WF Regular Socks,2,0,Nos
,,,,,,pc8i8uq3gf,WM WF Sports Socks,1,0,Nos
,,,,,,pc8kbs0vob,WM WF Belt,1,0,Nos
,,,,,,pc8abh0g3p,WM WF Caps,1,0,Nos
,,,,,,pc8pb42un4,WM WF HOODIE,1,0,Nos
,,,,,,pc8tolo0gs,WM WF Sec Bag,1,0,Nos
,,,,,,7phu5i6aua,WM WF Shoes,1,0,Nos
,,,,,,qlvlbssf0j,WM WF Grade 9 Bookkit,1,0,Nos
BOM-YIPS Magicbox Boys Grade 3-001,YIPS Magicbox Boys Grade 3,Inventre Edu Services Pvt Ltd,1,INR,1,pbhpprnrb3,YIPS Shirt,2,0,Nos
,,,,,,pbhgj8ream,YIPS Half Pants,2,0,Nos
,,,,,,pbhtdq00o7,YIPS Sports RNT,1,0,Nos
,,,,,,pbhtsfhvh7,YIPS Track Shorts,1,0,Nos
,,,,,,pbho50jlh7,YIPS Socks,3,0,Nos
,,,,,,pbh43e30t3,YIPS Belt,1,0,Nos
,,,,,,pbh43jg43m,YIPS Scarf,1,0,Nos
,,,,,,pbh1jqf9vc,YIPS Caps,1,0,Nos
,,,,,,pbhtmdkin5,YIPS Bag,1,0,Nos
,,,,,,pbh0etg541,YIPS Bottle,1,0,Nos
,,,,,,pbhs0082g1,YIPS Shoes,1,0,Nos
BOM-YIPS Magicbox Boys Grade 2-001,YIPS Magicbox Boys Grade 2,Inventre Edu Services Pvt Ltd,1,INR,1,m013vmrce7,YIPS Shirt,2,0,Nos
,,,,,,m013697b1m,YIPS Half Pants,2,0,Nos
,,,,,,m01bpipm3b,YIPS Sports RNT,1,0,Nos
,,,,,,m01g1jg7og,YIPS Track Shorts,1,0,Nos
,,,,,,m01ti8gjbm,YIPS Socks,3,0,Nos
,,,,,,m011kj6mf6,YIPS Belt,1,0,Nos
,,,,,,m01438n7s9,YIPS Scarf,1,0,Nos
,,,,,,m01ga9s68l,YIPS Caps,1,0,Nos
,,,,,,m01nrv2ogd,YIPS Bag,1,0,Nos
,,,,,,m01ijns4m6,YIPS Bottle,1,0,Nos
,,,,,,m014g6atgs,YIPS Shoes,1,0,Nos
BOM-YIPS Magicbox Boys Grade 1-001,YIPS Magicbox Boys Grade 1,Inventre Edu Services Pvt Ltd,1,INR,1,doa051nc0a,YIPS Shirt,2,0,Nos
,,,,,,doafua7goo,YIPS Half Pants,2,0,Nos
,,,,,,doatuaetq8,YIPS Sports RNT,1,0,Nos
,,,,,,doae8kofcl,YIPS Track Shorts,1,0,Nos
,,,,,,doaaq845qb,YIPS Socks,3,0,Nos
,,,,,,doa7bu0k19,YIPS Belt,1,0,Nos
,,,,,,doajeen6v6,YIPS Scarf,1,0,Nos
,,,,,,doa5t8p8ue,YIPS Caps,1,0,Nos
,,,,,,doa1ei5g5k,YIPS Bag,1,0,Nos
,,,,,,doasdi0pcn,YIPS Bottle,1,0,Nos
,,,,,,doa3a8hl57,YIPS Shoes,1,0,Nos
BOM-YIPS Magicbox Boys Grade 4-001-1,YIPS Magicbox Boys Grade 4,Inventre Edu Services Pvt Ltd,1,INR,1,p6e268a391,YIPS Shirt,2,0,Nos
,,,,,,p6e2igskoa,YIPS Half Pants,2,0,Nos
,,,,,,p6ernoum6u,YIPS Sports RNT,1,0,Nos
,,,,,,p6e8m3msq3,YIPS Track Shorts,1,0,Nos
,,,,,,p6e9ghqds9,YIPS Socks,3,0,Nos
,,,,,,p6ebfrrp67,YIPS Belt,1,0,Nos
,,,,,,p6e9ii1cp5,YIPS Caps,1,0,Nos
,,,,,,p6e1q5554n,YIPS Scarf,1,0,Nos
,,,,,,p6e3lqed6d,YIPS Bottle,1,0,Nos
,,,,,,p6eofjrctn,YIPS Shoes,1,0,Nos
BOM-YIPS Magicbox Girls Grade 6-001,YIPS Magicbox Girls Grade 6,Inventre Edu Services Pvt Ltd,1,INR,1,fo2jl3qprs,YIPS Shirt,2,0,Nos
,,,,,,fo28jbsr7t,YIPS Skirt,2,0,Nos
,,,,,,fo2jcmmjld,YIPS Sports RNT,1,0,Nos
,,,,,,fo2u2emq21,YIPS Track Pant,1,0,Nos
,,,,,,fo20e3ffiu,YIPS Socks,3,0,Nos
,,,,,,fo23bugaj4,YIPS Belt,1,0,Nos
,,,,,,fo2rqjes6v,YIPS Scarf,1,0,Nos
,,,,,,fo23fg44br,YIPS Caps,1,0,Nos
,,,,,,fo2ddpdvv0,YIPS Bag,1,0,Nos
,,,,,,fo2d85sctv,YIPS Bottle,1,0,Nos
,,,,,,fo2d6ebb83,YIPS Shoes,1,0,Nos
BOM-YIPS Magicbox Girls Grade 5-001,YIPS Magicbox Girls Grade 5,Inventre Edu Services Pvt Ltd,1,INR,1,jfo6kan67k,YIPS Shirt,2,0,Nos
,,,,,,jfohhuprb5,YIPS Skirt,2,0,Nos
,,,,,,jfonmkkq5e,YIPS Sports RNT,1,0,Nos
,,,,,,jfo9s93t6a,YIPS Track Shorts,1,0,Nos
,,,,,,jfotmundv5,YIPS Socks,3,0,Nos
,,,,,,jfob6neg88,YIPS Belt,1,0,Nos
,,,,,,jfof4jnsv3,YIPS Scarf,1,0,Nos
,,,,,,jfojb89473,YIPS Caps,1,0,Nos
,,,,,,jfoc0vbnln,YIPS Bag,1,0,Nos
,,,,,,jfod7b82i5,YIPS Bottle,1,0,Nos
,,,,,,jfo7e26kj2,YIPS Shoes,1,0,Nos
BOM-Winmore Jakkur Grade 9 French 2nd Lan-001,Winmore Jakkur Grade 9 French 2nd Lan,Inventre Edu Services Pvt Ltd,1,INR,1,i7godtl06p,WM JK Grade 9 Textbook,1,0,Nos
,,,,,,i7gealgj3i,WM JK Grade 9 French,1,0,Nos
,,,,,,i7guig5imj,WM JK Grade 9 Notebook 2,1,0,Nos
,,,,,,i7ghkrb7ke,WM JK Grade 9 Other,1,0,Nos
,,,,,,i7gbpguhql,WM JK Grade 9 Part 2,1,0,Nos
,,,,,,i7ga0q76to,WM JK Grade 9 Program,1,0,Nos
,,,,,,i7g3h5gguh,WM JK Grade 9 Stationery,1,0,Nos
BOM-YIPS Magicbox Girls Grade 4-001,YIPS Magicbox Girls Grade 4,Inventre Edu Services Pvt Ltd,1,INR,1,g38fn0fcho,YIPS Shirt,2,0,Nos
,,,,,,g382j8o95p,YIPS Skirt,2,0,Nos
,,,,,,g387f8djkc,YIPS Sports RNT,1,0,Nos
,,,,,,g38b4g4jan,YIPS Track Shorts,1,0,Nos
,,,,,,g38dhg3lu1,YIPS Socks,3,0,Nos
,,,,,,g382gvmn2l,YIPS Belt,1,0,Nos
,,,,,,g389q8lcvh,YIPS Scarf,1,0,Nos
,,,,,,g385dsr997,YIPS Caps,1,0,Nos
,,,,,,g38ts90j7p,YIPS Bag,1,0,Nos
,,,,,,g38tgbnqlg,YIPS Bottle,1,0,Nos
,,,,,,g38tuef1tn,YIPS Shoes,1,0,Nos
BOM-YIPS Magicbox Girls Grade 3-001,YIPS Magicbox Girls Grade 3,Inventre Edu Services Pvt Ltd,1,INR,1,bsg8n3tlpj,YIPS Shirt,2,0,Nos
,,,,,,bsgs6gd56o,YIPS Skirt,2,0,Nos
,,,,,,bsg7edmpqu,YIPS Sports RNT,1,0,Nos
,,,,,,bsgrmgbolo,YIPS Track Shorts,1,0,Nos
,,,,,,bsgolua28u,YIPS Socks,3,0,Nos
,,,,,,bsg2ou3d8n,YIPS Scarf,1,0,Nos
,,,,,,bsg9k5bi3b,YIPS Belt,1,0,Nos
,,,,,,bsgf5k4rcb,YIPS Caps,1,0,Nos
,,,,,,bsgj32k7p6,YIPS Bag,1,0,Nos
,,,,,,bsgd94utl7,YIPS Bottle,1,0,Nos
,,,,,,bsg8vopl43,YIPS Shoes,1,0,Nos
BOM-YIPS Magicbox Girls Grade 2-001,YIPS Magicbox Girls Grade 2,Inventre Edu Services Pvt Ltd,1,INR,1,7r0sjbcrij,YIPS Shirt,2,0,Nos
,,,,,,7r09ms3pea,YIPS Skirt,2,0,Nos
,,,,,,7r00mmpq6n,YIPS Sports RNT,1,0,Nos
,,,,,,7r0kigkd7f,YIPS Track Shorts,1,0,Nos
,,,,,,7r0esfi7au,YIPS Socks,3,0,Nos
,,,,,,7r0tlpk89u,YIPS Belt,1,0,Nos
,,,,,,7r08p0vmiu,YIPS Scarf,1,0,Nos
,,,,,,7r0khm5tv0,YIPS Caps,1,0,Nos
,,,,,,7r0p95s6n6,YIPS Bag,1,0,Nos
,,,,,,7r08314qv4,YIPS Bottle,1,0,Nos
,,,,,,7r0p8ovce5,YIPS Shoes,1,0,Nos
BOM-YIPS Magicbox Girls Grade 1-001,YIPS Magicbox Girls Grade 1,Inventre Edu Services Pvt Ltd,1,INR,1,2jvhpq27og,YIPS Shirt,2,0,Nos
,,,,,,2jvql8g2h4,YIPS Skirt,2,0,Nos
,,,,,,2jvghg6ddk,YIPS Sports RNT,1,0,Nos
,,,,,,2jvvjag4r4,YIPS Track Shorts,1,0,Nos
,,,,,,2jvtccqj3t,YIPS Socks,3,0,Nos
,,,,,,2jvgsg1dr4,YIPS Belt,1,0,Nos
,,,,,,2jvdk7s06n,YIPS Scarf,1,0,Nos
,,,,,,2jvkasqs1q,YIPS Caps,1,0,Nos
,,,,,,2jvl4u3g6h,YIPS Bag,1,0,Nos
,,,,,,2jvhjib2mu,YIPS Bottle,1,0,Nos
,,,,,,2jv4unr6r5,YIPS Shoes,1,0,Nos
BOM-YIPS Magicbox Boys Grade 6-001,YIPS Magicbox Boys Grade 6,Inventre Edu Services Pvt Ltd,1,INR,1,0nuait2qc3,YIPS Shirt,2,0,Nos
,,,,,,0nusgjqdgh,YIPS Full Pants,2,0,Nos
,,,,,,0nussrmm91,YIPS Sports RNT,1,0,Nos
,,,,,,0nuqo4bqmn,YIPS Track Pant,1,0,Nos
,,,,,,0nutndldqe,YIPS Socks,3,0,Nos
,,,,,,0nubjkh0et,YIPS Belt,1,0,Nos
,,,,,,0nuijcgr33,YIPS Scarf,1,0,Nos
,,,,,,0nud4qp2al,YIPS Caps,1,0,Nos
,,,,,,0nu43b7tsa,YIPS Bag,1,0,Nos
,,,,,,0nuv64g1jc,YIPS Bottle,1,0,Nos
,,,,,,0nu3tk0v24,YIPS Shoes,1,0,Nos
BOM-YIPS Magicbox Boys Grade 5-001,YIPS Magicbox Boys Grade 5,Inventre Edu Services Pvt Ltd,1,INR,1,u4p93gouhm,YIPS Shirt,2,0,Nos
,,,,,,u4plqgf64v,YIPS Half Pants,2,0,Nos
,,,,,,u4pvthb6mr,YIPS Sports RNT,1,0,Nos
,,,,,,u4p7p08fq8,YIPS Track Shorts,1,0,Nos
,,,,,,u4p4o9k3j0,YIPS Socks,3,0,Nos
,,,,,,u4p2v3nu2t,YIPS Belt,1,0,Nos
,,,,,,u4p9q9o0vg,YIPS Caps,1,0,Nos
,,,,,,u4p2c4du3m,YIPS Scarf,1,0,Nos
,,,,,,u4pn7d4aj1,YIPS Bag,1,0,Nos
,,,,,,u4pavtroo9,YIPS Bottle,1,0,Nos
,,,,,,u4ps9u4but,YIPS Shoes,1,0,Nos
BOM-YIPS Magicbox Boys Grade 4-001,YIPS Magicbox Boys Grade 4,Inventre Edu Services Pvt Ltd,1,INR,1,rriokd9oio,YIPS Shirt,2,0,Nos
,,,,,,rri1le22kq,YIPS Half Pants,2,0,Nos
,,,,,,rric1323nc,YIPS Sports RNT,1,0,Nos
,,,,,,rrird3s38k,YIPS Track Shorts,1,0,Nos
,,,,,,rrihka62mg,YIPS Socks,2,0,Nos
,,,,,,rri0vkf1uk,YIPS Belt,1,0,Nos
,,,,,,rriipipnac,YIPS Caps,1,0,Nos
,,,,,,rri5vik87e,YIPS Scarf,1,0,Nos
,,,,,,rri03m31er,YIPS Bottle,1,0,Nos
,,,,,,rrilg4icst,YIPS Shoes,1,0,Nos
BOM-Winmore Whitefield Grade 9 Kannada 2nd Lan-001,Winmore Whitefield Grade 9 Kannada 2nd Lan,Inventre Edu Services Pvt Ltd,1,INR,1,7a0h58vs5o,WM WF Grade 9 Textbook,1,0,Nos
,,,,,,7a0k91tmno,WM WF Grade 9 Notebook 2,1,0,Nos
,,,,,,7a064igjda,WM WF Grade 9 Stationery,1,0,Nos
,,,,,,7a0bg3bjso,WM WF Grade 9 Program,1,0,Nos
,,,,,,7a0h9m1q08,WM WF Grade 9 Other,1,0,Nos
,,,,,,7a0e277vaq,WM WF Grade 9 Kannada,1,0,Nos
,,,,,,7a0j1mv2p7,WM WF Grade 9 Part 2,1,0,Nos
BOM-Winmore Whitefield Grade 9 Hindi 2nd Lan-001,Winmore Whitefield Grade 9 Hindi 2nd Lan,Inventre Edu Services Pvt Ltd,1,INR,1,6kiddttrfd,WM WF Grade 9 Textbook,1,0,Nos
,,,,,,6ki40p6pqk,WM WF Grade 9 Hindi,1,0,Nos
,,,,,,6kiqqkhq24,WM WF Grade 9 Notebook,1,0,Nos
,,,,,,6kia02huhf,WM WF Grade 9 Stationery,1,0,Nos
,,,,,,6kiul4ffne,WM WF Grade 9 Program,1,0,Nos
,,,,,,6kik4idk21,WM WF Grade 9 Other,1,0,Nos
,,,,,,6kihujndfa,WM WF Grade 9 Part 2,1,0,Nos
BOM-WM WF Grade 9 Kannada-001,WM WF Grade 9 Kannada,Inventre Edu Services Pvt Ltd,1,INR,1,5v3atqmsjq,Siri Kannada 9,1,0,Nos
BOM-WM WF Grade 9 Part 2-001,WM WF Grade 9 Part 2,Inventre Edu Services Pvt Ltd,1,INR,1,5nkplnm43q,Beehive,1,0,Nos
,,,,,,5nkg7nht2n,Moments - English Suppl. Rdr,1,0,Nos
,,,,,,5nkhmcp53j,Maths Textbook 9,1,0,Nos
,,,,,,5nkb1k2e82,Maths Textbook RS Agarwal 9,1,0,Nos
,,,,,,5nk8ekrqlh,Science Textbook 9,1,0,Nos
,,,,,,5nklrvlf70,Contemporary India - Geography Grade 9,1,0,Nos
,,,,,,5nkoumjuaa,India & Contemporary World History Grade 9,1,0,Nos
,,,,,,5nk0cu2tsj,Democratic Politics Grade 9,1,0,Nos
,,,,,,5nk63h16pp,Economics Textbook,1,0,Nos
,,,,,,5nkar0ejej,Words and Expressions 1,1,0,Nos
,,,,,,5nkbmgmd9h,WM WF Mini Almanac,1,17.7,Nos
BOM-WM WF Grade 9 Notebook 2-001,WM WF Grade 9 Notebook 2,Inventre Edu Services Pvt Ltd,1,INR,1,44orkufecr,Crown 200 pages Single ruled,11,0,Nos
,,,,,,44oe7au9ds,Crown 200 pages Maths ruled,6,38,Nos
,,,,,,44ouair20c,200 Pages OSR Single Ruled Record Book,2,76,Nos
,,,,,,44or782rkt,100 Pages OSR Single Ruled Record Book,2,0,Nos
,,,,,,44ok3m52vo,50 Pages Plain Drawing Book,1,0,Nos
,,,,,,44oi520e33,Long 50 Pages Graph Book,1,0,Nos
,,,,,,44ot5o2qbn,Crown 100 pages Plain Book,1,0,Nos
BOM-WM WF Grade 9 Other-001,WM WF Grade 9 Other,Inventre Edu Services Pvt Ltd,1,INR,1,34skqhlp20,Annual Health Screening,1,250,Nos
,,,,,,34sc9fa3l6,Assessment Sheets/Answer Sheets,1,320,Nos
,,,,,,34s1htiokt,Farewell,1,50,Nos
,,,,,,34sjo0iutk,Worksheet,1,300,Nos
,,,,,,34sb60fpd8,WM WF Almanac,1,88.5,Nos
,,,,,,34sk6u2la6,WM WF ID Card,1,78,Nos
,,,,,,7qpcpfs2t8,Packaging & Transport,1,300,Nos
BOM-WM WF Grade 9 Program-001,WM WF Grade 9 Program,Inventre Edu Services Pvt Ltd,1,INR,1,29s70poc12,Opendoor Thinking Assessment - Winmore,1,566.4,Nos
,,,,,,29strj7etk,Robotics Kit 9,1,0,Nos
BOM-WM WF Grade 9 Stationery-001,WM WF Grade 9 Stationery,Inventre Edu Services Pvt Ltd,1,INR,1,1vl8nc88j9,Winmore Flat File,1,13.14,Nos
,,,,,,1vlqfijdjp,File Folder,10,4.45,Nos
,,,,,,1vlkfevocb,A4 Size Colour Paper Packet (25 sheets),1,19.49,Nos
,,,,,,1vl2loo2em,Transparent Roll,2,33.9,Nos
,,,,,,1vlmnc5bg5,WM WF Label Sheet,2,5,Nos
,,,,,,1vl7vbq722,Poster Paint (6 Shades),1,50,Nos
,,,,,,1vlk8ehouk,"Flat Brushes - Size 1,3,5,6",1,88.75,Nos
,,,,,,1vlp3629iu,A4 Size Plain Sheets (25 sheets),1,18.64,Nos
BOM-WM WF Grade 9 Notebook-001,WM WF Grade 9 Notebook,Inventre Edu Services Pvt Ltd,1,INR,1,ln7o0dmrnh,Crown 200 pages Single ruled,12,0,Nos
,,,,,,ln7307meha,Crown 200 pages Maths ruled,6,38,Nos
,,,,,,ln7ka3asn1,Crown 100 pages Plain Book,1,0,Nos
,,,,,,ln7rdako85,200 Pages OSR Single Ruled Record Book,2,76,Nos
,,,,,,ln7e0tbpju,100 Pages OSR Single Ruled Record Book,2,0,Nos
,,,,,,ln7vosohh0,Long 50 Pages Graph Book,1,0,Nos
,,,,,,ln7al08ogj,50 Pages Plain Drawing Book,1,0,Nos
BOM-WM WF Grade 9 Hindi-001,WM WF Grade 9 Hindi,Inventre Edu Services Pvt Ltd,1,INR,1,kku1d43r15,Anmol hindi Vyakaran thatha rachana - 9,1,0,Nos
,,,,,,kkua0es7v9,WM WF Grade 9 Hindi Part 2,1,0,Nos
BOM-WM WF Grade 9 Hindi Part 2-001,WM WF Grade 9 Hindi Part 2,Inventre Edu Services Pvt Ltd,1,INR,1,kamf6vh70l,Sparsh Grade 9,1,0,Nos
,,,,,,kamj84vslr,Sanchayan I,1,0,Nos
BOM-WM WF Grade 9 Textbook-001,WM WF Grade 9 Textbook,Inventre Edu Services Pvt Ltd,1,INR,1,juhm0pk20l,Math Lab Manual 9,1,0,Nos
,,,,,,juh1bttgg6,Science Exempler Problems 9,1,0,Nos
,,,,,,juh0oskk6b,Laboratory Manual Science 9,1,0,Nos
BOM-WM JK Grade 9 French-001,WM JK Grade 9 French,Inventre Edu Services Pvt Ltd,1,INR,1,d8es85n9k1,Entre Jeunes (WorkBook) Gr 9,1,0,Nos
BOM-WM JK Grade 9 Notebook 2-001,WM JK Grade 9 Notebook 2,Inventre Edu Services Pvt Ltd,1,INR,1,8seht16uuf,Crown 200 pages Single ruled,11,0,Nos
,,,,,,8seo9qmsj4,Crown 200 pages Maths ruled,6,38,Nos
,,,,,,8seoe80i54,200 Pages OSR Single Ruled Record Book,2,76,Nos
,,,,,,8sevqjbdsc,100 Pages OSR Single Ruled Record Book,2,0,Nos
,,,,,,8sem7rvf2s,Long 50 Pages Graph Book,1,0,Nos
,,,,,,8sespa4rss,Crown 100 pages Plain Book,1,0,Nos
,,,,,,8seffp0sof,50 Pages Plain Drawing Book,1,0,Nos
BOM-WM JK Grade 9 Kannada-001,WM JK Grade 9 Kannada,Inventre Edu Services Pvt Ltd,1,INR,1,7bstipdj64,Siri Kannada 9,1,0,Nos
BOM-Winmore Jakkur Grade 9 Kannada 2nd Lan-001,Winmore Jakkur Grade 9 Kannada 2nd Lan,Inventre Edu Services Pvt Ltd,1,INR,1,711bchebjl,WM JK Grade 9 Textbook,1,0,Nos
,,,,,,711udsc3tp,WM JK Grade 9 Kannada,1,0,Nos
,,,,,,711sn88gen,WM JK Grade 9 Notebook 2,1,0,Nos
,,,,,,7111k6q2ru,WM JK Grade 9 Stationery,1,0,Nos
,,,,,,711d8k8vq0,WM JK Grade 9 Program,1,0,Nos
,,,,,,711rjane44,WM JK Grade 9 Other,1,0,Nos
,,,,,,711mg280qk,WM JK Grade 9 Part 2,1,0,Nos
BOM-WM JK Grade 9 Hindi Part 2-001,WM JK Grade 9 Hindi Part 2,Inventre Edu Services Pvt Ltd,1,INR,1,5c60mp9co9,Sparsh Grade 9,1,0,Nos
,,,,,,5c6vvvhukl,Sanchayan I,1,0,Nos
BOM-WM JK Grade 9 Hindi-001,WM JK Grade 9 Hindi,Inventre Edu Services Pvt Ltd,1,INR,1,4vdk0sea1a,Anmol hindi Vyakaran thatha rachana - 9,1,0,Nos
,,,,,,4vdrapjri5,WM JK Grade 9 Hindi Part 2,1,0,Nos
BOM-WM JK Grade 9 Part 2-001,WM JK Grade 9 Part 2,Inventre Edu Services Pvt Ltd,1,INR,1,ubrosrn3ms,Beehive,1,0,Nos
,,,,,,ubrls9io7l,Moments - English Suppl. Rdr,1,0,Nos
,,,,,,ubr6b5irqg,Words and Expressions 1,1,0,Nos
,,,,,,ubrief2u54,Maths Textbook 9,1,0,Nos
,,,,,,ubr4f1m2e6,Science Textbook 9,1,0,Nos
,,,,,,ubr308epr3,Contemporary India - Geography Grade 9,1,0,Nos
,,,,,,ubrt3dajlk,India & Contemporary World History Grade 9,1,0,Nos
,,,,,,ubrf4vgefu,Democratic Politics Grade 9,1,0,Nos
,,,,,,ubr1hr4ck5,Economics Textbook,1,0,Nos
,,,,,,3b44ts19hi,Maths Textbook RS Agarwal 9,1,0,Nos
,,,,,,3qiimttjm0,WM JK Mini Almanac,1,0,Nos
BOM-WM JK Grade 9 Other-001,WM JK Grade 9 Other,Inventre Edu Services Pvt Ltd,1,INR,1,srkd2dur9u,Annual Health Screening,1,250,Nos
,,,,,,srkvbe55aq,Assessment Sheets/Answer Sheets,1,320,Nos
,,,,,,srka1ns6pe,Farewell,1,50,Nos
,,,,,,srkqs2i56m,Worksheet,1,300,Nos
,,,,,,srkbmujkgr,WM JK Almanac,1,88.5,Nos
,,,,,,srkb1nif4s,WM JK ID Card,1,78,Nos
,,,,,,t3cn1b195b,Packaging & Transport,1,300,Nos
BOM-WM JK Grade 9 Program-001,WM JK Grade 9 Program,Inventre Edu Services Pvt Ltd,1,INR,1,s16f37o7u0,Opendoor Thinking Assessment - Winmore,1,566.4,Nos
,,,,,,s1697edikh,Robotics Kit 9,1,0,Nos
BOM-WM JK Grade 9 Stationery-001,WM JK Grade 9 Stationery,Inventre Edu Services Pvt Ltd,1,INR,1,rc2plo4i8f,Winmore Flat File,1,13.14,Nos
,,,,,,rc21oe8jdb,File Folder,10,4.45,Nos
,,,,,,rc2f7d0d28,A4 Size Colour Paper Packet (25 sheets),1,19.49,Nos
,,,,,,rc2vmueccl,Transparent Roll,2,33.9,Nos
,,,,,,rc26blj7r6,WM JK Label Sheet,2,5,Nos
,,,,,,rc2ikdqk8a,Poster Paint (6 Shades),1,50,Nos
,,,,,,rc2ja5eipf,"Flat Brushes - Size 1,3,5,6",1,88.75,Nos
,,,,,,rc2s4qj8c6,A4 Size Plain Sheets (25 sheets),1,18.64,Nos
BOM-WM JK Grade 9 Notebook-001,WM JK Grade 9 Notebook,Inventre Edu Services Pvt Ltd,1,INR,1,q52j242kaj,Crown 200 pages Single ruled,12,0,Nos
,,,,,,q5274m3jhr,Crown 200 pages Maths ruled,6,38,Nos
,,,,,,q52q4c9ac0,50 Pages Plain Drawing Book,1,0,Nos
,,,,,,q52udj1qfk,200 Pages OSR Single Ruled Record Book,2,76,Nos
,,,,,,q5243nip2f,100 Pages OSR Single Ruled Record Book,2,0,Nos
,,,,,,q52rugr7c4,Long 50 Pages Graph Book,1,0,Nos
,,,,,,97p6bjpc2k,Crown 100 pages Plain Book,1,0,Nos
BOM-WM JK Grade 9 Textbook-001,WM JK Grade 9 Textbook,Inventre Edu Services Pvt Ltd,1,INR,1,ov5473ao2k,Maths Lab Manual 9,1,0,Nos
,,,,,,ov5m72ejle,Science Exempler Problems 9,1,0,Nos
,,,,,,ov52mqcoru,Laboratory Manual Science 9,1,0,Nos
BOM-Winmore Jakkur Grade 9 Hindi 2nd Lan-001,Winmore Jakkur Grade 9 Hindi 2nd Lan,Inventre Edu Services Pvt Ltd,1,INR,1,nsia7gcn7j,WM JK Grade 9 Textbook,1,0,Nos
,,,,,,nsimflv4cq,WM JK Grade 9 Hindi,1,0,Nos
,,,,,,nsih3cosv5,WM JK Grade 9 Notebook,1,0,Nos
,,,,,,nsiqqtgpce,WM JK Grade 9 Stationery,1,0,Nos
,,,,,,nsicjn09f3,WM JK Grade 9 Program,1,0,Nos
,,,,,,nsi8uhgp3b,WM JK Grade 9 Other,1,0,Nos
,,,,,,nsic7a7qsv,WM JK Grade 9 Part 2,1,0,Nos
BOM-CAS LR CBSE Grade 12 Computer Science-001,CAS LR CBSE Grade 12 Computer Science,Inventre Edu Services Pvt Ltd,1,INR,1,s4r9qo7b43,Computer Science with python for Class 12 (Sumit Arora),1,0,Nos
,,,,,,s4r71bf17f,Crown 200 pages Single ruled,1,0,Nos
BOM-CAS LR CBSE Grade 12 Applied Mathematics-001,CAS LR CBSE Grade 12 Applied Mathematics,Inventre Edu Services Pvt Ltd,1,INR,1,q0vio7fdof,Applied Mathematics Textbook - ML Aggarwal -Grade XII,1,624,Nos
,,,,,,q0vn5npbd5,Crown 200 pages Single ruled,1,0,Nos
BOM-CAS LR CBSE Grade 12 Psychology-001,CAS LR CBSE Grade 12 Psychology,Inventre Edu Services Pvt Ltd,1,INR,1,pbfour9s6l,Psychology Class 12,1,106.25,Nos
,,,,,,pbft7iv68d,Crown 200 pages Single ruled,1,0,Nos
BOM-CAS LR CBSE Grade 12 History-001,CAS LR CBSE Grade 12 History,Inventre Edu Services Pvt Ltd,1,INR,1,ou3gdlh9ca,"Themes in World History, Class XII - Part 1",1,106.25,Nos
,,,,,,ou3c0kochm,"Themes in World History, Class XII - Part 2",1,106.25,Nos
,,,,,,ou3eja9l0g,"Themes in World History, Class XII - Part 3",1,110.5,Nos
,,,,,,ou3hrfmhba,Crown 200 pages Single ruled,1,0,Nos
BOM-CAS LR CBSE Grade 12 Political Science-001,CAS LR CBSE Grade 12 Political Science,Inventre Edu Services Pvt Ltd,1,INR,1,o2rhk5rj4i,Politics In India Since Independence Class 12,1,136,Nos
,,,,,,o2rj9un1gv,Contemporary World Politics Class 12,1,0,Nos
,,,,,,o2r5aran8u,Crown 200 pages Single ruled,1,0,Nos
BOM-CAS LR CBSE Grade 12 Biology-001,CAS LR CBSE Grade 12 Biology,Inventre Edu Services Pvt Ltd,1,INR,1,n7qcrvrgsi,Biology Text Book for class 12,1,144.49,Nos
,,,,,,n7qb8ntu8j,Comprehensive Lab Manual -Biology Class 12,1,269,Nos
,,,,,,ncb5r3b4nm,Crown 200 pages Single ruled,1,0,Nos
BOM-CAS LR CBSE Grade 12 Physical Education-001,CAS LR CBSE Grade 12 Physical Education,Inventre Edu Services Pvt Ltd,1,INR,1,mnnjgdo317,A Text Book Of Physical Education CBSE Class 12,1,237.6,Nos
,,,,,,mnnib0actp,Crown 200 pages Single ruled,1,0,Nos
BOM-CAS LR CBSE Grade 12 Commerce Part 2-001,CAS LR CBSE Grade 12 Commerce Part 2,Inventre Edu Services Pvt Ltd,1,INR,1,lsuf5l4e35,Analysis of Financial Statements - TS Grewal,1,0,Nos
,,,,,,lsu1i947ca,Accounting for Not-for-Profit Organisations & Partnership Firms - TS Grewal,1,0,Nos
,,,,,,lsui4ejli3,Accounting for Companies - TS Grewal,1,0,Nos
,,,,,,m2eri241k1,Introductory Macro Economics and Indian Economics Development,1,0,Nos
BOM-CAS LR CBSE Grade 12 Commerce-001,CAS LR CBSE Grade 12 Commerce,Inventre Edu Services Pvt Ltd,1,INR,1,lbga5ee5t1,Business Studies for Class 12 Part 1,1,89.25,Nos
,,,,,,lbgji4adtr,Business Studies for Class 12 Part 2,1,42.5,Nos
,,,,,,lbgaapodgf,Macro Economics for Class 12,1,72,Nos
,,,,,,lbgdg2irg9,Indian Economic Development for Grade 11,1,102,Nos
,,,,,,lbgj1vg5qe,Crown 200 pages Single ruled,3,0,Nos
,,,,,,lbgql05obr,CAS LR CBSE Grade 12 Commerce Part 2,1,0,Nos
BOM-CAS LR CBSE Grade 12 PCB-001,CAS LR CBSE Grade 12 PCB,Inventre Edu Services Pvt Ltd,1,INR,1,jr9edn1kdi,Biology Text Book for class 12,1,144.49,Nos
,,,,,,jr9aepuav7,Comprehensive Lab Manual -Biology Class 12,1,269,Nos
,,,,,,jr94943ktd,Chemistry Text for Class 12 – Part 1,1,110.5,Nos
,,,,,,jr95ahebep,Chemistry Text for Class 12 – Part 2,1,102,Nos
,,,,,,jr9dvncgvu,PhysicsText for Class 12 – Part 1,1,131.75,Nos
,,,,,,jr9tabo49l,PhysicsText for Class 12 – Part 2,1,89.25,Nos
,,,,,,jr9663fro4,Practical skills in Physics 12,1,272.8,Nos
,,,,,,jr9gm4ut40,Crown 200 pages Single ruled,1,0,Nos
,,,,,,jr90n92f4k,CAS LR CBSE Grade 12 Chemistry Part 2,1,0,Nos
BOM-CAS LR CBSE Grade 12 Chemistry Part 2-001,CAS LR CBSE Grade 12 Chemistry Part 2,Inventre Edu Services Pvt Ltd,1,INR,1,i9k4da1psf,Comprehensive Lab Manual - Chemistry Class 12,1,0,Nos
BOM-CAS LR CBSE Grade 12 PCM-001,CAS LR CBSE Grade 12 PCM,Inventre Edu Services Pvt Ltd,1,INR,1,h6sv5fdchi,Mathematics Textbook for Class 12 Part I,1,93.5,Nos
,,,,,,h6sp1st4i0,Mathematics Textbook for Class 12 Part II,1,97.74,Nos
,,,,,,h6svto6s2e,Mathematics NCERT Exemplar Lab Manual,1,0,Nos
,,,,,,h6sooq2phi,PhysicsText for Class 12 – Part 1,1,131.75,Nos
,,,,,,h6sdmdr223,PhysicsText for Class 12 – Part 2,1,89.25,Nos
,,,,,,h6spqt3jdn,Practical skills in Physics 12,1,272.8,Nos
,,,,,,h6s525dnte,Chemistry Text for Class 12 – Part 1,1,110.5,Nos
,,,,,,h6s742oao7,Chemistry Text for Class 12 – Part 2,1,102,Nos
,,,,,,h6spehmpmb,Crown 200 pages Single ruled,4,0,Nos
,,,,,,i19d3mjd94,CAS LR CBSE Grade 12 Chemistry Part 2,1,0,Nos
BOM-CAS LR CBSE Grade 12 Mandate-001,CAS LR CBSE Grade 12 Mandate,Inventre Edu Services Pvt Ltd,1,INR,1,fqs5t2klrn,Main Textbook- Flamingo,1,46.75,Nos
,,,,,,fqst1bbejc,Supplementary- Vistas,1,34,Nos
,,,,,,fqsnovg5lq,Crown 100 pages Single ruled,1,0,Nos
,,,,,,fqsuqm39ea,Transparent Roll,2,33.9,Nos
,,,,,,fqsm2svql9,CAGS LR Almanac,1,0,Nos
,,,,,,fqs1elqr9e,CAGS LR CBSE Mini Almanac,1,0,Nos
BOM-CAS LR CBSE Grade 10 Marathi-FM-001,CAS LR CBSE Grade 10 Marathi-FM,Inventre Edu Services Pvt Ltd,1,INR,1,1vmqfq951q,CAS LR CBSE Grade 10 Textbook,1,0,Nos
,,,,,,1vmiuji5r4,CAS LR CBSE Grade 10 Notebook,1,0,Nos
,,,,,,1vm2s8d96i,CAS LR CBSE Grade 10 Notebook Part 2,1,0,Nos
,,,,,,1vmiqj2ajo,CAS LR CBSE Grade 10 Other,1,0,Nos
,,,,,,1vm1v760ba,CAS LR CBSE Grade 10 Part 2,1,0,Nos
BOM-CAS LR CBSE Grade 10 Marathi-Painting-001,CAS LR CBSE Grade 10 Marathi-Painting,Inventre Edu Services Pvt Ltd,1,INR,1,0lqqepqe46,CAS LR CBSE Grade 10 Textbook,1,0,Nos
,,,,,,0lqhluapm2,CAS LR CBSE Grade 10 Notebook,1,0,Nos
,,,,,,0lqnf6i7sq,CAS LR CBSE Grade 10 Notebook Part 2,1,0,Nos
,,,,,,0lqhgaupth,CAS LR CBSE Grade 10 Other,1,0,Nos
,,,,,,0lqjmu0al3,CAS LR CBSE Grade 10 Painting,1,0,Nos
,,,,,,0lqqcogq6l,CAS LR CBSE Grade 10 Part 2,1,0,Nos
BOM-CAS LR CBSE Grade 10 Marathi-AI-001,CAS LR CBSE Grade 10 Marathi-AI,Inventre Edu Services Pvt Ltd,1,INR,1,vgla3d8j7q,CAS LR CBSE Grade 10 Textbook,1,0,Nos
,,,,,,vglcdbhsh7,CAS LR CBSE Grade 10 Notebook,1,0,Nos
,,,,,,vgl8tmv1ic,CAS LR CBSE Grade 10 Notebook Part 2,1,0,Nos
,,,,,,vglnja3jpu,CAS LR CBSE Grade 10 Other,1,0,Nos
,,,,,,vglgua7tu1,CAS LR CBSE Grade 10 AI,1,0,Nos
,,,,,,vgllf0cid0,CAS LR CBSE Grade 10 Part 2,1,0,Nos
BOM-CAS NIBM CBSE Grade 10 Marathi-FM-001,CAS NIBM CBSE Grade 10 Marathi-FM,Inventre Edu Services Pvt Ltd,1,INR,1,r2ml8dc1no,CAS NIBM CBSE Grade 10 Textbook,1,0,Nos
,,,,,,r2m242p9mm,CAS NIBM CBSE Grade 10 Notebook,1,0,Nos
,,,,,,r2mk7sop0h,CAS NIBM CBSE Grade 10 Notebook - Bun 2,1,0,Nos
,,,,,,r2mrb32p92,CAS NIBM CBSE Grade 10 Other,1,0,Nos
,,,,,,r2m7rcctsg,CAS NIBM CBSE Grade 10 Textbook Part 2,1,0,Nos
BOM-CAS NIBM CBSE Grade 10 Marathi-Painting-001,CAS NIBM CBSE Grade 10 Marathi-Painting,Inventre Edu Services Pvt Ltd,1,INR,1,q4vsnoi97a,CAS NIBM CBSE Grade 10 Textbook,1,0,Nos
,,,,,,q4vv57q542,CAS NIBM CBSE Grade 10 Notebook,1,0,Nos
,,,,,,q4v43ueuth,CAS NIBM CBSE Grade 10 Notebook - Bun 2,1,0,Nos
,,,,,,q4vaj2h7km,CAS NIBM CBSE Grade 10 Other,1,0,Nos
,,,,,,q4vigugao9,CAS NIBM CBSE Grade 10 Painting,1,0,Nos
,,,,,,q4vs6vd1gf,CAS NIBM CBSE Grade 10 Textbook Part 2,1,0,Nos
BOM-CAS NIBM CBSE Grade 10 Marathi-AI-001,CAS NIBM CBSE Grade 10 Marathi-AI,Inventre Edu Services Pvt Ltd,1,INR,1,p3894skd6k,CAS NIBM CBSE Grade 10 Textbook,1,0,Nos
,,,,,,p38rpp2ql6,CAS NIBM CBSE Grade 10 Notebook,1,0,Nos
,,,,,,p38p4arkf1,CAS NIBM CBSE Grade 10 Notebook - Bun 2,1,0,Nos
,,,,,,p38c3do6oe,CAS NIBM CBSE Grade 10 Other,1,0,Nos
,,,,,,p38dh078h0,CAS NIBM CBSE Grade 10 AI,1,0,Nos
,,,,,,p38su1qgfl,CAS NIBM CBSE Grade 10 Textbook Part 2,1,0,Nos
BOM-SASSC Grade 10 DSE - (PA/CA/HS/SST)-002,SASSC Grade 10 DSE - (PA/CA/HS/SST),Inventre Edu Services Pvt Ltd,1,INR,1,8cs492ms9r,SASSC Grade 10 DSE - (HI/CA/HS/SST) Textbook,1,0,Nos
,,,,,,8csc10uno2,SASSC Grade 10 DSE - (HI/CA/HS/SST) Notebook,1,0,Nos
,,,,,,8cs707513i,SAS SC Bundle 13 Stationery,1,310.8,Nos
,,,,,,8cs2l2j84e,SASSC Grade 10 DSE  (HI/CA/HS/SST) Program,1,0,Nos
,,,,,,8cs3uqc3rv,SASSC Bundle 13 Other,1,753,Nos
,,,,,,8cs0t23eo3,SASSC Grade 10 DSE  (HI/CA/HS/SST) Part 2,1,0,Nos
BOM-SASSC Grade 10 DSE  (HI/CA/HS/SST) Part 2-001,SASSC Grade 10 DSE  (HI/CA/HS/SST) Part 2,Inventre Edu Services Pvt Ltd,1,INR,1,7itku8oofi,Computer applications by Sumita Arora,1,0,Nos
,,,,,,7it3m75cj3,Comprehensive Home Science for Class X- Anju Chauhan,1,0,Nos
BOM-SASSC Grade 10 DSE  (HI/CA/HS/SST) Program-001,SASSC Grade 10 DSE  (HI/CA/HS/SST) Program,Inventre Edu Services Pvt Ltd,1,INR,1,73cr1k0t49,Opendoor Thinking Assessment-SAS,1,480,Nos
,,,,,,73c1hidbj0,DSE KIT,1,0,Nos
BOM-SASSC Grade 10 DSE - (HI/CA/HS/SST) Notebook-002,SASSC Grade 10 DSE - (HI/CA/HS/SST) Notebook,Inventre Edu Services Pvt Ltd,1,INR,1,67qi343vjo,CM Crown 200 pages Single ruled,14,47.41,Nos
,,,,,,67qut85u8v,CM 100 Pages OSR Single Ruled Record Book,2,42.4,Nos
,,,,,,67qp6ssh24,CM Crown 100 pages Plain Book,1,22.5,Nos
,,,,,,67qdjofn7b,CM 50 Pages Plain Drawing Book,1,22.93,Nos
BOM-SASSC Grade 10 DSE - (HI/CA/HS/SST) Textbook-002,SASSC Grade 10 DSE - (HI/CA/HS/SST) Textbook,Inventre Edu Services Pvt Ltd,1,INR,1,55tprih0of,First Flight,1,63.75,Nos
,,,,,,55t1pgumu6,Footprint without Feet,1,34,Nos
,,,,,,55tgab7d3v,Words and Expressions 2,1,102,Nos
,,,,,,55tljtjcl1,Contemporary India - Geography Grade 10,1,63.74,Nos
,,,,,,55t9c7b366,India & Contemporary World II Grade 10,1,89.24,Nos
,,,,,,55ts8johv2,Democratic Politics II,1,55.25,Nos
,,,,,,55tub1rle0,Understanding Economics Development,1,68,Nos
,,,,,,55te7lbpgj,Sparsh Grade 10,1,59.5,Nos
,,,,,,55t24g0hat,Sanchayan II,1,34,Nos
,,,,,,55t4iih2r6,Anmol hindi Vyakaran thatha rachana - 10,1,244.8,Nos
BOM-SASKS Grade 10 DSE - (PA/MA/AI/HS/SST)-001,SASKS Grade 10 DSE - (PA/MA/AI/HS/SST),Inventre Edu Services Pvt Ltd,1,INR,1,im7inropre,SASKS Grade 10 DSE - (PA/MA/AI/HS/SST) Notebook,1,0,Nos
,,,,,,im7km73485,SASKS Grade 10 DSE - (PA/MA/AI/HS/SST) Program,1,0,Nos
,,,,,,im7i225r9n,SASKS Grade 10 DSE - (PA/MA/AI/HS/SST) Textbook,1,0,Nos
,,,,,,im7e93sm07,SASKS Grade 10 DSE (PA/MA/AI/HS/SST) Part 2,1,0,Nos
,,,,,,im7il334ag,SASKS Bundle 13 Stationery,1,310.8,Nos
,,,,,,im76gr2t8a,SASKS Bundle 13 Other,1,753,Nos
BOM-SASSC Grade 10 DSE - (PA/CA/HS/SST)-001,SASSC Grade 10 DSE - (PA/CA/HS/SST),Inventre Edu Services Pvt Ltd,1,INR,1,cimua9raav,SAS BP Grade 10 DSE - (PA/CA/HS/SST) Program,1,0,Nos
,,,,,,cimb1nor5g,SAS BP Grade 10 DSE - (PA/CA/HS/SST) Textbook,1,0,Nos
,,,,,,cimjs298a5,SAS BP Grade 10 DSE - (PA/CA/HS/SST) Notebook,1,0,Nos
,,,,,,cim1d5ni5i,SASSC Grade 10 DSE  (PA/CA/HS/SST) Stationery,1,0,Nos
,,,,,,cimoj0tlj5,SASSC Grade 10 DSE  (PA/CA/HS/SST) Part 2,1,0,Nos
,,,,,,cimauua5a0,SASSC Grade 10 DSE  (PA/CA/HS/SST) Other,1,0,Nos
BOM-CAS LR CBSE Grade 10 French-FM-001,CAS LR CBSE Grade 10 French-FM,Inventre Edu Services Pvt Ltd,1,INR,1,pbcm1d5rgb,CAS LR CBSE Grade 10 Textbook,1,0,Nos
,,,,,,pbcqk3nvui,CAS LR CBSE Grade 10 Notebook,1,0,Nos
,,,,,,pbcc1ab04e,CAS LR CBSE Grade 10 Notebook Part 2,1,0,Nos
,,,,,,pbcvoi3k4i,CAS LR CBSE Grade 10 Other,1,0,Nos
,,,,,,pbckmi1ots,CAS LR CBSE Grade 10 Part 2,1,0,Nos
,,,,,,pbcscqttmh,CAS LR CBSE Grade 10 French,1,0,Nos
BOM-CAS LR CBSE Grade 10 French-Painting-001,CAS LR CBSE Grade 10 French-Painting,Inventre Edu Services Pvt Ltd,1,INR,1,o8ab7apvjg,CAS LR CBSE Grade 10 Textbook,1,0,Nos
,,,,,,o8akicdtlk,CAS LR CBSE Grade 10 Notebook,1,0,Nos
,,,,,,o8adlk6308,CAS LR CBSE Grade 10 Notebook Part 2,1,0,Nos
,,,,,,o8at744ut5,CAS LR CBSE Grade 10 Other,1,0,Nos
,,,,,,o8aqfb61gm,CAS LR CBSE Grade 10 Part 2,1,0,Nos
,,,,,,o8an4avlu1,CAS LR CBSE Grade 10 French,1,0,Nos
,,,,,,o8a6a8eq3d,CAS LR CBSE Grade 10 Painting,1,0,Nos
BOM-CAS LR CBSE Grade 10 French-AI-001,CAS LR CBSE Grade 10 French-AI,Inventre Edu Services Pvt Ltd,1,INR,1,nc5kdlmpj4,CAS LR CBSE Grade 10 Textbook,1,0,Nos
,,,,,,nc57vvvrfs,CAS LR CBSE Grade 10 Notebook,1,0,Nos
,,,,,,nc560volam,CAS LR CBSE Grade 10 Notebook Part 2,1,0,Nos
,,,,,,nc5effldc3,CAS LR CBSE Grade 10 Other,1,0,Nos
,,,,,,nc53jhjrju,CAS LR CBSE Grade 10 Part 2,1,0,Nos
,,,,,,nc5o2vdkoo,CAS LR CBSE Grade 10 French,1,0,Nos
,,,,,,nc5ak5f1fn,CAS LR CBSE Grade 10 AI,1,0,Nos
BOM-CAS LR CBSE Grade 10 Hindi-FM-001,CAS LR CBSE Grade 10 Hindi-FM,Inventre Edu Services Pvt Ltd,1,INR,1,kid53fa3fo,CAS LR CBSE Grade 10 Textbook,1,0,Nos
,,,,,,kid63qalu3,CAS LR CBSE Grade 10 Notebook,1,0,Nos
,,,,,,kids6ko106,CAS LR CBSE Grade 10 Notebook Part 2,1,0,Nos
,,,,,,kid71ss76j,CAS LR CBSE Grade 10 Other,1,0,Nos
,,,,,,kidc4qld9t,CAS LR CBSE Grade 10 Part 2,1,0,Nos
,,,,,,kid8v4rr5m,CAS LR CBSE Grade 10 Hindi,1,0,Nos
BOM-CAS LR CBSE Grade 10 Hindi-Painting-001,CAS LR CBSE Grade 10 Hindi-Painting,Inventre Edu Services Pvt Ltd,1,INR,1,j04f9hsb3o,CAS LR CBSE Grade 10 Textbook,1,0,Nos
,,,,,,j04mtdkuge,CAS LR CBSE Grade 10 Notebook,1,0,Nos
,,,,,,j04l6velsk,CAS LR CBSE Grade 10 Notebook Part 2,1,0,Nos
,,,,,,j04hhnrlsj,CAS LR CBSE Grade 10 Other,1,0,Nos
,,,,,,j047r2kbbn,CAS LR CBSE Grade 10 Part 2,1,0,Nos
,,,,,,j0444iik9n,CAS LR CBSE Grade 10 Hindi,1,0,Nos
,,,,,,j042jek7a8,CAS LR CBSE Grade 10 Painting,1,0,Nos
BOM-CAS LR CBSE Grade 10 Hindi-AI-001,CAS LR CBSE Grade 10 Hindi-AI,Inventre Edu Services Pvt Ltd,1,INR,1,i4ebai82ie,CAS LR CBSE Grade 10 Textbook,1,0,Nos
,,,,,,i4e06bob6v,CAS LR CBSE Grade 10 Notebook,1,0,Nos
,,,,,,i4er4rpu0m,CAS LR CBSE Grade 10 Notebook Part 2,1,0,Nos
,,,,,,i4empnfhih,CAS LR CBSE Grade 10 Other,1,0,Nos
,,,,,,i4eq357qno,CAS LR CBSE Grade 10 Part 2,1,0,Nos
,,,,,,i4e1rmm9f8,CAS LR CBSE Grade 10 Hindi,1,0,Nos
,,,,,,i4e4tproam,CAS LR CBSE Grade 10 AI,1,0,Nos
BOM-CAS LR CBSE Grade 10 Painting-001,CAS LR CBSE Grade 10 Painting,Inventre Edu Services Pvt Ltd,1,INR,1,esvdemkeg0,50 Pages Plain Drawing Book,1,0,Nos
,,,,,,esv1eed0n8,Panoramic - Indian Painting 10,1,0,Nos
BOM-CAS LR CBSE Grade 10 AI-001,CAS LR CBSE Grade 10 AI,Inventre Edu Services Pvt Ltd,1,INR,1,eh8ki4dhmg,Artificial Intelligence 10,1,300,Nos
BOM-CAS LR CBSE Grade 10 French-001,CAS LR CBSE Grade 10 French,Inventre Edu Services Pvt Ltd,1,INR,1,eaj5db8jnr,Entre Jeunes (Workbook) Gr 10,1,341.25,Nos
BOM-CAS LR CBSE Grade 10 Hindi-001,CAS LR CBSE Grade 10 Hindi,Inventre Edu Services Pvt Ltd,1,INR,1,e3a6poaqe1,Sparsh Grade 10,1,59.5,Nos
,,,,,,e3arrrau32,Sanchayan II,1,34,Nos
,,,,,,e3ao15n98u,Anmol hindi Vyakaran thatha rachana - 10,1,244.8,Nos
BOM-CAS LR CBSE Grade 10 Part 2-001,CAS LR CBSE Grade 10 Part 2,Inventre Edu Services Pvt Ltd,1,INR,1,afjd7g371k,Akshar Bharati 10,1,0,Nos
,,,,,,afjnq2pmc1,CAGS LR CBSE Mini Almanac,1,0,Nos
BOM-CAS LR CBSE Grade 10 Other-001,CAS LR CBSE Grade 10 Other,Inventre Edu Services Pvt Ltd,1,INR,1,9apghh2r7q,Worksheet,1,300,Nos
,,,,,,9app91vpei,CAGS LR Almanac,1,0,Nos
BOM-CAS LR CBSE Grade 10 Notebook Part 2-001,CAS LR CBSE Grade 10 Notebook Part 2,Inventre Edu Services Pvt Ltd,1,INR,1,3v7ucpeqgk,200 Pages OSR Single Ruled Record Book,2,76,Nos
,,,,,,3v7426pdfc,100 Pages OSR Single Ruled Record Book,2,0,Nos
,,,,,,3v73b5vpf4,Long 50 Pages Graph Book,1,0,Nos
BOM-CAS LR CBSE Grade 10 Notebook-001,CAS LR CBSE Grade 10 Notebook,Inventre Edu Services Pvt Ltd,1,INR,1,1uoip19bji,Crown 200 pages Single ruled,12,0,Nos
,,,,,,1uoi8qf6eb,Crown 200 pages Maths ruled,6,38,Nos
,,,,,,1uoedqdd2i,Crown 100 pages Plain Book,1,0,Nos
BOM-CAS LR CBSE Grade 10 Textbook-001,CAS LR CBSE Grade 10 Textbook,Inventre Edu Services Pvt Ltd,1,INR,1,12f6vch9ln,First Flight,1,63.75,Nos
,,,,,,12f0lrs2ak,Footprint without Feet,1,34,Nos
,,,,,,12f6r82f97,Words and Expressions 2,1,102,Nos
,,,,,,12f9t91it7,Maths text (RS Agarwal) 10,1,575.25,Nos
,,,,,,12fp4r3kp3,Maths Textbook 10,1,106.25,Nos
,,,,,,12f4eq0agk,Maths Lab Manual 10,1,255,Nos
,,,,,,12fk6sftrd,Science Textbook 10,1,136,Nos
,,,,,,12frarbgg1,Science Exempler Problems 10,1,107.8,Nos
,,,,,,12fu7i6aua,Laboratory Manual Science 10,1,258.3,Nos
,,,,,,12f6dkv2g9,Contemporary India - Geography Grade 10,1,63.74,Nos
,,,,,,12fg200387,India & Contemporary World II Grade 10,1,89.24,Nos
,,,,,,12f59dsa9l,Democratic Politics II,1,55.25,Nos
,,,,,,12f7tutr1u,Understanding Economics Development,1,68,Nos
BOM-CAS NIBM CBSE Grade 12 Chemistry Part 2-001,CAS NIBM CBSE Grade 12 Chemistry Part 2,Inventre Edu Services Pvt Ltd,1,INR,1,j4b80uva3m,Comprehensive Lab Manual - Chemistry Class 12,1,0,Nos
BOM-CAS NIBM CBSE Grade 12 Commerce Part 2-001,CAS NIBM CBSE Grade 12 Commerce Part 2,Inventre Edu Services Pvt Ltd,1,INR,1,h8naoartcl,Analysis of Financial Statements - TS Grewal,1,0,Nos
,,,,,,h8nkup0mcj,Accounting for Not-for-Profit Organisations & Partnership Firms - TS Grewal,1,0,Nos
,,,,,,h8nurbq9ud,Accounting for Companies - TS Grewal,1,0,Nos
,,,,,,h8n2dd2drp,Introductory Macro Economics and Indian Economics Development,1,0,Nos
BOM-CAS NIBM CBSE Grade 12 Physical Education-001,CAS NIBM CBSE Grade 12 Physical Education,Inventre Edu Services Pvt Ltd,1,INR,1,fk3plo20d9,A Text Book Of Physical Education CBSE Class 12,1,237.6,Nos
,,,,,,fk3vtkrepj,Crown 200 pages Single ruled,1,0,Nos
BOM-CAS NIBM CBSE Grade 12 Biology-001,CAS NIBM CBSE Grade 12 Biology,Inventre Edu Services Pvt Ltd,1,INR,1,elq9b2ojuq,Biology Text Book for class 12,1,144.49,Nos
,,,,,,elq92gq6qr,Comprehensive Lab Manual -Biology Class 12,1,269,Nos
,,,,,,elqe1posv0,Crown 200 pages Single ruled,1,0,Nos
BOM-CAS NIBM CBSE Grade 12 Political Science-001,CAS NIBM CBSE Grade 12 Political Science,Inventre Edu Services Pvt Ltd,1,INR,1,e52738t4np,Politics In India Since Independence Class 12,1,136,Nos
,,,,,,e52jbs0qb8,Contemporary World Politics Class 12,1,0,Nos
,,,,,,e52mk8sgto,Crown 200 pages Single ruled,1,0,Nos
BOM-CAS NIBM CBSE Grade 12 History-001,CAS NIBM CBSE Grade 12 History,Inventre Edu Services Pvt Ltd,1,INR,1,dk9sahqar1,"Themes in World History, Class XII - Part 1",1,106.25,Nos
,,,,,,dk9hhapghp,"Themes in World History, Class XII - Part 2",1,106.25,Nos
,,,,,,dk9ldhqdfg,"Themes in World History, Class XII - Part 3",1,110.5,Nos
,,,,,,dk9jjo0ffp,Crown 200 pages Single ruled,1,0,Nos
BOM-CAS NIBM CBSE Grade 12 Psychology-001,CAS NIBM CBSE Grade 12 Psychology,Inventre Edu Services Pvt Ltd,1,INR,1,d2lpb75pq1,Psychology Class 12,1,106.25,Nos
,,,,,,d2ltos0kr9,Crown 200 pages Single ruled,1,0,Nos
BOM-CAS NIBM CBSE Grade 12 Applied Mathematics-001,CAS NIBM CBSE Grade 12 Applied Mathematics,Inventre Edu Services Pvt Ltd,1,INR,1,cj0baaj6c0,Applied Mathematics Textbook - ML Aggarwal -Grade XII,1,624,Nos
,,,,,,cj08ffjncn,Crown 200 pages Single ruled,1,0,Nos
BOM-CAS NIBM CBSE Grade 12 Computer Science-001,CAS NIBM CBSE Grade 12 Computer Science,Inventre Edu Services Pvt Ltd,1,INR,1,c3q3ji83k5,Computer Science with python for Class 12 (Sumit Arora),1,0,Nos
,,,,,,c3q2be7ouq,Crown 200 pages Single ruled,1,0,Nos
BOM-CAS NIBM CBSE Grade 12 Commerce-001,CAS NIBM CBSE Grade 12 Commerce,Inventre Edu Services Pvt Ltd,1,INR,1,bgc25oft9a,Business Studies for Class 12 Part 1,1,89.25,Nos
,,,,,,bgc4635ga3,Business Studies for Class 12 Part 2,1,42.5,Nos
,,,,,,bgc22d6tkb,Macro Economics for Class 12,1,72,Nos
,,,,,,bgctor4d7c,Indian Economic Development for Grade 11,1,102,Nos
,,,,,,bgcesf0o04,Crown 200 pages Single ruled,3,0,Nos
,,,,,,gm6lr5sscu,CAS NIBM CBSE Grade 12 Commerce Part 2,1,0,Nos
BOM-CAS NIBM CBSE Grade 12 PCB-001,CAS NIBM CBSE Grade 12 PCB,Inventre Edu Services Pvt Ltd,1,INR,1,a8lq5oatn0,Biology Text Book for class 12,1,144.49,Nos
,,,,,,a8l0c6ot02,Comprehensive Lab Manual -Biology Class 12,1,269,Nos
,,,,,,a8l4gtq2so,Chemistry Text for Class 12 – Part 1,1,110.5,Nos
,,,,,,a8li0errco,Chemistry Text for Class 12 – Part 2,1,102,Nos
,,,,,,a8lo3docaf,PhysicsText for Class 12 – Part 1,1,131.75,Nos
,,,,,,a8lfban55e,PhysicsText for Class 12 – Part 2,1,89.25,Nos
,,,,,,a8lnn7fc3s,Practical skills in Physics 12,1,272.8,Nos
,,,,,,a8lblsrk3i,Crown 200 pages Single ruled,3,0,Nos
,,,,,,irm7qrfio2,CAS NIBM CBSE Grade 12 Chemistry Part 2,1,0,Nos
BOM-CAS NIBM CBSE Grade 12 PCM-001,CAS NIBM CBSE Grade 12 PCM,Inventre Edu Services Pvt Ltd,1,INR,1,91h8o0qdda,Mathematics Textbook for Class 12 Part I,1,93.5,Nos
,,,,,,91h0kh1qu6,Mathematics Textbook for Class 12 Part II,1,97.74,Nos
,,,,,,91hp0mlgrj,Mathematics NCERT Exemplar Lab Manual,1,0,Nos
,,,,,,91hamn1v4a,PhysicsText for Class 12 – Part 1,1,131.75,Nos
,,,,,,91h9j1m67n,PhysicsText for Class 12 – Part 2,1,89.25,Nos
,,,,,,91hk5s3b8l,Practical skills in Physics 12,1,272.8,Nos
,,,,,,91hddv0a7m,Chemistry Text for Class 12 – Part 1,1,110.5,Nos
,,,,,,91hqvg3sfa,Chemistry Text for Class 12 – Part 2,1,102,Nos
,,,,,,91h7j01lk3,Crown 200 pages Single ruled,4,0,Nos
,,,,,,iii2ehnlmo,CAS NIBM CBSE Grade 12 Chemistry Part 2,1,0,Nos
BOM-CAS NIBM CBSE Grade 12 Mandate-001,CAS NIBM CBSE Grade 12 Mandate,Inventre Edu Services Pvt Ltd,1,INR,1,6ub2meefhj,Main Textbook- Flamingo,1,46.75,Nos
,,,,,,6ubidnprkc,Supplementary- Vistas,1,34,Nos
,,,,,,6ubmboc0mb,Crown 200 pages Single ruled,1,0,Nos
,,,,,,6ubf5jqi4p,Transparent Roll,2,33.9,Nos
,,,,,,6ubmfd7o7a,CAGS NIBM Almanac,1,0,Nos
,,,,,,6uba5tasue,CAGS NIBM CBSE Mini Almanac,1,0,Nos
BOM-WM JK Magic Box Girls Grade 10-001,WM JK Magic Box Girls Grade 10,Inventre Edu Services Pvt Ltd,1,INR,1,6q7rbc2097,WM JK Maroon Polo,2,0,Nos
,,,,,,6q7ufkctj8,WM JK Sports Polo,1,0,Nos
,,,,,,6q77biatf5,WM JK Sports Track,1,0,Nos
,,,,,,6q72co0o0n,WM JK Regular Socks,2,0,Nos
,,,,,,6q750vpm2f,WM JK Sports Socks,1,0,Nos
,,,,,,6q72hi75e0,WM JK Belt,1,0,Nos
,,,,,,6q7g1tp5n3,WM JK Hoodie,1,0,Nos
,,,,,,6q7st50cok,WM JK Caps,1,0,Nos
,,,,,,6q79q7eqev,WM JK Secondary Bag,1,0,Nos
,,,,,,6q753ibu1n,WM JK Shoes,1,0,Nos
,,,,,,rm6qmrm1el,WM JK Girls Pant,2,0,Nos
,,,,,,qji3elsk31,WM JK Grade 10 Bookkit,1,0,Nos
BOM-WM JK Magic Box Boys Grade 10-001,WM JK Magic Box Boys Grade 10,Inventre Edu Services Pvt Ltd,1,INR,1,e30dcaqokg,WM JK Sports Polo,1,0,Nos
,,,,,,e303jqukof,WM JK Sports Track,1,0,Nos
,,,,,,e309tfpceg,WM JK Maroon Polo,2,0,Nos
,,,,,,e30ks88acm,WM JK Boys Pant,2,0,Nos
,,,,,,e30u7qtdf2,WM JK Hoodie,1,0,Nos
,,,,,,e30flp99sk,WM JK Regular Socks,2,0,Nos
,,,,,,e30460qa05,WM JK Sports Socks,1,0,Nos
,,,,,,e30r5p90dj,WM JK Belt,1,0,Nos
,,,,,,e30iuk4os1,WM JK Caps,1,0,Nos
,,,,,,reah1dlj6d,WM JK Shoes,1,0,Nos
,,,,,,k8vt3jjrm4,WM JK Secondary Bag,1,0,Nos
,,,,,,ssuf5ijt76,WM JK Grade 10 Bookkit,1,0,Nos
BOM-SASKS Grade 10 DSE (TE/MA/AI/GS/SST)-001,SASKS Grade 10 DSE (TE/MA/AI/GS/SST),Inventre Edu Services Pvt Ltd,1,INR,1,jauut5pufr,SASKS Grade 10 DSE (TE/MA/AI/GS/SST) Textbook,1,0,Nos
,,,,,,jaun8bmr0d,SASKS Grade 10 DSE (TE/MA/AI/GS/SST) Notebook,1,0,Nos
,,,,,,jau0qnbrtt,SASKS Grade 10 DSE (TE/MA/AI/GS/SST) Program,1,0,Nos
,,,,,,jaua5s25h5,SASKS Bundle 13 Stationery,1,310.8,Nos
,,,,,,jauv561838,SASKS Bundle 13 Other,1,753,Nos
,,,,,,jau6jiar7g,SASKS Grade 10 DSE (TE/MA/AI/GS/SST) Part 2,1,0,Nos
BOM-SASKS Grade 10 DSE (TE/MA/AI/GS/SST) Part 2-001,SASKS Grade 10 DSE (TE/MA/AI/GS/SST) Part 2,Inventre Edu Services Pvt Ltd,1,INR,1,h8hfd7qj2d,Vennella-5,1,0,Nos
,,,,,,h8hp23tnf8,SAS BP Mini Almanac,1,0,Nos
BOM-SASKS Grade 10 DSE (TE/MA/AI/GS/SST) Program-001,SASKS Grade 10 DSE (TE/MA/AI/GS/SST) Program,Inventre Edu Services Pvt Ltd,1,INR,1,go6v5o3328,Opendoor Thinking Assessment-SAS,1,480,Nos
,,,,,,go67n50525,DSE KIT,1,0,Nos
BOM-SASKS Grade 10 DSE (TE/MA/AI/GS/SST) Notebook-001,SASKS Grade 10 DSE (TE/MA/AI/GS/SST) Notebook,Inventre Edu Services Pvt Ltd,1,INR,1,gddul5r8b1,CM Crown 200 pages Single ruled,12,47.41,Nos
,,,,,,gddhhv08sk,CM Crown 200 pages Maths ruled,6,47.41,Nos
,,,,,,gdd1cudfdl,CM 100 Pages OSR Single Ruled Record Book,2,42.4,Nos
,,,,,,gdduqle89s,CM 200 Pages OSR Single Ruled Record Book,2,68.36,Nos
,,,,,,gdd71hecfa,CM Crown 100 pages Plain Book,1,22.5,Nos
,,,,,,gdd2omjpvi,CM Long 50 Pages Graph Book,1,22.44,Nos
,,,,,,gdd8g8fvkv,CM 50 Pages Plain Drawing Book,1,22.93,Nos
BOM-SASKS Grade 10 DSE (TE/MA/AI/GS/SST) Textbook-001,SASKS Grade 10 DSE (TE/MA/AI/GS/SST) Textbook,Inventre Edu Services Pvt Ltd,1,INR,1,f0g7shbost,First Flight,1,63.75,Nos
,,,,,,f0g3ueb0up,Footprint without Feet,1,34,Nos
,,,,,,f0gin2f1bt,Words and Expressions 2,1,102,Nos
,,,,,,f0ghn1usm2,Contemporary India - Geography Grade 10,1,63.74,Nos
,,,,,,f0gnj3oov9,India & Contemporary World II Grade 10,1,89.24,Nos
,,,,,,f0gh999mo9,Democratic Politics II,1,55.25,Nos
,,,,,,f0gei70vvi,Understanding Economics Development,1,68,Nos
,,,,,,f0gagqfkom,Maths Textbook 10,1,106.25,Nos
,,,,,,f0g31jldi3,Maths text (RS Agarwal) 10,1,575.25,Nos
,,,,,,f0gi6t0igl,Maths Lab Manual 10,1,255,Nos
,,,,,,f0geuj6d6c,Science Textbook 10,1,136,Nos
,,,,,,f0ggdmctel,Science Exempler Problems 10,1,107.8,Nos
,,,,,,f0gfh5une2,Laboratory Manual Science 10,1,258.3,Nos
,,,,,,f0g8jl8flk,Artificial Intelligence 10,1,300,Nos
BOM-SASKS Grade 10 DSE (PA/MA/AI/HS/SST) Part 2-001,SASKS Grade 10 DSE (PA/MA/AI/HS/SST) Part 2,Inventre Edu Services Pvt Ltd,1,INR,1,81qoau7iot,SAS KS Mini Almanac,1,0,Nos
,,,,,,81qhf7uq6e,Comprehensive Home Science for Class X- Anju Chauhan,1,0,Nos
,,,,,,81q0qhi8bg,Panoramic - Indian Painting 10,1,0,Nos
BOM-SASKS Grade 10 DSE - (PA/MA/AI/HS/SST) Program-002,SASKS Grade 10 DSE - (PA/MA/AI/HS/SST) Program,Inventre Edu Services Pvt Ltd,1,INR,1,7l29kfp8mk,Opendoor Thinking Assessment-SAS,1,480,Nos
,,,,,,7l2k7ff8am,DSE KIT,1,0,Nos
BOM-SASKS Grade 10 DSE - (PA/MA/AI/HS/SST) Notebook-002,SASKS Grade 10 DSE - (PA/MA/AI/HS/SST) Notebook,Inventre Edu Services Pvt Ltd,1,INR,1,731ugfuubk,CM Crown 200 pages Single ruled,12,47.41,Nos
,,,,,,7316c41o0s,CM Crown 200 pages Maths ruled,6,47.41,Nos
,,,,,,731l51stmg,CM 100 Pages OSR Single Ruled Record Book,2,42.4,Nos
,,,,,,7314n27r9k,CM 200 Pages OSR Single Ruled Record Book,2,68.36,Nos
,,,,,,731qkbkhf8,CM Crown 100 pages Plain Book,1,22.5,Nos
,,,,,,7319uu4vu9,CM Long 50 Pages Graph Book,1,22.44,Nos
,,,,,,731ejbsqnt,CM 50 Pages Plain Drawing Book,1,22.93,Nos
BOM-SASKS Grade 10 DSE - (PA/MA/AI/HS/SST) Textbook-002,SASKS Grade 10 DSE - (PA/MA/AI/HS/SST) Textbook,Inventre Edu Services Pvt Ltd,1,INR,1,5qfvddjcge,First Flight,1,63.75,Nos
,,,,,,5qfjirn24b,Footprint without Feet,1,34,Nos
,,,,,,5qfag5r75s,Maths text (RS Agarwal) 10,1,575.25,Nos
,,,,,,5qf0s0id2i,Maths Textbook 10,1,106.25,Nos
,,,,,,5qftc9mqcv,Maths Lab Manual 10,1,255,Nos
,,,,,,5qfgibkehd,Contemporary India - Geography Grade 10,1,63.74,Nos
,,,,,,5qff4ug6f9,India & Contemporary World II Grade 10,1,89.24,Nos
,,,,,,5qfn6o3kpg,Democratic Politics II,1,55.25,Nos
,,,,,,5qf7jaujms,Understanding Economics Development,1,68,Nos
,,,,,,5qfjgkdjqj,Words and Expressions 2,1,102,Nos
,,,,,,5qf1jrajv8,Artificial Intelligence 10,1,300,Nos
BOM-SASKS Grade 10 DSE (PA/MA/AI/GS/SST) Part 2-001,SASKS Grade 10 DSE (PA/MA/AI/GS/SST) Part 2,Inventre Edu Services Pvt Ltd,1,INR,1,23ndja0g21,Panoramic - Indian Painting 10,1,0,Nos
,,,,,,23n426cqlg,SAS KS Mini Almanac,1,0,Nos
BOM-SASKS Grade 10 DSE (PA/MA/AI/GS/SST) Other-001,SASKS Grade 10 DSE (PA/MA/AI/GS/SST) Other,Inventre Edu Services Pvt Ltd,1,INR,1,1sc6qsbvao,Worksheet,1,300,Nos
,,,,,,1sco60r8j3,SAS KS Almanac,1,75,Nos
,,,,,,1scqn2hc7u,SAS KS ID Card,1,78,Nos
,,,,,,1sc6i7oml3,Packaging & Transport,1,300,Nos
BOM-SASKS Grade 10 DSE (PA/MA/AI/GS/SST) Program-002,SASKS Grade 10 DSE (PA/MA/AI/GS/SST) Program,Inventre Edu Services Pvt Ltd,1,INR,1,10j8i0c5mh,Opendoor Thinking Assessment-SAS,1,480,Nos
,,,,,,10jdepeigg,DSE KIT,1,0,Nos
BOM-SASKS Grade 10 DSE (PA/MA/AI/GS/SST) Notebook-002,SASKS Grade 10 DSE (PA/MA/AI/GS/SST) Notebook,Inventre Edu Services Pvt Ltd,1,INR,1,vtlvmgqg3o,CM Crown 200 pages Single ruled,12,47.41,Nos
,,,,,,vtldntf3mf,CM Crown 200 pages Maths ruled,6,47.41,Nos
,,,,,,vtlsir8r1t,CM 100 Pages OSR Single Ruled Record Book,2,42.4,Nos
,,,,,,vtlhr58g90,CM 200 Pages OSR Single Ruled Record Book,2,68.36,Nos
,,,,,,vtlu98fq4c,CM Crown 100 pages Plain Book,1,22.5,Nos
,,,,,,vtlqk9jeae,CM Long 50 Pages Graph Book,1,22.44,Nos
,,,,,,vtlohk4765,CM 50 Pages Plain Drawing Book,1,22.93,Nos
BOM-SASKS Grade 10 DSE (PA/MA/AI/GS/SST) Textbook-002,SASKS Grade 10 DSE (PA/MA/AI/GS/SST) Textbook,Inventre Edu Services Pvt Ltd,1,INR,1,ug9r5getpo,First Flight,1,63.75,Nos
,,,,,,ug9bbu61nl,Footprint without Feet,1,34,Nos
,,,,,,ug9j4rbegt,Words and Expressions 2,1,102,Nos
,,,,,,ug9hrkhoii,Contemporary India - Geography Grade 10,1,63.74,Nos
,,,,,,ug9p72eiil,India & Contemporary World II Grade 10,1,89.24,Nos
,,,,,,ug9pbshuhv,Democratic Politics II,1,55.25,Nos
,,,,,,ug97eil8mc,Understanding Economics Development,1,68,Nos
,,,,,,ug9m3ci57l,Maths text (RS Agarwal) 10,1,575.25,Nos
,,,,,,ug9g2sbk1h,Maths Textbook 10,1,106.25,Nos
,,,,,,ug9q00oqqp,Maths Lab Manual 10,1,255,Nos
,,,,,,ug9rsv7i6d,Science Textbook 10,1,136,Nos
,,,,,,ug9977738b,Science Exempler Problems 10,1,107.8,Nos
,,,,,,ug9ang29c4,Laboratory Manual Science 10,1,258.3,Nos
,,,,,,ug9793q1tp,Artificial Intelligence 10,1,300,Nos
BOM-SASKS Grade 10 DSE (PA/MA/AI/GS/SST)-002,SASKS Grade 10 DSE (PA/MA/AI/GS/SST),Inventre Edu Services Pvt Ltd,1,INR,1,qb9vjjdsrk,SASKS Grade 10 DSE (PA/MA/AI/GS/SST) Textbook,1,0,Nos
,,,,,,qb9coljrcj,SASKS Grade 10 DSE (PA/MA/AI/GS/SST) Notebook,1,0,Nos
,,,,,,qb9nspksjo,SASKS Bundle 13 Stationery,1,310.8,Nos
,,,,,,qb91oorjek,SASKS Grade 10 DSE (PA/MA/AI/GS/SST) Program,1,0,Nos
,,,,,,qb9mnegc17,SASKS Grade 10 DSE (PA/MA/AI/GS/SST) Other,1,0,Nos
,,,,,,qb988jcpds,SASKS Grade 10 DSE (PA/MA/AI/GS/SST) Part 2,1,0,Nos
BOM-SAS BP Grade 10 DSE - (PA/CA/HS/SST) Program-002,SAS BP Grade 10 DSE - (PA/CA/HS/SST) Program,Inventre Edu Services Pvt Ltd,1,INR,1,beqcqt78lj,Opendoor Thinking Assessment-SAS,1,480,Nos
,,,,,,beqg85hgs8,DSE KIT,1,0,Nos
BOM-SASSC Grade 10 DSE  (PA/CA/HS/SST) Part 2-001,SASSC Grade 10 DSE  (PA/CA/HS/SST) Part 2,Inventre Edu Services Pvt Ltd,1,INR,1,154uvts8gi,Computer applications by Sumita Arora,1,0,Nos
,,,,,,154nci5hoq,Comprehensive Home Science for Class X- Anju Chauhan,1,0,Nos
,,,,,,1544m24m34,Panoramic - Indian Painting 10,1,0,Nos
,,,,,,1543bd0032,SAS BP Mini Almanac,1,0,Nos
BOM-SASSC Grade 10 DSE  (PA/CA/HS/SST) Other-001,SASSC Grade 10 DSE  (PA/CA/HS/SST) Other,Inventre Edu Services Pvt Ltd,1,INR,1,066k6sl6q5,Worksheet,1,300,Nos
,,,,,,066i8uofm9,SAS BP Almanac,1,75,Nos
,,,,,,066k02ovbe,SAS BP ID Card,1,78,Nos
,,,,,,0666osor8f,Packaging & Transport,1,300,Nos
BOM-SASSC Grade 10 DSE  (PA/CA/HS/SST) Stationery-001,SASSC Grade 10 DSE  (PA/CA/HS/SST) Stationery,Inventre Edu Services Pvt Ltd,1,INR,1,v44tt32ef8,SAS Flat File,1,13.14,Nos
,,,,,,v44s2cmm7e,File Folder,10,4.45,Nos
,,,,,,v44ul2ru2q,A4 Size Colour Paper Packet (25 sheets),1,19.49,Nos
,,,,,,v44setmmr9,Transparent Roll,2,33.9,Nos
,,,,,,v44i4skkpn,SAS BP Label Sheet,2,4.24,Nos
,,,,,,v446l2gush,Poster Paint (6 Shades),1,50,Nos
,,,,,,v44l85jph3,"Flat Brushes - Size 1,3,5,6",1,88.75,Nos
,,,,,,v44o4s4bu5,A4 Size Plain Sheets (25 sheets),1,18.64,Nos
BOM-SAS BP Grade 10 DSE - (PA/CA/HS/SST) Notebook-002,SAS BP Grade 10 DSE - (PA/CA/HS/SST) Notebook,Inventre Edu Services Pvt Ltd,1,INR,1,spep7cn341,CM Crown 200 pages Single ruled,14,47.41,Nos
,,,,,,speu5snmlg,CM 100 Pages OSR Single Ruled Record Book,2,42.4,Nos
,,,,,,spebckvf62,CM Crown 100 pages Plain Book,1,22.5,Nos
,,,,,,spee0bnvp3,CM 50 Pages Plain Drawing Book,1,22.93,Nos
BOM-SAS BP Grade 10 DSE - (PA/CA/HS/SST) Textbook-002,SAS BP Grade 10 DSE - (PA/CA/HS/SST) Textbook,Inventre Edu Services Pvt Ltd,1,INR,1,r6s43h0245,First Flight,1,63.75,Nos
,,,,,,r6ss0s40bn,Footprint without Feet,1,34,Nos
,,,,,,r6sn32v0m4,Words and Expressions 2,1,102,Nos
,,,,,,r6s01d4bt2,Contemporary India - Geography Grade 10,1,63.74,Nos
,,,,,,r6secjoc5q,India & Contemporary World II Grade 10,1,89.24,Nos
,,,,,,r6s7o24ma3,Democratic Politics II,1,55.25,Nos
,,,,,,r6sjhad04l,Understanding Economics Development,1,68,Nos
BOM-CAS NIBM CBSE Grade 10 French-FM-001,CAS NIBM CBSE Grade 10 French-FM,Inventre Edu Services Pvt Ltd,1,INR,1,220t122hhh,CAS NIBM CBSE Grade 10 Textbook,1,0,Nos
,,,,,,220tshoe5p,CAS NIBM CBSE Grade 10 Notebook,1,0,Nos
,,,,,,2207bpvslr,CAS NIBM CBSE Grade 10 Notebook - Bun 2,1,0,Nos
,,,,,,220h78l9vl,CAS NIBM CBSE Grade 10 Other,1,0,Nos
,,,,,,220h6ffnlf,CAS NIBM CBSE Grade 10 French,1,0,Nos
,,,,,,220msf3sh9,CAS NIBM CBSE Grade 10 Textbook Part 2,1,0,Nos
BOM-CAS NIBM CBSE Grade 10 Hindi-FM-001,CAS NIBM CBSE Grade 10 Hindi-FM,Inventre Edu Services Pvt Ltd,1,INR,1,0hlt293g3k,CAS NIBM CBSE Grade 10 Textbook,1,0,Nos
,,,,,,0hloqeq7dm,CAS NIBM CBSE Grade 10 Notebook,1,0,Nos
,,,,,,0hld26re1t,CAS NIBM CBSE Grade 10 Notebook - Bun 2,1,0,Nos
,,,,,,0hlgm78r5u,CAS NIBM CBSE Grade 10 Other,1,0,Nos
,,,,,,0hlj9gvtsu,CAS NIBM CBSE Grade 10 Hindi,1,0,Nos
,,,,,,0hl5vi68mu,CAS NIBM CBSE Grade 10 Textbook Part 2,1,0,Nos
BOM-CAS NIBM CBSE Grade 10 Hindi-Painting-001,CAS NIBM CBSE Grade 10 Hindi-Painting,Inventre Edu Services Pvt Ltd,1,INR,1,st8echsctl,CAS NIBM CBSE Grade 10 Textbook,1,0,Nos
,,,,,,st8pbued2e,CAS NIBM CBSE Grade 10 Notebook,1,0,Nos
,,,,,,st8qq4n9bv,CAS NIBM CBSE Grade 10 Notebook - Bun 2,1,0,Nos
,,,,,,st8rvft837,CAS NIBM CBSE Grade 10 Other,1,0,Nos
,,,,,,st8a33du36,CAS NIBM CBSE Grade 10 Hindi,1,0,Nos
,,,,,,st83fbn94v,CAS NIBM CBSE Grade 10 Painting,1,0,Nos
,,,,,,st85v14c38,CAS NIBM CBSE Grade 10 Textbook Part 2,1,0,Nos
BOM-CAS NIBM CBSE Grade 10 Hindi-AI-001,CAS NIBM CBSE Grade 10 Hindi-AI,Inventre Edu Services Pvt Ltd,1,INR,1,r1oqvblj2e,CAS NIBM CBSE Grade 10 Textbook,1,0,Nos
,,,,,,r1oihooql5,CAS NIBM CBSE Grade 10 Notebook,1,0,Nos
,,,,,,r1oemf2lqc,CAS NIBM CBSE Grade 10 Notebook - Bun 2,1,0,Nos
,,,,,,r1oe4jg6cc,CAS NIBM CBSE Grade 10 Other,1,0,Nos
,,,,,,r1oeeuk2aa,CAS NIBM CBSE Grade 10 Hindi,1,0,Nos
,,,,,,r1oajj2vma,CAS NIBM CBSE Grade 10 AI,1,0,Nos
,,,,,,r1o4taj0hi,CAS NIBM CBSE Grade 10 Textbook Part 2,1,0,Nos
BOM-CAS NIBM CBSE Grade 10 French - AI-001,CAS NIBM CBSE Grade 10 French - AI,Inventre Edu Services Pvt Ltd,1,INR,1,q0ds7js0eh,CAS NIBM CBSE Grade 10 Textbook,1,0,Nos
,,,,,,q0dodfh6sr,CAS NIBM CBSE Grade 10 Notebook,1,0,Nos
,,,,,,q0d1g2mbbn,CAS NIBM CBSE Grade 10 Notebook - Bun 2,1,0,Nos
,,,,,,q0d6cjgbpd,CAS NIBM CBSE Grade 10 Other,1,0,Nos
,,,,,,q0d55bm8pd,CAS NIBM CBSE Grade 10 French,1,0,Nos
,,,,,,q0dkqfdahd,CAS NIBM CBSE Grade 10 AI,1,0,Nos
,,,,,,q0d1qj7q1b,CAS NIBM CBSE Grade 10 Textbook Part 2,1,0,Nos
BOM-CAS NIBM CBSE Grade 10 Textbook Part 2-001,CAS NIBM CBSE Grade 10 Textbook Part 2,Inventre Edu Services Pvt Ltd,1,INR,1,n0fj338vvp,Akshar Bharati 10,1,0,Nos
,,,,,,n0f8jq7d9h,CAGS NIBM CBSE Mini Almanac,1,0,Nos
BOM-CAS NIBM CBSE Grade 10 French-Painting-001,CAS NIBM CBSE Grade 10 French-Painting,Inventre Edu Services Pvt Ltd,1,INR,1,l0m9rre6tb,CAS NIBM CBSE Grade 10 Textbook,1,0,Nos
,,,,,,l0mf5nu5kk,CAS NIBM CBSE Grade 10 Notebook,1,0,Nos
,,,,,,l0madtok75,CAS NIBM CBSE Grade 10 Notebook - Bun 2,1,0,Nos
,,,,,,l0mekbcbnd,CAS NIBM CBSE Grade 10 Other,1,0,Nos
,,,,,,l0m76suc4b,CAS NIBM CBSE Grade 10 French,1,0,Nos
,,,,,,l0m56q7ibt,CAS NIBM CBSE Grade 10 Painting,1,0,Nos
,,,,,,nms61pvcnt,CAS NIBM CBSE Grade 10 Textbook Part 2,1,0,Nos
BOM-CAS NIBM CBSE Grade 10 Other-001,CAS NIBM CBSE Grade 10 Other,Inventre Edu Services Pvt Ltd,1,INR,1,2ild2v59o1,Worksheet,1,300,Nos
,,,,,,f7evmbihbi,CAGS NIBM Almanac,1,0,Nos
BOM-CAS NIBM CBSE Grade 10 French-001,CAS NIBM CBSE Grade 10 French,Inventre Edu Services Pvt Ltd,1,INR,1,1tslk49oj6,Entre Jeunes (Workbook) Gr 10,1,341.25,Nos
BOM-CAS NIBM CBSE Grade 10 AI-001,CAS NIBM CBSE Grade 10 AI,Inventre Edu Services Pvt Ltd,1,INR,1,1f32hnbmbv,Artificial Intelligence 10,1,300,Nos
BOM-CAS NIBM CBSE Grade 10 Painting-001,CAS NIBM CBSE Grade 10 Painting,Inventre Edu Services Pvt Ltd,1,INR,1,152roj43hh,50 Pages Plain Drawing Book,1,0,Nos
,,,,,,mhpg2bubro,Panoramic - Indian Painting 10,1,0,Nos
BOM-CAS NIBM CBSE Grade 10 Hindi-001,CAS NIBM CBSE Grade 10 Hindi,Inventre Edu Services Pvt Ltd,1,INR,1,0jhd188snn,Sparsh Grade 10,1,59.5,Nos
,,,,,,0jh0tp7qbr,Sanchayan II,1,34,Nos
,,,,,,0jhdeioqv2,Anmol hindi Vyakaran thatha rachana - 10,1,244.8,Nos
BOM-CAS NIBM CBSE Grade 10 Notebook - Bun 2-001,CAS NIBM CBSE Grade 10 Notebook - Bun 2,Inventre Edu Services Pvt Ltd,1,INR,1,voqi189k4b,200 Pages OSR Single Ruled Record Book,2,76,Nos
,,,,,,voq21dkej0,100 Pages OSR Single Ruled Record Book,2,0,Nos
,,,,,,voqagjmni4,Long 50 Pages Graph Book,1,0,Nos
BOM-CAS NIBM CBSE Grade 10 Notebook-001,CAS NIBM CBSE Grade 10 Notebook,Inventre Edu Services Pvt Ltd,1,INR,1,u2669k0tai,Crown 200 pages Single ruled,12,0,Nos
,,,,,,u268qdrcsv,Crown 200 pages Maths ruled,6,38,Nos
,,,,,,u26e17tc1r,Crown 100 pages Plain Book,1,0,Nos
BOM-CAS NIBM CBSE Grade 10 Textbook-001,CAS NIBM CBSE Grade 10 Textbook,Inventre Edu Services Pvt Ltd,1,INR,1,9gajtl3r5q,First Flight,1,63.75,Nos
,,,,,,9gat3h38jq,Footprint without Feet,1,34,Nos
,,,,,,9ga3brf0ai,Words and Expressions 2,1,102,Nos
,,,,,,9gad89qh19,Maths text (RS Agarwal) 10,1,575.25,Nos
,,,,,,9gagc55lif,Maths Textbook 10,1,106.25,Nos
,,,,,,9ga1bv0qp9,Maths Lab Manual 10,1,255,Nos
,,,,,,9garh8gqab,Science Textbook 10,1,136,Nos
,,,,,,9gabsmro5r,Science Exempler Problems 10,1,107.8,Nos
,,,,,,9gaahmjaov,Laboratory Manual Science 10,1,258.3,Nos
,,,,,,9gakjdrood,Contemporary India - Geography Grade 10,1,63.74,Nos
,,,,,,9gamo57k8b,India & Contemporary World II Grade 10,1,89.24,Nos
,,,,,,9gataelt75,Democratic Politics II,1,55.25,Nos
,,,,,,9gavu4rdfc,Understanding Economics Development,1,68,Nos
BOM-WM JK Grade 12 Physical Education-001,WM JK Grade 12 Physical Education,Inventre Edu Services Pvt Ltd,1,INR,1,v7h6bkd11h,A Text Book Of Physical Education CBSE Class 12,1,237.6,Nos
BOM-WM JK Grade 12 Psychology-001,WM JK Grade 12 Psychology,Inventre Edu Services Pvt Ltd,1,INR,1,uue2118il6,Psychology Class 12,1,106.25,Nos
BOM-WM JK Grade 12 Applied Mathematics-001,WM JK Grade 12 Applied Mathematics,Inventre Edu Services Pvt Ltd,1,INR,1,uljb4gqtdc,Applied Mathematics Textbook - ML Aggarwal -Grade XII,1,624,Nos
BOM-SMS Grade 10 Hindi 2nd Lan Telugu 3rd Lan-001,SMS Grade 10 Hindi 2nd Lan Telugu 3rd Lan,Inventre Edu Services Pvt Ltd,1,INR,1,rabi2j1mp8,SMS Grade 10 Textbook,1,0,Nos
,,,,,,rabp5mje7v,SMS Grade 10 Hin-Tel,1,0,Nos
,,,,,,rab1hhvo2v,SMS Grade 10 Notebook,1,0,Nos
,,,,,,rab8ogtnm2,SMS Grade 10 Stationery,1,0,Nos
,,,,,,rabbl84626,SMS Grade 10 Program,1,0,Nos
,,,,,,raba4s232p,SMS Grade 10 Other,1,0,Nos
BOM-SMS Grade 12 Humanities & Physical Education-001,SMS Grade 12 Humanities & Physical Education,Inventre Edu Services Pvt Ltd,1,INR,1,7ovcd9am7s,SMS Grade 12 Humanities & Physical Education Textbook,1,0,Nos
,,,,,,7ova9iauds,SMS Grade 12 Humanities & Physical Education Notebook,1,0,Nos
,,,,,,7ov6u4q8ec,SMS Grade 12 Humanities & Physical Education Part 2,1,0,Nos
BOM-SMS Grade 12 Humanities & Physical Education Notebook-001,SMS Grade 12 Humanities & Physical Education Notebook,Inventre Edu Services Pvt Ltd,1,INR,1,79p1gi1cf8,Crown 200 pages Single ruled,7,0,Nos
,,,,,,79p57udu8g,SMS Psy 200 Pages OSR Single Ruled Practical Record Book,1,121,Nos
,,,,,,79pfpshml6,50 A4 Sheets,2,0,Nos
BOM-SMS Grade 12 Humanities & Physical Education Part 2-001,SMS Grade 12 Humanities & Physical Education Part 2,Inventre Edu Services Pvt Ltd,1,INR,1,6k7up1gfgg,Indian Society,1,0,Nos
,,,,,,6k72gouaqf,Social Change & Development in India,1,0,Nos
BOM-SMS Grade 12 Humanities & Physical Education Textbook-001,SMS Grade 12 Humanities & Physical Education Textbook,Inventre Edu Services Pvt Ltd,1,INR,1,674bde9rqv,A Text Book Of Physical Education CBSE Class 12,1,0,Nos
,,,,,,674rp5udnf,Practical Workbook Of Physical Education CBSE Class 12,1,0,Nos
,,,,,,67485paa40,Psychology Class 12,1,0,Nos
BOM-SMS Grade 12 Humanities & Entrepreneurship-001,SMS Grade 12 Humanities & Entrepreneurship,Inventre Edu Services Pvt Ltd,1,INR,1,41dseqnldu,SMS Grade 12 Humanities & Entrepreneurship Textbook,1,0,Nos
,,,,,,41djihqd1q,SMS Grade 12 Humanities & Entrepreneurship Notebook,1,0,Nos
,,,,,,41dvmboqk4,SMS Grade 12 Humanities & Entrepreneurship Part 2,1,0,Nos
BOM-SMS Grade 12 Humanities & Entrepreneurship Notebook-001,SMS Grade 12 Humanities & Entrepreneurship Notebook,Inventre Edu Services Pvt Ltd,1,INR,1,2uh5i41o2e,Crown 200 pages Single ruled,7,0,Nos
,,,,,,2uh73e68n4,SMS Psy 200 Pages OSR Single Ruled Practical Record Book,1,121,Nos
,,,,,,2uh2uglhn1,50 A4 Sheets,2,0,Nos
BOM-SMS Grade 12 Humanities & Entrepreneurship Part 2-001,SMS Grade 12 Humanities & Entrepreneurship Part 2,Inventre Edu Services Pvt Ltd,1,INR,1,2b1ta37n2a,Indian Society,1,0,Nos
,,,,,,2b1nraapor,Social Change & Development in India,1,0,Nos
BOM-SMS Grade 12 Humanities & Entrepreneurship Textbook-001,SMS Grade 12 Humanities & Entrepreneurship Textbook,Inventre Edu Services Pvt Ltd,1,INR,1,1vf0q88sa7,Psychology Class 12,1,0,Nos
,,,,,,1vf2av2hvd,Entrepreurship Book 12,1,0,Nos
BOM-SMS Grade 12 Humanities & Economics-001,SMS Grade 12 Humanities & Economics,Inventre Edu Services Pvt Ltd,1,INR,1,vvh1snur22,SMS Grade 12 Humanities & Economics Textbook,1,0,Nos
,,,,,,vvhpu102dq,SMS Grade 12 Humanities & Economics Notebook,1,0,Nos
,,,,,,vvhdj36ro6,SMS Grade 12 Humanities & Economics Part 2,1,0,Nos
BOM-SMS Grade 12 Humanities & Economics Notebook-001,SMS Grade 12 Humanities & Economics Notebook,Inventre Edu Services Pvt Ltd,1,INR,1,vfpmch5g4v,Crown 200 pages Single ruled,8,0,Nos
,,,,,,vfpuhvdrd2,Long 75 Pages Graph Book,1,0,Nos
,,,,,,vfpb80jm8g,SMS Psy 200 Pages OSR Single Ruled Practical Record Book,1,121,Nos
,,,,,,vfproslmev,50 A4 Sheets,2,0,Nos
BOM-SMS Grade 12 Humanities & Economics Part 2-001,SMS Grade 12 Humanities & Economics Part 2,Inventre Edu Services Pvt Ltd,1,INR,1,uglmrvfto3,Introductory Macro Economics and Indian Economics Development,1,0,Nos
,,,,,,ugl90cur4v,Indian Society,1,0,Nos
,,,,,,uglt6v4mqm,Social Change & Development in India,1,0,Nos
BOM-SMS Grade 12 Humanities & Economics Textbook-001,SMS Grade 12 Humanities & Economics Textbook,Inventre Edu Services Pvt Ltd,1,INR,1,tdcrvrg33q,Psychology Class 12,1,0,Nos
,,,,,,tdc5m4rncl,Macro Economics for Class 12,1,0,Nos
,,,,,,tdch6tlaoa,Indian Economic Development for Grade 11,1,0,Nos
BOM-SMS Grade 12 BPC Part 2-001,SMS Grade 12 BPC Part 2,Inventre Edu Services Pvt Ltd,1,INR,1,s4lf3ppcoa,Comprehensive Lab Manual - Chemistry Class 12,1,0,Nos
BOM-SMS Grade 12 MPC Part 2-001,SMS Grade 12 MPC Part 2,Inventre Edu Services Pvt Ltd,1,INR,1,rflaaj0lcu,Mathematics NCERT Exemplar Lab Manual,1,0,Nos
,,,,,,rfl7r0ic9s,Comprehensive Lab Manual - Chemistry Class 12,1,0,Nos
BOM-SMS Grade 12 Commerce Part 2-001,SMS Grade 12 Commerce Part 2,Inventre Edu Services Pvt Ltd,1,INR,1,qc502tg829,Analysis of Financial Statements - TS Grewal,1,0,Nos
,,,,,,qc5d0mkeqm,Accounting for Not-for-Profit Organisations & Partnership Firms - TS Grewal,1,0,Nos
,,,,,,qc57d79128,Accounting for Companies - TS Grewal,1,0,Nos
,,,,,,qc5b3rigsc,Introductory Macro Economics and Indian Economics Development,1,0,Nos
BOM-SMS Grade 12 Commerce Notebook-001,SMS Grade 12 Commerce Notebook,Inventre Edu Services Pvt Ltd,1,INR,1,o9okq6jf3h,Crown 200 pages Single ruled,5,0,Nos
,,,,,,o9oun6lpsi,Long 200 pages Single ruled Book,3,0,Nos
,,,,,,o9otk57q3c,Long 75 Pages Graph Book,1,0,Nos
,,,,,,o9oncfr8l0,50 A4 Sheets,3,0,Nos
BOM-SMS Grade 12 Commerce Textbook-001,SMS Grade 12 Commerce Textbook,Inventre Edu Services Pvt Ltd,1,INR,1,nc10o3nfdv,Business Studies for Class 12 Part 1,1,89.25,Nos
,,,,,,nc1balfhmt,Business Studies for Class 12 Part 2,1,42.5,Nos
,,,,,,nc1q6iv2e8,Macro Economics for Class 12,1,0,Nos
,,,,,,nc1fva7rbh,Indian Economic Development for Grade 11,1,0,Nos
BOM-SMS Grade 12 Commerce-001,SMS Grade 12 Commerce,Inventre Edu Services Pvt Ltd,1,INR,1,mhami3nuuf,SMS Grade 12 Commerce Textbook,1,0,Nos
,,,,,,mhatqun7lp,SMS Grade 12 Commerce Notebook,1,0,Nos
,,,,,,qjdh6hh4jp,SMS Grade 12 Commerce Part 2,1,0,Nos
BOM-SMS Grade 12 BPC-001,SMS Grade 12 BPC,Inventre Edu Services Pvt Ltd,1,INR,1,ibkqip2f7p,SMS Grade 12 BPC Textbook,1,0,Nos
,,,,,,ibkgktitgf,SMS Grade 12 BPC Notebook,1,0,Nos
,,,,,,sgutencg8p,SMS Grade 12 BPC Part 2,1,0,Nos
BOM-SMS Grade 12 BPC Notebook-001,SMS Grade 12 BPC Notebook,Inventre Edu Services Pvt Ltd,1,INR,1,hvcoakjlf8,Crown 200 pages Single ruled,5,0,Nos
,,,,,,hvccsrpsqv,Long 200 pages Single ruled Book,2,0,Nos
,,,,,,hvcvegs860,Crown 100 pages Plain Book,1,0,Nos
,,,,,,hvc3behknf,Crown 100 pages OSR Single Leaved,2,0,Nos
,,,,,,hvcpdhueud,SMS Phy 200 Pages OSR Single Ruled Practical Record Book,1,121,Nos
,,,,,,hvceocfcko,SMS Bio 300 Pages Filed Type OSR Record Book (150 loose sheets),1,219,Nos
,,,,,,hvc1nm5o6e,SMS Chem 300 Pages OSR Single Ruled Practical Record Book,1,151,Nos
BOM-SMS Grade 12 BPC Textbook-001,SMS Grade 12 BPC Textbook,Inventre Edu Services Pvt Ltd,1,INR,1,fo1ejflnq3,Biology Text Book for class 12,1,144.49,Nos
,,,,,,fo1fop648u,Comprehensive Lab Manual -Biology Class 12,1,0,Nos
,,,,,,fo1v5fd9rf,Chemistry Text for Class 12 – Part 1,1,110.5,Nos
,,,,,,fo10plhb34,Chemistry Text for Class 12 – Part 2,1,102,Nos
,,,,,,fo11d1kot1,PhysicsText for Class 12 – Part 1,1,131.75,Nos
,,,,,,fo1vujqe9o,PhysicsText for Class 12 – Part 2,1,89.25,Nos
,,,,,,fo15qs1mt6,Practical skills in Physics 12,1,0,Nos
BOM-SMS Grade 12 MPC-001,SMS Grade 12 MPC,Inventre Edu Services Pvt Ltd,1,INR,1,enrlng06q3,SMS Grade 12 MPC Textbook,1,0,Nos
,,,,,,enr8mrt324,SMS Grade 12 MPC Notebook,1,0,Nos
,,,,,,rq2c7penrb,SMS Grade 12 MPC Part 2,1,0,Nos
BOM-SMS Grade 12 MPC Notebook-001,SMS Grade 12 MPC Notebook,Inventre Edu Services Pvt Ltd,1,INR,1,ebm27ibhtj,Crown 200 pages Single ruled,8,0,Nos
,,,,,,ebmui6sr9m,Long 200 pages Single ruled Book,2,0,Nos
,,,,,,ebmiknl6ii,Crown 100 pages OSR Single Leaved,2,0,Nos
,,,,,,ebmf0rgcbi,Long 75 Pages Graph Book,1,0,Nos
,,,,,,ebme8722nc,SMS Math 200 Pages OSR Single Ruled Practical Record Book,1,121,Nos
,,,,,,ebmi1jqkam,SMS Chem 300 Pages OSR Single Ruled Practical Record Book,1,151,Nos
,,,,,,ebm7m567ql,SMS Phy 200 Pages OSR Single Ruled Practical Record Book,1,121,Nos
BOM-SMS Grade 12 MPC Textbook-001,SMS Grade 12 MPC Textbook,Inventre Edu Services Pvt Ltd,1,INR,1,d5q7j568vp,Mathematics Textbook for Class 12 Part I,1,93.5,Nos
,,,,,,d5qerni8hc,Mathematics Textbook for Class 12 Part II,1,97.74,Nos
,,,,,,d5q1h5rih8,Chemistry Text for Class 12 – Part 1,1,110.5,Nos
,,,,,,d5q3c8tsu5,Chemistry Text for Class 12 – Part 2,1,102,Nos
,,,,,,d5qjf7jha6,PhysicsText for Class 12 – Part 1,1,131.75,Nos
,,,,,,d5qjtv1q57,PhysicsText for Class 12 – Part 2,1,89.25,Nos
,,,,,,d5qp5ig2lh,Practical skills in Physics 12,1,0,Nos
BOM-SMS Grade 12 Mathematics-001,SMS Grade 12 Mathematics,Inventre Edu Services Pvt Ltd,1,INR,1,961i2mmm7p,Mathematics Textbook for Class 12 Part I,1,93.5,Nos
,,,,,,961r3gq6a9,Mathematics Textbook for Class 12 Part II,1,97.74,Nos
,,,,,,961nicsu7k,Mathematics NCERT Exemplar Lab Manual,1,0,Nos
,,,,,,961uktvuk7,Crown 200 pages Single ruled,5,0,Nos
,,,,,,961aohcv7r,Long 75 Pages Graph Book,1,0,Nos
,,,,,,961m4p6vj7,SMS Math 200 Pages OSR Single Ruled Practical Record Book,1,121,Nos
BOM-SMS Grade 12 Psychology-001,SMS Grade 12 Psychology,Inventre Edu Services Pvt Ltd,1,INR,1,lholhfe6b8,Psychology Class 12,1,0,Nos
,,,,,,lhofkqoi1e,Crown 200 pages Single ruled,3,0,Nos
,,,,,,lho2jbrj68,SMS Psy 200 Pages OSR Single Ruled Practical Record Book,1,121,Nos
BOM-SMS Grade 12 Physical Education-001,SMS Grade 12 Physical Education,Inventre Edu Services Pvt Ltd,1,INR,1,iup818gdee,A Text Book Of Physical Education CBSE Class 12,1,0,Nos
,,,,,,iup8u6hl2a,Practical Workbook Of Physical Education CBSE Class 12,1,0,Nos
,,,,,,iup01eteq9,Crown 200 pages Single ruled,2,0,Nos
,,,,,,iup859sccu,50 A4 Sheets,1,0,Nos
BOM-SMS Grade 12 Entrepreneurship-001,SMS Grade 12 Entrepreneurship,Inventre Edu Services Pvt Ltd,1,INR,1,hsllnjb5au,Entrepreurship Book 12,1,0,Nos
,,,,,,hsl8kaoua1,Crown 200 pages Single ruled,2,0,Nos
,,,,,,hsl5lj2bvc,50 A4 Sheets,1,0,Nos
BOM-SMS Grade 12 Computer Science-001,SMS Grade 12 Computer Science,Inventre Edu Services Pvt Ltd,1,INR,1,h7obds51eq,Crown 200 pages Single ruled,2,0,Nos
,,,,,,h7o2g5h27a,SMS CS 200 Pages OSR Single Ruled Practical Record Book,1,121,Nos
,,,,,,h7o7g5a6lb,Computer Science with python for Class 12 (Sumit Arora),1,0,Nos
BOM-SMS Grade 12 Mandate Part 2-001,SMS Grade 12 Mandate Part 2,Inventre Edu Services Pvt Ltd,1,INR,1,fucl1ep1q4,SMS Mini Almanac,1,0,Nos
BOM-SMS Grade 12 Mandate-001,SMS Grade 12 Mandate,Inventre Edu Services Pvt Ltd,1,INR,1,fm38n9hqmd,Main Textbook- Flamingo,1,46.75,Nos
,,,,,,fm3ark5a8t,Supplementary- Vistas,1,34,Nos
,,,,,,fm31o2435c,Crown 200 pages Single ruled,2,0,Nos
,,,,,,fm3jnb4q2m,Crown 100 pages Plain Book,1,0,Nos
,,,,,,fm37rhsm8s,Transparent Roll,2,33.9,Nos
,,,,,,fm355oaaio,Worksheet,1,300,Nos
,,,,,,fm36i5etni,SMS Almanac,1,0,Nos
,,,,,,fm329bptkg,SMS ID Card,1,78,Nos
,,,,,,fm3u3ua8b6,SMS Flat File,1,0,Nos
,,,,,,fm3vr2lf8i,File Folder,10,4.45,Nos
,,,,,,fm32g867c7,SMS Grade 12 Mandate Part 2,1,0,Nos
BOM-SMS Grade 10 Telugu 2nd Lan-001,SMS Grade 10 Telugu 2nd Lan,Inventre Edu Services Pvt Ltd,1,INR,1,ps3lr675hd,SMS Grade 10 Textbook,1,0,Nos
,,,,,,ps329f4chf,SMS Grade 10 Tel,1,0,Nos
,,,,,,ps3tqdaoka,SMS Grade 10 Notebook,1,0,Nos
,,,,,,ps3kvj1743,SMS Grade 10 Stationery,1,0,Nos
,,,,,,r795k2r80s,SMS Grade 10 Program,1,0,Nos
,,,,,,r79agk7amo,SMS Grade 10 Other,1,0,Nos
BOM-SMS Grade 10 Tel-001,SMS Grade 10 Tel,Inventre Edu Services Pvt Ltd,1,INR,1,ouc9phpu1a,Vennella-5,1,0,Nos
BOM-SMS Grade 10 Other-001,SMS Grade 10 Other,Inventre Edu Services Pvt Ltd,1,INR,1,mg7brc39ci,Worksheet,1,300,Nos
,,,,,,aqd16g2sqo,SMS Almanac,1,0,Nos
,,,,,,aqd3ufrd3l,SMS Mini Almanac,1,0,Nos
,,,,,,aqdr6kl4b5,SMS ID Card,1,78,Nos
BOM-SMS Grade 10 Hin-Tel-001,SMS Grade 10 Hin-Tel,Inventre Edu Services Pvt Ltd,1,INR,1,i5oltbqhhv,Sparsh Grade 10,1,59.5,Nos
,,,,,,i5o2lh786c,Sanchayan II,1,34,Nos
,,,,,,i5ov6o04ue,Anmol hindi Vyakaran thatha rachana - 10,1,244.8,Nos
,,,,,,i5ojrm2n77,Vennella-5,1,0,Nos
BOM-SMS Grade 10 Stationery-001,SMS Grade 10 Stationery,Inventre Edu Services Pvt Ltd,1,INR,1,hbrrtv4fl7,SMS Flat File,1,0,Nos
,,,,,,hbrl0imu59,File Folder,10,4.45,Nos
,,,,,,hbr87d440f,A4 Size Colour Paper Packet (25 sheets),1,19.49,Nos
,,,,,,hbrdu29mre,Transparent Roll,2,33.9,Nos
,,,,,,hbrd194aqa,SMS Label Sheet,2,0,Nos
,,,,,,hbr7fvj756,Poster Paint (6 Shades),1,50,Nos
,,,,,,hbrig3iap3,"Flat Brushes - Size 1,3,5,6",1,88.75,Nos
,,,,,,hbrq43vjge,A4 Size Plain Sheets (25 sheets),1,18.64,Nos
BOM-SMS Grade 10 Program-001,SMS Grade 10 Program,Inventre Edu Services Pvt Ltd,1,INR,1,bjom9p4svh,Opendoor Thinking Assessment-SMS,1,0,Nos
BOM-SMS Grade 10 Notebook-001,SMS Grade 10 Notebook,Inventre Edu Services Pvt Ltd,1,INR,1,gcka749ecn,Crown 200 pages Single ruled,12,0,Nos
,,,,,,gckvudj911,CM Crown 200 pages Maths ruled,6,0,Nos
,,,,,,gckm3907ir,50 Pages Plain Drawing Book,1,0,Nos
,,,,,,gcke4hlbg5,Long 50 Pages Graph Book,1,0,Nos
,,,,,,gck3u8p76t,200 Pages OSR Single Ruled Record Book,2,76,Nos
,,,,,,gckqbiff5i,100 Pages OSR Single Ruled Record Book,2,0,Nos
,,,,,,gckltmvtim,Crown 100 pages Plain Book,1,0,Nos
BOM-SMS Grade 10 Textbook-001,SMS Grade 10 Textbook,Inventre Edu Services Pvt Ltd,1,INR,1,e2iapq0oet,First Flight,1,63.75,Nos
,,,,,,e2i3oqe5pf,Footprint without Feet,1,34,Nos
,,,,,,e2ik0hvpun,Words and Expressions 2,1,102,Nos
,,,,,,e2i4r50jlb,Maths Textbook 10,1,106.25,Nos
,,,,,,e2i50dp2pf,Maths text (RS Agarwal) 10,1,575.25,Nos
,,,,,,e2iec8k8ln,Maths Lab Manual 10,1,255,Nos
,,,,,,e2i6fsj45g,Science Textbook 10,1,136,Nos
,,,,,,e2i597f9vu,Science Exempler Problems 10,1,107.8,Nos
,,,,,,e2i55g07jm,Laboratory Manual Science 10,1,258.3,Nos
,,,,,,e2iu38lv0r,Contemporary India - Geography Grade 10,1,63.74,Nos
,,,,,,e2iv04cfoj,India & Contemporary World II Grade 10,1,89.24,Nos
,,,,,,e2i9g5l6d8,Democratic Politics II,1,55.25,Nos
,,,,,,e2immjujkt,Understanding Economics Development,1,68,Nos
,,,,,,e2ibdbubsj,Information Technology 10,1,0,Nos
BOM-SASKS Grade 12 Biology-001,SASKS Grade 12 Biology,Inventre Edu Services Pvt Ltd,1,INR,1,040s83b6qa,Biology Text Book for class 12,1,144.49,Nos
,,,,,,040popq182,Comprehensive Lab Manual -Biology Class 12,1,0,Nos
,,,,,,0403jqqfde,CM Crown 200 pages Single ruled,2,0,Nos
,,,,,,040tl8n0uj,CM Crown 100 pages Plain Book,1,0,Nos
,,,,,,040mupbjse,SAS KS Bio 300 Pages Filed Type OSR Record Book (150 loose sheets),1,0,Nos
BOM-SASSC Grade 12 Biology-001,SASSC Grade 12 Biology,Inventre Edu Services Pvt Ltd,1,INR,1,u4t9071qts,Biology Text Book for class 12,1,144.49,Nos
,,,,,,u4tjt6nbco,Comprehensive Lab Manual -Biology Class 12,1,0,Nos
,,,,,,u4ta7jgfre,SAS BP Crown 200 pages Single ruled,2,0,Nos
,,,,,,u4tm0hcb48,SAS BP Crown 100 pages Plain Book,1,0,Nos
,,,,,,u4t2b3646j,SAS BP Bio 300 Pages Filed Type OSR Record Book (150 loose sheets),1,219,Nos
BOM-SAS Suchitra Grade 12 MBPC Part 2-001,SAS Suchitra Grade 12 MBPC Part 2,Inventre Edu Services Pvt Ltd,1,INR,1,voifs34pbk,Mathematics NCERT Exemplar Lab Manual,1,0,Nos
,,,,,,voi8tvbfge,Comprehensive Lab Manual - Chemistry Class 12,1,0,Nos
,,,,,,voi50foqtq,Long 200 pages Single ruled Book,2,0,Nos
,,,,,,voirb0i52s,Long 75 Pages Graph Book,1,0,Nos
,,,,,,voiqifn549,SAS BP Mini Almanac,1,0,Nos
BOM-SAS Suchitra Grade 12 MBPC Other-001,SAS Suchitra Grade 12 MBPC Other,Inventre Edu Services Pvt Ltd,1,INR,1,saenamj5g7,Transparent Roll,2,33.9,Nos
,,,,,,saedvlm2t5,Worksheet,1,400,Nos
,,,,,,saecp2s250,SAS BP Almanac,1,0,Nos
,,,,,,saet9dj6mg,SAS BP ID Card,1,0,Nos
,,,,,,saeogbmu6c,SAS Flat File,1,0,Nos
,,,,,,sae1tudga9,File Folder,10,4.45,Nos
,,,,,,saesalapnp,Packaging & Transport,1,300,Nos
BOM-SAS Suchitra Grade 12 MBPC Notebook-001,SAS Suchitra Grade 12 MBPC Notebook,Inventre Edu Services Pvt Ltd,1,INR,1,qcvdvs9gbp,SAS BP Crown 200 pages Single ruled,12,0,Nos
,,,,,,qcv5pl7ank,SAS BP Crown 100 pages Plain Book,2,0,Nos
,,,,,,qcvp62dkd5,CM Crown 100 pages OSR Single Leaved,2,0,Nos
,,,,,,qrf2fka6sc,SAS BP Math 200 Pages OSR Single Ruled Practical Record Book,1,0,Nos
,,,,,,qrfh273fmb,SAS BP Phy 200 Pages OSR Single Ruled Practical Record Book,1,0,Nos
,,,,,,qrfkofmj2i,SAS BP Chem 300 Pages OSR Single Ruled Practical Record Book,1,0,Nos
,,,,,,qrft015p1e,SAS BP Bio 300 Pages Filed Type OSR Record Book (150 loose sheets),1,0,Nos
BOM-SAS Suchitra Grade 12 MBPC Textbook-001,SAS Suchitra Grade 12 MBPC Textbook,Inventre Edu Services Pvt Ltd,1,INR,1,ooc9aibnib,Main Textbook- Flamingo,1,46.75,Nos
,,,,,,oocn96agfc,Supplementary- Vistas,1,34,Nos
,,,,,,oocdhifq7s,Mathematics Textbook for Class 12 Part I,1,93.5,Nos
,,,,,,ooc4i4f7h2,Mathematics Textbook for Class 12 Part II,1,97.74,Nos
,,,,,,oochpe68tt,Chemistry Text for Class 12 – Part 1,1,110.5,Nos
,,,,,,oochn2qen7,Chemistry Text for Class 12 – Part 2,1,102,Nos
,,,,,,ooc85fjglp,PhysicsText for Class 12 – Part 1,1,131.75,Nos
,,,,,,ooc0eth9hi,PhysicsText for Class 12 – Part 2,1,89.25,Nos
,,,,,,oocr81pfm9,Practical skills in Physics 12,1,0,Nos
,,,,,,ooch9fohc1,Biology Text Book for class 12,1,144.49,Nos
,,,,,,ooc3sisuth,Comprehensive Lab Manual -Biology Class 12,1,0,Nos
BOM-SAS Suchitra Grade 12 MBPC-001,SAS Suchitra Grade 12 MBPC,Inventre Edu Services Pvt Ltd,1,INR,1,m5haccb0ji,SAS Suchitra Grade 12 MBPC Textbook,1,0,Nos
,,,,,,m5hb8sa9r8,SAS Suchitra Grade 12 MBPC Notebook,1,0,Nos
,,,,,,m5h8i2c5it,SAS Suchitra Grade 12 MBPC Other,1,0,Nos
,,,,,,02q4j6vdjg,SAS Suchitra Grade 12 MBPC Part 2,1,0,Nos
BOM-SAS Keesara Grade 10 Telugu 2nd Lang-001,SAS Keesara Grade 10 Telugu 2nd Lang,Inventre Edu Services Pvt Ltd,1,INR,1,o2nchrr8fi,SASKS Bundle 13 Textbook,1,0,Nos
,,,,,,o2nqnh1bv7,SASKS Bundle 13 Notebook,1,0,Nos
,,,,,,o2nfpee2g3,SASKS Bundle 13 Tel-Hin,1,0,Nos
,,,,,,o2nil6ug9q,SASKS Bundle 13 Stationery,1,0,Nos
,,,,,,o2nrm0orac,SASKS Bundle 13 Program,1,0,Nos
,,,,,,o2nuj3un70,SASKS Bundle 13 Other,1,0,Nos
,,,,,,o2nbvd7jte,SASKS Grade 10 Part 2,1,0,Nos
BOM-SAS Suchitra Grade 10 French 2nd Lang-001,SAS Suchitra Grade 10 French 2nd Lang,Inventre Edu Services Pvt Ltd,1,INR,1,lsc0qqa79b,SASSC Bundle 13 Textbook,1,0,Nos
,,,,,,lsc9f1jemm,SASSC Bundle 13 Notebook,1,0,Nos
,,,,,,lsc1rbhncv,SAS SC Bundle 13 Stationery,1,0,Nos
,,,,,,lsc3odsk3j,SASSC Bundle 13 Program,1,0,Nos
,,,,,,lscckc7khg,SASSC Bundle 13 Other,1,0,Nos
,,,,,,lscu846mai,SASSC Bundle 13 Fre-Tel,1,0,Nos
,,,,,,lsc3k84srg,SASSC Grade 10 Part 2,1,0,Nos
BOM-SAS Suchitra Grade 10 Telugu 2nd Lang-001,SAS Suchitra Grade 10 Telugu 2nd Lang,Inventre Edu Services Pvt Ltd,1,INR,1,kpe1129be5,SASSC Bundle 13 Textbook,1,0,Nos
,,,,,,kpe1rmk6g2,SASSC Bundle 13 Notebook,1,0,Nos
,,,,,,kpe4gm9nn8,SAS SC Bundle 13 Stationery,1,0,Nos
,,,,,,kpeevgu791,SASSC Bundle 13 Program,1,0,Nos
,,,,,,kpeb6hh07g,SASSC Bundle 13 Other,1,0,Nos
,,,,,,kpe1ibkfmv,SASSC Bundle 13 Tel-Hin,1,0,Nos
,,,,,,kpenqe7pbf,SASSC Grade 10 Part 2,1,0,Nos
BOM-SAS Suchitra Grade 10 Hindi 2nd Lang-001,SAS Suchitra Grade 10 Hindi 2nd Lang,Inventre Edu Services Pvt Ltd,1,INR,1,jpq2ful726,SAS SC Bundle 13 Stationery,1,0,Nos
,,,,,,jpq0ln6e5d,SASSC Bundle 13 Textbook,1,0,Nos
,,,,,,jpqfb70od4,SASSC Bundle 13 Notebook,1,0,Nos
,,,,,,jpq7miqvop,SASSC Bundle 13 Program,1,0,Nos
,,,,,,jpqb464tra,SASSC Bundle 13 Other,1,0,Nos
,,,,,,jpquhv3461,SASSC Bundle 13 Hin-Tel,1,0,Nos
,,,,,,jpq3pr1rt9,SASSC Grade 10 Part 2,1,0,Nos
BOM-SAS Keesara Grade 10 Hindi 2nd Lang-001,SAS Keesara Grade 10 Hindi 2nd Lang,Inventre Edu Services Pvt Ltd,1,INR,1,gad1n0cglt,SASKS Bundle 13 Textbook,1,0,Nos
,,,,,,gadec27r59,SASKS Bundle 13 Notebook,1,0,Nos
,,,,,,gadf955u29,SASKS Bundle 13 Hin-Tel,1,0,Nos
,,,,,,gadb6ckoa5,SASKS Bundle 13 Stationery,1,0,Nos
,,,,,,gad77t7i36,SASKS Bundle 13 Program,1,0,Nos
,,,,,,gad9i3s9c3,SASKS Bundle 13 Other,1,0,Nos
,,,,,,gad9ur163r,SASKS Grade 10 Part 2,1,0,Nos
BOM-SASKS Grade 10 DSE (PA/MA/AI/GS/SST)-001,SASKS Grade 10 DSE (PA/MA/AI/GS/SST),Inventre Edu Services Pvt Ltd,1,INR,1,o0se3rf972,SASKS Grade 10 DSE (PA/MA/AI/GS/SST) Textbook,1,0,Nos
,,,,,,o0svp3nudc,SASKS Grade 10 DSE (PA/MA/AI/GS/SST) Notebook,1,0,Nos
,,,,,,o0s4trujlk,SASKS Bundle 13 Stationery,1,310.8,Nos
,,,,,,o0sghsqgm6,SASKS Grade 10 DSE (PA/MA/AI/GS/SST) Program,1,0,Nos
,,,,,,o0sc7aidu9,SASKS Bundle 13 Other,1,753,Nos
,,,,,,45j419i0ac,SASKS Grade 10 DSE (PA/MA/AI/GS/SST) Part 2,1,0,Nos
BOM-SASKS Grade 10 DSE (PA/MA/AI/GS/SST) Program-001,SASKS Grade 10 DSE (PA/MA/AI/GS/SST) Program,Inventre Edu Services Pvt Ltd,1,INR,1,ng6u6dbg2r,Opendoor Thinking Assessment-SAS,1,0,Nos
BOM-SASKS Grade 10 DSE (PA/MA/AI/GS/SST) Notebook-001,SASKS Grade 10 DSE (PA/MA/AI/GS/SST) Notebook,Inventre Edu Services Pvt Ltd,1,INR,1,n8hbjvobi6,CM Crown 200 pages Single ruled,14,0,Nos
,,,,,,n8h3d49e18,CM Crown 200 pages Maths ruled,6,0,Nos
,,,,,,n8h7b12l6t,CM 100 Pages OSR Single Ruled Record Book,2,0,Nos
,,,,,,n8haagbg2b,CM 200 Pages OSR Single Ruled Record Book,2,0,Nos
,,,,,,n8h909enut,CM Crown 100 pages Plain Book,1,0,Nos
,,,,,,n8htlg6qa4,CM 50 Pages Plain Drawing Book,1,0,Nos
,,,,,,n8hf1frtfk,CM Long 50 Pages Graph Book,1,0,Nos
BOM-SASKS Grade 10 DSE (PA/MA/AI/GS/SST) Textbook-001,SASKS Grade 10 DSE (PA/MA/AI/GS/SST) Textbook,Inventre Edu Services Pvt Ltd,1,INR,1,mdnamt4eld,First Flight,1,63.75,Nos
,,,,,,mdnbqnch49,Footprint without Feet,1,34,Nos
,,,,,,mdn1gpviuo,Words and Expressions 2,1,102,Nos
,,,,,,mdnh6f6acc,India & Contemporary World II Grade 10,1,89.24,Nos
,,,,,,mdn0c7u4u4,Contemporary India - Geography Grade 10,1,63.74,Nos
,,,,,,mdnbkf007k,Democratic Politics II,1,55.25,Nos
,,,,,,mdni26rf18,Understanding Economics Development,1,68,Nos
,,,,,,mdnv6ahmcp,Maths Textbook 10,1,106.25,Nos
,,,,,,mdn474gkmu,Maths text (RS Agarwal) 10,1,575.25,Nos
,,,,,,mdnpsv92q4,Maths Lab Manual 10,1,255,Nos
,,,,,,mdno9ffbff,Science Textbook 10,1,136,Nos
,,,,,,mdn7pcu7c4,Science Exempler Problems 10,1,107.8,Nos
,,,,,,mdn1ktcc5c,Laboratory Manual Science 10,1,258.3,Nos
,,,,,,mdnnmdoa42,Artificial Intelligence 10,1,0,Nos
BOM-SASKS Grade 10 DSE - (PA/MA/AI/HS/SST) Program-001,SASKS Grade 10 DSE - (PA/MA/AI/HS/SST) Program,Inventre Edu Services Pvt Ltd,1,INR,1,j5qumh8p0d,Opendoor Thinking Assessment-SAS,1,0,Nos
BOM-SASKS Grade 10 DSE - (PA/MA/AI/HS/SST) Notebook-001,SASKS Grade 10 DSE - (PA/MA/AI/HS/SST) Notebook,Inventre Edu Services Pvt Ltd,1,INR,1,iugds8jese,CM Crown 200 pages Single ruled,14,0,Nos
,,,,,,iuge6scuh4,CM Crown 200 pages Maths ruled,6,0,Nos
,,,,,,iugga3qfrd,CM 100 Pages OSR Single Ruled Record Book,2,0,Nos
,,,,,,iug3d3unsb,CM 200 Pages OSR Single Ruled Record Book,1,0,Nos
,,,,,,iugep917b9,CM Crown 100 pages Plain Book,1,0,Nos
,,,,,,iug90dvcc1,CM 50 Pages Plain Drawing Book,1,0,Nos
,,,,,,iugo2v78se,CM Long 50 Pages Graph Book,1,0,Nos
BOM-SASKS Grade 10 DSE - (PA/MA/AI/HS/SST) Textbook-001,SASKS Grade 10 DSE - (PA/MA/AI/HS/SST) Textbook,Inventre Edu Services Pvt Ltd,1,INR,1,hocpc0baba,First Flight,1,63.75,Nos
,,,,,,hocse1vs9i,Footprint without Feet,1,34,Nos
,,,,,,hoc0htab3b,Words and Expressions 2,1,102,Nos
,,,,,,hoclbosjvr,Contemporary India - Geography Grade 10,1,63.74,Nos
,,,,,,hoc0s8d70m,India & Contemporary World II Grade 10,1,89.24,Nos
,,,,,,hocf39aaqk,Democratic Politics II,1,55.25,Nos
,,,,,,hoc3169ro6,Understanding Economics Development,1,68,Nos
,,,,,,hochnnhrdf,Maths text (RS Agarwal) 10,1,575.25,Nos
,,,,,,hocpulnj87,Maths Textbook 10,1,106.25,Nos
,,,,,,hoch4vjh11,Maths Lab Manual 10,1,255,Nos
,,,,,,hoclqrle3q,Artificial Intelligence 10,1,0,Nos
BOM-SAS BP Grade 10 DSE - (PA/CA/HS/SST) Program-001,SAS BP Grade 10 DSE - (PA/CA/HS/SST) Program,Inventre Edu Services Pvt Ltd,1,INR,1,dfgvd2e34k,Opendoor Thinking Assessment-SAS,1,0,Nos
BOM-SAS BP Grade 10 DSE - (PA/CA/HS/SST) Notebook-001,SAS BP Grade 10 DSE - (PA/CA/HS/SST) Notebook,Inventre Edu Services Pvt Ltd,1,INR,1,d7lfuhcgkl,CM Crown 200 pages Single ruled,14,0,Nos
,,,,,,d7lerpnj93,CM 100 Pages OSR Single Ruled Record Book,1,0,Nos
,,,,,,d7lq66nqtq,CM Crown 100 pages Plain Book,1,0,Nos
,,,,,,d7l744anvp,CM 50 Pages Plain Drawing Book,1,0,Nos
BOM-SAS BP Grade 10 DSE - (PA/CA/HS/SST) Textbook-001,SAS BP Grade 10 DSE - (PA/CA/HS/SST) Textbook,Inventre Edu Services Pvt Ltd,1,INR,1,catbgqdv41,First Flight,1,63.75,Nos
,,,,,,catu1e6grb,Footprint without Feet,1,34,Nos
,,,,,,cattii9n3j,Words and Expressions 2,1,102,Nos
,,,,,,cate6fipup,Contemporary India - Geography Grade 10,1,63.74,Nos
,,,,,,catifc1b3q,India & Contemporary World II Grade 10,1,89.24,Nos
,,,,,,catqf1ou1l,Democratic Politics II,1,55.25,Nos
,,,,,,catj8u7jho,Understanding Economics Development,1,68,Nos
BOM-SASSC Grade 10 DSE (HI/CA/HS/SST)-001,SASSC Grade 10 DSE (HI/CA/HS/SST),Inventre Edu Services Pvt Ltd,1,INR,1,a90tglon8s,SASSC Grade 10 DSE - (HI/CA/HS/SST) Textbook,1,0,Nos
,,,,,,a90bp0upuc,SASSC Grade 10 DSE - (HI/CA/HS/SST) Notebook,1,0,Nos
,,,,,,a90rs4t78h,SAS SC Bundle 13 Stationery,1,310.8,Nos
,,,,,,a90gsjdkdo,SASSC Grade 10 DSE  (HI/CA/HS/SST) Program,1,0,Nos
,,,,,,a90tuh3b9g,SASSC Bundle 13 Other,1,753,Nos
,,,,,,vjrjnmq10n,SASSC Grade 10 DSE  (HI/CA/HS/SST) Part 2,1,0,Nos
BOM-SASSC Grade 10 DSE - (HI/CA/HS/SST) Notebook-001,SASSC Grade 10 DSE - (HI/CA/HS/SST) Notebook,Inventre Edu Services Pvt Ltd,1,INR,1,5sffn6ss7e,CM Crown 200 pages Single ruled,14,0,Nos
,,,,,,5sfs5uttpi,CM 100 Pages OSR Single Ruled Record Book,1,0,Nos
,,,,,,5sfi7nr7gk,CM Crown 100 pages Plain Book,1,0,Nos
,,,,,,5sftdm0j5l,CM 50 Pages Plain Drawing Book,1,0,Nos
BOM-SASSC Grade 10 DSE - (HI/CA/HS/SST) Textbook-001,SASSC Grade 10 DSE - (HI/CA/HS/SST) Textbook,Inventre Edu Services Pvt Ltd,1,INR,1,415d2d3s74,First Flight,1,63.75,Nos
,,,,,,415pier68f,Footprint without Feet,1,34,Nos
,,,,,,415vmo9n4f,Words and Expressions 2,1,102,Nos
,,,,,,415pma669t,Contemporary India - Geography Grade 10,1,63.74,Nos
,,,,,,415fdm2aea,India & Contemporary World II Grade 10,1,89.24,Nos
,,,,,,4156rf9ffc,Democratic Politics II,1,55.25,Nos
,,,,,,415lh4o6gr,Understanding Economics Development,1,68,Nos
,,,,,,53c3si3pmt,Sparsh Grade 10,1,59.5,Nos
,,,,,,53c1r5gljb,Sanchayan II,1,34,Nos
,,,,,,53cqou2nv2,Anmol hindi Vyakaran thatha rachana - 10,1,244.8,Nos
BOM-SASKS Grade 12 Economics Part 2-001,SASKS Grade 12 Economics Part 2,Inventre Edu Services Pvt Ltd,1,INR,1,n47qjv9mrq,Introductory Macro Economics and Indian Economics Development,1,0,Nos
BOM-SASKS Grade 12 Physical Education Part 2-001,SASKS Grade 12 Physical Education Part 2,Inventre Edu Services Pvt Ltd,1,INR,1,md0vsibnk7,Practical Workbook Of Physical Education CBSE Class 12,1,0,Nos
BOM-SASKS Grade 12 Informatics Practices Part 2-001,SASKS Grade 12 Informatics Practices Part 2,Inventre Edu Services Pvt Ltd,1,INR,1,lo270l0g3t,Informatics Practices With Python (Sumita Arora) Class 12,1,0,Nos
BOM-SASKS Grade 12 Computer Science Part 2-001,SASKS Grade 12 Computer Science Part 2,Inventre Edu Services Pvt Ltd,1,INR,1,kvuf3nbud1,Computer Science with python for Class 12 (Sumit Arora),1,0,Nos
BOM-SASSC Grade 12 Economics Part 2-001,SASSC Grade 12 Economics Part 2,Inventre Edu Services Pvt Ltd,1,INR,1,k9olo786vf,Introductory Macro Economics and Indian Economics Development,1,0,Nos
,,,,,,k9o4drnepm,Long 75 Pages Graph Book,1,0,Nos
BOM-SASSC Grade 12 Physical Education Part 2-001,SASSC Grade 12 Physical Education Part 2,Inventre Edu Services Pvt Ltd,1,INR,1,jalu7qv1dr,Practical Workbook Of Physical Education CBSE Class 12,1,0,Nos
BOM-SASSC Grade 12 Informatics Practices Part 2-001,SASSC Grade 12 Informatics Practices Part 2,Inventre Edu Services Pvt Ltd,1,INR,1,ijgmrqqsof,Informatics Practices With Python (Sumita Arora) Class 12,1,0,Nos
BOM-SASSC Grade 12 Computer Science Part 2-001,SASSC Grade 12 Computer Science Part 2,Inventre Edu Services Pvt Ltd,1,INR,1,ht4mrlv75k,Computer Science with python for Class 12 (Sumit Arora),1,0,Nos
BOM-SASKS Grade 12 Mandate Part 2-001,SASKS Grade 12 Mandate Part 2,Inventre Edu Services Pvt Ltd,1,INR,1,br3u3legll,SAS KS Mini Almanac,1,0,Nos
BOM-SASSC Bundle 15 Mandate Part 2-001,SASSC Bundle 15 Mandate Part 2,Inventre Edu Services Pvt Ltd,1,INR,1,an436o7rgc,SAS BP Mini Almanac,1,0,Nos
BOM-SASKS Grade 12 Commerce Part 2-001,SASKS Grade 12 Commerce Part 2,Inventre Edu Services Pvt Ltd,1,INR,1,5r6fcufe38,Analysis of Financial Statements - TS Grewal,1,0,Nos
,,,,,,5r6qbin139,Accounting for Not-for-Profit Organisations & Partnership Firms - TS Grewal,1,0,Nos
,,,,,,5r6m9j7q6b,Accounting for Companies - TS Grewal,1,0,Nos
,,,,,,5r6r2khfb2,Introductory Macro Economics and Indian Economics Development,1,0,Nos
,,,,,,5r6o9ppfoh,Long 200 pages Single ruled Book,3,0,Nos
BOM-SASKS Grade 12 PCB Part 2-001,SASKS Grade 12 PCB Part 2,Inventre Edu Services Pvt Ltd,1,INR,1,46cvsfn716,Comprehensive Lab Manual - Chemistry Class 12,1,0,Nos
,,,,,,46c6i60hjq,Long 200 pages Single ruled Book,2,0,Nos
BOM-SASKS Grade 12 PCM Part 2-001,SASKS Grade 12 PCM Part 2,Inventre Edu Services Pvt Ltd,1,INR,1,24p217ns5n,Mathematics NCERT Exemplar Lab Manual,1,0,Nos
,,,,,,24p63vv0ot,Comprehensive Lab Manual - Chemistry Class 12,1,0,Nos
,,,,,,24pq5868sv,Long 200 pages Single ruled Book,2,0,Nos
BOM-SASSC Grade 12 Humanities Part 2-001,SASSC Grade 12 Humanities Part 2,Inventre Edu Services Pvt Ltd,1,INR,1,v9c0fgtgf1,Contemporary World Politics Class 12,1,0,Nos
BOM-SASSC Grade 12 Commerce Part 2-001,SASSC Grade 12 Commerce Part 2,Inventre Edu Services Pvt Ltd,1,INR,1,tnrl2gjji0,Analysis of Financial Statements - TS Grewal,1,0,Nos
,,,,,,tnr8kld0fd,Accounting for Not-for-Profit Organisations & Partnership Firms - TS Grewal,1,0,Nos
,,,,,,tnr7eufeq8,Accounting for Companies - TS Grewal,1,0,Nos
,,,,,,tnr6pjgs8r,Introductory Macro Economics and Indian Economics Development,1,0,Nos
,,,,,,tnr77t8dhi,Long 200 pages Single ruled Book,3,0,Nos
,,,,,,tnrmn3gi7j,Long 75 Pages Graph Book,1,0,Nos
BOM-SASSC Grade 12 BPC Part 2-001,SASSC Grade 12 BPC Part 2,Inventre Edu Services Pvt Ltd,1,INR,1,kumrp9ukmg,Comprehensive Lab Manual - Chemistry Class 12,1,0,Nos
,,,,,,kum3fbfa1h,Long 200 pages Single ruled Book,2,0,Nos
BOM-SASSC Grade 12 MPC Part 2-001,SASSC Grade 12 MPC Part 2,Inventre Edu Services Pvt Ltd,1,INR,1,hjsq5c6krt,Mathematics NCERT Exemplar Lab Manual,1,0,Nos
,,,,,,hjsuods8sd,Comprehensive Lab Manual - Chemistry Class 12,1,0,Nos
,,,,,,hjsg6dcako,Long 75 Pages Graph Book,1,0,Nos
,,,,,,hjsrl3ee7h,Long 200 pages Single ruled Book,2,0,Nos
BOM-SASKS Grade 10 Part 2-001,SASKS Grade 10 Part 2,Inventre Edu Services Pvt Ltd,1,INR,1,ofhsijkmpp,Math Lab Manual 10,1,0,Nos
,,,,,,ofhc4hed2g,SAS KS Mini Almanac,1,0,Nos
BOM-SASSC Grade 10 Part 2-001,SASSC Grade 10 Part 2,Inventre Edu Services Pvt Ltd,1,INR,1,o3qn0j3lsf,Math Lab Manual 10,1,0,Nos
,,,,,,o3qfat78q2,SAS BP Mini Almanac,1,0,Nos
BOM-SASKS Grade 12 Economics-001,SASKS Grade 12 Economics,Inventre Edu Services Pvt Ltd,1,INR,1,nh7l12snog,SASKS Grade 12 Economics Part 2,1,0,Nos
,,,,,,jmoqb0i0t6,Macro Economics for Class 12,1,0,Nos
,,,,,,jmodcn276u,Indian Economic Development for Grade 11,1,0,Nos
,,,,,,jmojjlv6r1,CM Crown 200 pages Single ruled,1,0,Nos
,,,,,,jmoposu4vf,SAS KS Long 75 Pages Graph Book,1,0,Nos
,,,,,,jmovnispea,50 A4 Sheets,1,0,Nos
BOM-SASKS Grade 12 Psychology-001,SASKS Grade 12 Psychology,Inventre Edu Services Pvt Ltd,1,INR,1,a2m418ejf4,Psychology Class 12,1,0,Nos
,,,,,,a2mcueqs2a,CM Crown 200 pages Single ruled,1,0,Nos
,,,,,,a2mhge10ch,SAS KS Psy 200 Pages OSR Single Ruled Practical Record Book,1,0,Nos
BOM-SASKS Grade 12 Commerce Notebook-001,SASKS Grade 12 Commerce Notebook,Inventre Edu Services Pvt Ltd,1,INR,1,a9r6dcbr3u,50 A4 Sheets,3,0,Nos
,,,,,,a9rl7t8dtb,CM Crown 200 pages Single ruled,5,0,Nos
,,,,,,q44kutmuer,SAS KS Long 75 Pages Graph Book,1,0,Nos
BOM-SASKS Grade 12 Commerce Textbook-001,SASKS Grade 12 Commerce Textbook,Inventre Edu Services Pvt Ltd,1,INR,1,9mf1vdf4al,Business Studies for Class 12 Part 1,1,89.25,Nos
,,,,,,9mf6iaolsv,Business Studies for Class 12 Part 2,1,42.5,Nos
,,,,,,9mf2ev1mjl,Macro Economics for Class 12,1,0,Nos
,,,,,,9mfj3ks4di,Indian Economic Development for Grade 11,1,0,Nos
BOM-SASKS Grade 12 PCB Notebook-001,SASKS Grade 12 PCB Notebook,Inventre Edu Services Pvt Ltd,1,INR,1,7v6n2k77pp,CM Crown 200 pages Single ruled,5,0,Nos
,,,,,,7v6brmgb4h,CM Crown 100 pages Plain Book,1,0,Nos
,,,,,,7v6v40lum2,SAS KS Bio 300 Pages Filed Type OSR Record Book (150 loose sheets),1,0,Nos
,,,,,,7v6vqcvn4a,SAS KS Phy 200 Pages OSR Single Ruled Practical Record Book,1,0,Nos
,,,,,,7v6vqgk0n3,SAS KS Chem 300 Pages OSR Single Ruled Practical Record Book,1,0,Nos
,,,,,,oeu9vbocm4,CM Crown 100 pages OSR Single Leaved,2,0,Nos
BOM-SASKS Grade 12 PCB Textbook-001,SASKS Grade 12 PCB Textbook,Inventre Edu Services Pvt Ltd,1,INR,1,7bjdratmsi,Biology Text Book for class 12,1,144.49,Nos
,,,,,,7bj3e8r35o,Comprehensive Lab Manual -Biology Class 12,1,0,Nos
,,,,,,7bjqk664ec,Chemistry Text for Class 12 – Part 1,1,110.5,Nos
,,,,,,7bj0p3975j,Chemistry Text for Class 12 – Part 2,1,102,Nos
,,,,,,7bj8ob0q43,PhysicsText for Class 12 – Part 1,1,131.75,Nos
,,,,,,7bj2pvlhtm,PhysicsText for Class 12 – Part 2,1,89.25,Nos
,,,,,,7bjknms0ql,Practical skills in Physics 12,1,0,Nos
BOM-SASKS Grade 12 PCM Notebook-001,SASKS Grade 12 PCM Notebook,Inventre Edu Services Pvt Ltd,1,INR,1,5iq26sj08j,CM Crown 200 pages Single ruled,8,0,Nos
,,,,,,5iqiq4q7kh,SAS KS Math 200 Pages OSR Single Ruled Practical Record Book,1,0,Nos
,,,,,,5iqtk9c925,SAS KS Phy 200 Pages OSR Single Ruled Practical Record Book,1,0,Nos
,,,,,,5iqghu6rpt,SAS KS Chem 300 Pages OSR Single Ruled Practical Record Book,1,0,Nos
,,,,,,olh4p4kpsn,CM Crown 100 pages OSR Single Leaved,2,0,Nos
,,,,,,2aqm35lca2,SAS KS Long 75 Pages Graph Book,1,0,Nos
BOM-SASKS Grade 12 PCM Textbook-001,SASKS Grade 12 PCM Textbook,Inventre Edu Services Pvt Ltd,1,INR,1,50j42q3jk7,Mathematics Textbook for Class 12 Part I,1,93.5,Nos
,,,,,,50jlqh5elt,Mathematics Textbook for Class 12 Part II,1,97.74,Nos
,,,,,,50jpa1d9eh,Chemistry Text for Class 12 – Part 1,1,110.5,Nos
,,,,,,50j645ld64,Chemistry Text for Class 12 – Part 2,1,102,Nos
,,,,,,50jokkncv6,PhysicsText for Class 12 – Part 1,1,131.75,Nos
,,,,,,50j6v2mohj,PhysicsText for Class 12 – Part 2,1,89.25,Nos
,,,,,,50j8nfs8a8,Practical skills in Physics 12,1,0,Nos
BOM-SASSC Grade 12 Humanities Notebook-001,SASSC Grade 12 Humanities Notebook,Inventre Edu Services Pvt Ltd,1,INR,1,0s6584eslv,SAS BP Crown 200 pages Single ruled,9,0,Nos
,,,,,,0s6viv6nu6,SAS BP His 100 Pages OSR Single Ruled Practical Record Book,1,81.5,Nos
,,,,,,0s62v4k9od,SAS BP Psy 200 Pages OSR Single Ruled Practical Record Book,1,121,Nos
,,,,,,0s62btuve7,50 A4 Sheets,2,0,Nos
BOM-SASSC Grade 12 Humanities Textbook-001,SASSC Grade 12 Humanities Textbook,Inventre Edu Services Pvt Ltd,1,INR,1,06ul2bug8i,"Themes in World History, Class XII - Part 1",1,0,Nos
,,,,,,06u1g9qhnk,"Themes in World History, Class XII - Part 2",1,0,Nos
,,,,,,06uiq4kv6f,"Themes in World History, Class XII - Part 3",1,0,Nos
,,,,,,06uhs5tbpf,Politics In India Since Independence Class 12,1,0,Nos
,,,,,,06um7qdmba,Psychology Class 12,1,0,Nos
BOM-SASSC Grade 12 Commerce Notebook-001,SASSC Grade 12 Commerce Notebook,Inventre Edu Services Pvt Ltd,1,INR,1,us0tg81k2m,SAS BP Crown 200 pages Single ruled,5,0,Nos
,,,,,,us0ju061eg,50 A4 Sheets,3,0,Nos
BOM-SASSC Grade 12 Commerce Textbook-001,SASSC Grade 12 Commerce Textbook,Inventre Edu Services Pvt Ltd,1,INR,1,u9pjsuvkvf,Business Studies for Class 12 Part 1,1,89.25,Nos
,,,,,,u9p10pjb3q,Business Studies for Class 12 Part 2,1,42.5,Nos
,,,,,,u9pnge38pc,Macro Economics for Class 12,1,0,Nos
,,,,,,u9p3cn5458,Indian Economic Development for Grade 11,1,0,Nos
BOM-SASSC Grade 12 BPC Notebook-001,SASSC Grade 12 BPC Notebook,Inventre Edu Services Pvt Ltd,1,INR,1,steu090kro,SAS BP Crown 200 pages Single ruled,5,0,Nos
,,,,,,ste1rk0ev7,SAS BP Crown 100 pages Plain Book,1,0,Nos
,,,,,,ste5d9bu3u,SAS BP Bio 300 Pages Filed Type OSR Record Book (150 loose sheets),1,219,Nos
,,,,,,steanltstd,SAS BP Chem 300 Pages OSR Single Ruled Practical Record Book,1,151,Nos
,,,,,,stetpfrs61,SAS BP Phy 200 Pages OSR Single Ruled Practical Record Book,1,121,Nos
,,,,,,oslp5mr5f4,CM Crown 100 pages OSR Single Leaved,2,22.5,Nos
BOM-SASSC Grade 12 BPC Textbook-001,SASSC Grade 12 BPC Textbook,Inventre Edu Services Pvt Ltd,1,INR,1,s75u9b9rfm,Biology Text Book for class 12,1,144.49,Nos
,,,,,,s75asvq7bs,Comprehensive Lab Manual -Biology Class 12,1,0,Nos
,,,,,,s75qpoqf7k,Chemistry Text for Class 12 – Part 1,1,110.5,Nos
,,,,,,s75d5rus9a,Chemistry Text for Class 12 – Part 2,1,102,Nos
,,,,,,s75gvc21a5,PhysicsText for Class 12 – Part 1,1,131.75,Nos
,,,,,,s75lthue19,PhysicsText for Class 12 – Part 2,1,89.25,Nos
,,,,,,s75d4q2nmf,Practical skills in Physics 12,1,0,Nos
BOM-SASSC Grade 12 MPC Notebook-001,SASSC Grade 12 MPC Notebook,Inventre Edu Services Pvt Ltd,1,INR,1,qilbl9tdv8,SAS BP Crown 200 pages Single ruled,8,0,Nos
,,,,,,qil9ifcfcb,SAS BP Math 200 Pages OSR Single Ruled Practical Record Book,1,121,Nos
,,,,,,qils0l5e3o,SAS BP Chem 300 Pages OSR Single Ruled Practical Record Book,1,151,Nos
,,,,,,qil2h0g6hp,SAS BP Phy 200 Pages OSR Single Ruled Practical Record Book,1,121,Nos
,,,,,,p33qd1fqa7,CM Crown 100 pages OSR Single Leaved,2,22.5,Nos
BOM-SASSC Grade 12 MPC Textbook-001,SASSC Grade 12 MPC Textbook,Inventre Edu Services Pvt Ltd,1,INR,1,ps7gr3hk9h,Mathematics Textbook for Class 12 Part I,1,93.5,Nos
,,,,,,ps7ba6a3np,Mathematics Textbook for Class 12 Part II,1,97.74,Nos
,,,,,,ps7j9npc82,Chemistry Text for Class 12 – Part 1,1,110.5,Nos
,,,,,,ps7od6famj,Chemistry Text for Class 12 – Part 2,1,102,Nos
,,,,,,ps7bubdla0,PhysicsText for Class 12 – Part 1,1,131.75,Nos
,,,,,,ps7qdp599j,PhysicsText for Class 12 – Part 2,1,89.25,Nos
,,,,,,ps7u1pee0q,Practical skills in Physics 12,1,0,Nos
BOM-SAS KS Grade 12 Psychology-001,SAS KS Grade 12 Psychology,Inventre Edu Services Pvt Ltd,1,INR,1,jc0ts9q529,Psychology Class 12,1,0,Nos
,,,,,,jc0rc8bqf3,CM Crown 200 pages Single ruled,2,0,Nos
,,,,,,jc09kbdh2h,50 A4 Sheets,1,0,Nos
BOM-SASKS Grade 12 Physical Education-001,SASKS Grade 12 Physical Education,Inventre Edu Services Pvt Ltd,1,INR,1,i320r8mbfo,A Text Book Of Physical Education CBSE Class 12,1,0,Nos
,,,,,,mqfvmmsa0r,SASKS Grade 12 Physical Education Part 2,1,0,Nos
,,,,,,i3282msa1p,CM Crown 200 pages Single ruled,2,0,Nos
,,,,,,i32q01lpnj,50 A4 Sheets,1,0,Nos
BOM-SASKS Grade 12 Entrepreneurship-001,SASKS Grade 12 Entrepreneurship,Inventre Edu Services Pvt Ltd,1,INR,1,he5984sof2,Entrepreurship Book 12,1,0,Nos
,,,,,,he57e2gif2,CM Crown 200 pages Single ruled,2,0,Nos
,,,,,,he5v6h42d6,50 A4 Sheets,1,0,Nos
BOM-SASKS Grade 12 BioTechnology-001,SASKS Grade 12 BioTechnology,Inventre Edu Services Pvt Ltd,1,INR,1,gelt2m4lub,CM Crown 200 pages Single ruled,2,0,Nos
,,,,,,gelnfqv6p9,50 A4 Sheets,1,0,Nos
BOM-SASKS Grade 12 Applied Mathematics-001,SASKS Grade 12 Applied Mathematics,Inventre Edu Services Pvt Ltd,1,INR,1,g2b8vmkhtr,Applied Mathematics Textbook - ML Aggarwal -Grade XII,1,0,Nos
,,,,,,g2bo2d5bfv,CM Crown 200 pages Single ruled,5,0,Nos
BOM-SASKS Grade 12 Informatics Practices-001,SASKS Grade 12 Informatics Practices,Inventre Edu Services Pvt Ltd,1,INR,1,m14tea7pkm,SASKS Grade 12 Informatics Practices Part 2,1,0,Nos
,,,,,,fma9rb2efs,CM Crown 200 pages Single ruled,2,0,Nos
,,,,,,fmah2jci10,SAS KS IP 200 Pages OSR Single Ruled Practical Record Book,1,0,Nos
BOM-SASKS Grade 12 Computer Science-001,SASKS Grade 12 Computer Science,Inventre Edu Services Pvt Ltd,1,INR,1,lano3lnn8v,SASKS Grade 12 Computer Science Part 2,1,0,Nos
,,,,,,f54vpctm7o,CM Crown 200 pages Single ruled,2,0,Nos
,,,,,,f5442v9qo2,SAS KS CS 200 Pages OSR Single Ruled Practical Record Book,1,0,Nos
BOM-SASKS Grade 12 Commerce-001,SASKS Grade 12 Commerce,Inventre Edu Services Pvt Ltd,1,INR,1,aoal0n3nne,SASKS Grade 12 Commerce Textbook,1,0,Nos
,,,,,,aoa9d9l40k,SASKS Grade 12 Commerce Notebook,1,0,Nos
,,,,,,76260md43d,SASKS Grade 12 Commerce Part 2,1,0,Nos
BOM-SASKS Grade 12 PCB-001,SASKS Grade 12 PCB,Inventre Edu Services Pvt Ltd,1,INR,1,8bgbb0p16j,SASKS Grade 12 PCB Textbook,1,0,Nos
,,,,,,8bgeako9v5,SASKS Grade 12 PCB Notebook,1,0,Nos
,,,,,,4cu43slof9,SASKS Grade 12 PCB Part 2,1,0,Nos
BOM-SASKS Grade 12 PCM-001,SASKS Grade 12 PCM,Inventre Edu Services Pvt Ltd,1,INR,1,5vhlr259lu,SASKS Grade 12 PCM Textbook,1,0,Nos
,,,,,,5vhhv4tabu,SASKS Grade 12 PCM Notebook,1,0,Nos
,,,,,,2kmco2jkn3,SASKS Grade 12 PCM Part 2,1,0,Nos
BOM-SASKS Grade 12 Mandate-001,SASKS Grade 12 Mandate,Inventre Edu Services Pvt Ltd,1,INR,1,rd790nf0t4,Main Textbook- Flamingo,1,46.75,Nos
,,,,,,rd705f5e4g,Supplementary- Vistas,1,34,Nos
,,,,,,rd7cekleto,CM Crown 200 pages Single ruled,2,0,Nos
,,,,,,rd7jgl9htj,CM Crown 100 pages Plain Book,1,0,Nos
,,,,,,rd7944hid2,Transparent Roll,2,33.9,Nos
,,,,,,rd7jt5kpte,Worksheet,1,400,Nos
,,,,,,rd7epf60gu,SAS KS Almanac,1,0,Nos
,,,,,,rd7rgc1dme,SAS KS ID Card,1,0,Nos
,,,,,,rd7c7lnuml,SAS Flat File,1,0,Nos
,,,,,,rd7h422fr9,File Folder,10,4.45,Nos
,,,,,,rd7so0gudf,Packaging & Transport,1,300,Nos
,,,,,,c8qvcjtdcu,SASKS Grade 12 Mandate Part 2,1,0,Nos
BOM-SASSC Grade 12 Economics-001,SASSC Grade 12 Economics,Inventre Edu Services Pvt Ltd,1,INR,1,neje79poaq,Macro Economics for Class 12,1,0,Nos
,,,,,,nejgpbdus5,Indian Economic Development for Grade 11,1,0,Nos
,,,,,,nejv2gama9,SAS BP Crown 200 pages Single ruled,3,0,Nos
,,,,,,nejf9iagbn,50 A4 Sheets,1,0,Nos
,,,,,,kj9aedfrvl,SASSC Grade 12 Economics Part 2,1,0,Nos
BOM-SASSC Grade 12 Psychology-001,SASSC Grade 12 Psychology,Inventre Edu Services Pvt Ltd,1,INR,1,mnv515glof,Psychology Class 12,1,0,Nos
,,,,,,mnv3afihg7,SAS BP Crown 200 pages Single ruled,3,0,Nos
,,,,,,mnve4sue2i,SAS BP Psy 200 Pages OSR Single Ruled Practical Record Book,1,121,Nos
BOM-SASSC Grade 12 Entrepreneurship-001,SASSC Grade 12 Entrepreneurship,Inventre Edu Services Pvt Ltd,1,INR,1,m1etgpab8d,Entrepreurship Book 12,1,0,Nos
,,,,,,m1ecjchtqs,SAS BP Crown 200 pages Single ruled,2,0,Nos
,,,,,,m1e5h8p9cp,50 A4 Sheets,1,0,Nos
BOM-SASSC Grade 12 BioTechnology-001,SASSC Grade 12 BioTechnology,Inventre Edu Services Pvt Ltd,1,INR,1,l3l50as12o,SAS BP Crown 200 pages Single ruled,2,0,Nos
,,,,,,l3lffdj5fg,50 A4 Sheets,1,0,Nos
BOM-SASSC Grade 12 Applied Mathematics-001,SASSC Grade 12 Applied Mathematics,Inventre Edu Services Pvt Ltd,1,INR,1,kl5art0k8e,Applied Mathematics Textbook - ML Aggarwal -Grade XII,1,0,Nos
,,,,,,kl558sk326,SAS BP Crown 200 pages Single ruled,5,0,Nos
BOM-SASSC Grade 12 Physical Education-001,SASSC Grade 12 Physical Education,Inventre Edu Services Pvt Ltd,1,INR,1,k7tfl2h14r,A Text Book Of Physical Education CBSE Class 12,1,0,Nos
,,,,,,jle7q16fru,SASSC Grade 12 Physical Education Part 2,1,0,Nos
,,,,,,k7th3mcejp,SAS BP Crown 200 pages Single ruled,2,0,Nos
,,,,,,k7t85fh6sv,50 A4 Sheets,1,0,Nos
BOM-SASSC Grade 12 Informatics Practices-001,SASSC Grade 12 Informatics Practices,Inventre Edu Services Pvt Ltd,1,INR,1,j0amjk52u4,SASSC Grade 12 Informatics Practices Part 2,1,0,Nos
,,,,,,jbrntq3hlb,SAS BP Crown 200 pages Single ruled,2,0,Nos
,,,,,,jbrr7131qp,SAS BP IP 200 Pages OSR Single Ruled Practical Record Book,1,121,Nos
BOM-SASSC Grade 12 Computer Science-001,SASSC Grade 12 Computer Science,Inventre Edu Services Pvt Ltd,1,INR,1,it0i8ic2q2,SAS BP Crown 200 pages Single ruled,2,0,Nos
,,,,,,it0dqs90m1,SAS BP CS 200 Pages OSR Single Ruled Practical Record Book,1,121,Nos
,,,,,,i8as67b2qn,SASSC Grade 12 Computer Science Part 2,1,0,Nos
BOM-SASSC Grade 12 Humanities-001,SASSC Grade 12 Humanities,Inventre Edu Services Pvt Ltd,1,INR,1,18itfnh9vp,SASSC Grade 12 Humanities Textbook,1,0,Nos
,,,,,,18i4cldv0p,SASSC Grade 12 Humanities Notebook,1,0,Nos
,,,,,,vh51laeiqp,SASSC Grade 12 Humanities Part 2,1,0,Nos
BOM-SASSC Grade 12 Commerce-001,SASSC Grade 12 Commerce,Inventre Edu Services Pvt Ltd,1,INR,1,v7kpbg7mm2,SASSC Grade 12 Commerce Textbook,1,0,Nos
,,,,,,v7kfmn827b,SASSC Grade 12 Commerce Notebook,1,0,Nos
,,,,,,tuuhqo9ebo,SASSC Grade 12 Commerce Part 2,1,0,Nos
BOM-SASSC Grade 12 MPC-001,SASSC Grade 12 MPC,Inventre Edu Services Pvt Ltd,1,INR,1,r77uof7tqv,SASSC Grade 12 MPC Textbook,1,0,Nos
,,,,,,r77ia1i4q3,SASSC Grade 12 MPC Notebook,1,0,Nos
,,,,,,htph33krna,SASSC Grade 12 MPC Part 2,1,0,Nos
BOM-SASSC Grade 12 BPC-001,SASSC Grade 12 BPC,Inventre Edu Services Pvt Ltd,1,INR,1,t9vt6pl7vv,SASSC Grade 12 BPC Textbook,1,0,Nos
,,,,,,t9v50f6olg,SASSC Grade 12 BPC Notebook,1,0,Nos
,,,,,,lev9jpk0am,SASSC Grade 12 BPC Part 2,1,0,Nos
BOM-SASSC Bundle 15 Mandate-001,SASSC Bundle 12 Mandate,Inventre Edu Services Pvt Ltd,1,INR,1,0hc8k1qhfq,Main Textbook- Flamingo,1,46.75,Nos
,,,,,,0hc2imj1kf,Supplementary- Vistas,1,34,Nos
,,,,,,0hcjn13a4j,SAS BP Crown 200 pages Single ruled,2,0,Nos
,,,,,,0hc418eg61,SAS BP Crown 100 pages Plain Book,1,0,Nos
,,,,,,0hc6j35kbd,Transparent Roll,2,33.9,Nos
,,,,,,0hc40nh5ac,Worksheet,1,300,Nos
,,,,,,0hcrrc0cif,SAS BP Almanac,1,75,Nos
,,,,,,0hc4885p9i,SAS BP ID Card,1,78,Nos
,,,,,,0hca3jlh6f,SAS Flat File,1,13.14,Nos
,,,,,,0hccrtp5af,File Folder,10,4.45,Nos
,,,,,,0hc7gev91r,Packaging & Transport,1,300,Nos
,,,,,,b1m7e2on4m,SASSC Bundle 15 Mandate Part 2,1,0,Nos
BOM-SASKS Bundle 13 Textbook-001,SASKS Bundle 13 Textbook,Inventre Edu Services Pvt Ltd,1,INR,1,piar27tefn,First Flight,1,63.75,Nos
,,,,,,pia8camitc,Footprint without Feet,1,34,Nos
,,,,,,piabcrh9qg,Words and Expressions 2,1,102,Nos
,,,,,,pia2t985oj,Maths Textbook 10,1,106.25,Nos
,,,,,,piala1qsaq,Maths text (RS Agarwal) 10,1,575.25,Nos
,,,,,,piasl5h8mc,Science Textbook 10,1,136,Nos
,,,,,,pia92n1r7d,Science Exempler Problems 10,1,107.8,Nos
,,,,,,pialve3gn8,Laboratory Manual Science 10,1,258.3,Nos
,,,,,,piabr1e3sj,Contemporary India - Geography Grade 10,1,63.74,Nos
,,,,,,piavt6s06j,India & Contemporary World II Grade 10,1,89.24,Nos
,,,,,,piaflvj1ir,Democratic Politics II,1,55.25,Nos
,,,,,,pia2p3pos4,Understanding Economics Development,1,68,Nos
,,,,,,pia6md1c0r,Artificial Intelligence 10,1,300,Nos
BOM-SASKS Bundle 13 Notebook-001,SASKS Bundle 13 Notebook,Inventre Edu Services Pvt Ltd,1,INR,1,drglgl5qei,CM Crown 200 pages Single ruled,12,47.41,Nos
,,,,,,drgu6ejaju,CM Crown 200 pages Maths ruled,6,47.41,Nos
,,,,,,drg0fda06n,CM 100 Pages OSR Single Ruled Record Book,2,42.4,Nos
,,,,,,drgj0vu2ql,CM 200 Pages OSR Single Ruled Record Book,2,68.36,Nos
,,,,,,drg8ctchda,CM 50 Pages Plain Drawing Book,1,22.93,Nos
,,,,,,drguvhngk7,CM Long 50 Pages Graph Book,1,22.44,Nos
,,,,,,drg8hvf31t,CM Crown 100 pages Plain Book,1,22.5,Nos
BOM-SASKS Bundle 13 Stationery-001,SASKS Bundle 13 Stationery,Inventre Edu Services Pvt Ltd,1,INR,1,c0vgod61jj,SAS Flat File,1,13.14,Nos
,,,,,,c0v562ccrq,File Folder,10,4.45,Nos
,,,,,,c0v6nubiah,A4 Size Colour Paper Packet (25 sheets),1,19.49,Nos
,,,,,,c0v31prpp4,A4 Size Plain Sheets (25 sheets),1,18.64,Nos
,,,,,,c0vjonlf3r,Transparent Roll,2,33.9,Nos
,,,,,,c0v3ufu1st,SAS KS Label Sheet,2,4.24,Nos
,,,,,,c0vpg5e09l,Poster Paint (6 Shades),1,50,Nos
,,,,,,c0v2e2dd9j,"Flat Brushes - Size 1,3,5,6",1,88.75,Nos
BOM-SASKS Bundle 13 Program-001,SASKS Bundle 13 Program,Inventre Edu Services Pvt Ltd,1,INR,1,arp5303c0d,Opendoor Thinking Assessment-SAS,1,480,Nos
BOM-SASKS Bundle 13 Other-001,SASKS Bundle 13 Other,Inventre Edu Services Pvt Ltd,1,INR,1,ak7t7kk6cf,SAS KS Almanac,1,75,Nos
,,,,,,ak7r4s86f1,SAS KS ID Card,1,78,Nos
,,,,,,ak76q2lfml,Worksheet,1,300,Nos
,,,,,,ak7d2rid66,Packaging & Transport,1,300,Nos
BOM-SASKS Bundle 13 Tel-Hin-001,SASKS Bundle 13 Tel-Hin,Inventre Edu Services Pvt Ltd,1,INR,1,a13pc2jmm5,Vennella-5,1,0,Nos
BOM-SASKS Bundle 13 Hin-Tel-001,SASKS Bundle 13 Hin-Tel,Inventre Edu Services Pvt Ltd,1,INR,1,9p9ibi65ku,Sparsh Grade 10,1,59.5,Nos
,,,,,,9p9b4337kc,Sanchayan II,1,34,Nos
,,,,,,9p9f5p7bm1,Anmol hindi Vyakaran thatha rachana - 10,1,244.8,Nos
BOM-SASSC Bundle 13 Fre-Tel-001,SASSC Bundle 13 Fre-Tel,Inventre Edu Services Pvt Ltd,1,INR,1,99tsvq13ok,Mire 2,1,219,Nos
BOM-SASSC Bundle 13 Tel-Hin-001,SASSC Bundle 13 Tel-Hin,Inventre Edu Services Pvt Ltd,1,INR,1,8q0kesm42k,Vennella-5,1,0,Nos
BOM-SASSC Bundle 13 Hin-Tel-001,SASSC Bundle 13 Hin-Tel,Inventre Edu Services Pvt Ltd,1,INR,1,2pgqnji1vj,Sparsh Grade 10,1,59.5,Nos
,,,,,,2pg02l8ndg,Sanchayan II,1,34,Nos
,,,,,,2pg74fhqen,Anmol hindi Vyakaran thatha rachana - 10,1,244.8,Nos
BOM-SASSC Bundle 13 Other-001,SASSC Bundle 13 Other,Inventre Edu Services Pvt Ltd,1,INR,1,23cimcalbn,Worksheet,1,300,Nos
,,,,,,23c92sbrcj,SAS BP Almanac,1,75,Nos
,,,,,,23c0m2mmkk,SAS BP ID Card,1,78,Nos
,,,,,,23cbrqsple,Packaging & Transport,1,300,Nos
BOM-SASSC Bundle 13 Program-001,SASSC Bundle 13 Program,Inventre Edu Services Pvt Ltd,1,INR,1,0fien0l3sd,Opendoor Thinking Assessment-SAS,1,480,Nos
BOM-SAS SC Bundle 13 Stationery-001,SAS SC Bundle 13 Stationery,Inventre Edu Services Pvt Ltd,1,INR,1,vr8fmvjv8a,SAS Flat File,1,13.14,Nos
,,,,,,vr8n1mce31,File Folder,10,4.45,Nos
,,,,,,vr8r484oum,A4 Size Colour Paper Packet (25 sheets),1,19.49,Nos
,,,,,,vr8kbha3iu,Transparent Roll,2,33.9,Nos
,,,,,,vr8bmd6l4r,SAS BP Label Sheet,2,4.24,Nos
,,,,,,vr8f3fah6e,Poster Paint (6 Shades),1,50,Nos
,,,,,,vr8d24d3ia,"Flat Brushes - Size 1,3,5,6",1,88.75,Nos
,,,,,,vr8mn1no0i,A4 Size Plain Sheets (25 sheets),1,18.64,Nos
BOM-SASSC Bundle 13 Notebook-001,SASSC Bundle 13 Notebook,Inventre Edu Services Pvt Ltd,1,INR,1,ubecha8fae,CM Crown 200 pages Single ruled,12,47.41,Nos
,,,,,,ube9bf7i6a,CM Crown 200 pages Maths ruled,6,47.41,Nos
,,,,,,ubehngerdj,CM 50 Pages Plain Drawing Book,1,22.93,Nos
,,,,,,ubelrulqg4,CM 100 Pages OSR Single Ruled Record Book,2,42.4,Nos
,,,,,,ube49t023g,CM 200 Pages OSR Single Ruled Record Book,2,68.36,Nos
,,,,,,ubekiq9t0e,CM Long 50 Pages Graph Book,1,22.44,Nos
,,,,,,ubecd1c7ie,CM Crown 100 pages Plain Book,1,22.5,Nos
BOM-SASSC Bundle 13 Textbook-001,SASSC Bundle 13 Textbook,Inventre Edu Services Pvt Ltd,1,INR,1,squdu9l0tl,First Flight,1,63.75,Nos
,,,,,,squiu7j4l0,Footprint without Feet,1,34,Nos
,,,,,,squ5b2qgv2,Words and Expressions 2,1,102,Nos
,,,,,,squatfugjh,Maths text (RS Agarwal) 10,1,575.25,Nos
,,,,,,squrlpp9e0,Maths Textbook 10,1,106.25,Nos
,,,,,,squd60nj1n,Science Textbook 10,1,136,Nos
,,,,,,squd630o8m,Science Exempler Problems 10,1,107.8,Nos
,,,,,,squp27ce64,Laboratory Manual Science 10,1,258.3,Nos
,,,,,,squq8okak0,Contemporary India - Geography Grade 10,1,63.74,Nos
,,,,,,squugf06if,India & Contemporary World II Grade 10,1,89.24,Nos
,,,,,,squo3ld57q,Democratic Politics II,1,55.25,Nos
,,,,,,squvh9uame,Understanding Economics Development,1,68,Nos
,,,,,,squjahr7a0,Artificial Intelligence 10,1,300,Nos
BOM-Winmore Jakkur Grade 10 Hindi 2nd lang-Kannada 3rd lang-002,Winmore Jakkur Grade 10 Hindi 2nd lang-Kannada 3rd lang,Inventre Edu Services Pvt Ltd,1,INR,1,g0trpacpis,WNJKBundle 13 Textbook,1,1384.33,Nos
,,,,,,g0tfjnilgq,WNJKBundle 13 Hin-Kan,1,398.3,Nos
,,,,,,g0tddjvclb,WNJKBundle 13 Notebook,1,821,Nos
,,,,,,g0t8jhveth,WNJKBundle 13 Stationery,1,262.32,Nos
,,,,,,g0tm31htb9,WNJKBundle 13 Program,1,566.4,Nos
,,,,,,g0t2o0h9lc,WNJKBundle 13 Other,1,1486.5,Nos
,,,,,,g0ti62d9bd,WNJK Bundle 13 Part 2,1,1058.25,Nos
,,,,,,g0tr5viuk8,WMJK Bundle 13 Part 3,1,999,Nos
BOM-WNJKBundle 13 Textbook-002,WNJKBundle 13 Textbook,Inventre Edu Services Pvt Ltd,1,INR,1,8o6osc94si,First Flight,1,63.75,Nos
,,,,,,8o6231arjv,Footprint without Feet,1,34,Nos
,,,,,,8o6an67b3j,Words and Expressions 2,1,102,Nos
,,,,,,8o617uvd7t,Maths Textbook 10,1,106.25,Nos
,,,,,,8o6jrvb4lr,Science Textbook 10,1,136,Nos
,,,,,,8o678gr5r6,Science Exempler Problems 10,1,107.8,Nos
,,,,,,8o6ogcv8gh,Laboratory Manual Science 10,1,258.3,Nos
,,,,,,8o6c66ciep,Contemporary India - Geography Grade 10,1,63.74,Nos
,,,,,,8o6gf6shf5,India & Contemporary World II Grade 10,1,89.24,Nos
,,,,,,8o6pu8fnji,Democratic Politics II,1,55.25,Nos
,,,,,,8o672q6s2i,Understanding Economics Development,1,68,Nos
,,,,,,8o6jht3rt0,Employability Skills Textbook & Facilitator books - AI 10,1,300,Nos
BOM-WNWF Bundle 13 Part 3-001,WNWF Bundle 13 Part 3,Inventre Edu Services Pvt Ltd,1,INR,1,4nla24f81u,Robotics Kit 10,1,999,Nos
BOM-WNWF Bundle 13 Part 2-001,WNWF Bundle 13 Part 2,Inventre Edu Services Pvt Ltd,1,INR,1,ivdjvqbmja,Maths text (RS Agarwal) 10,1,575.25,Nos
,,,,,,ivdlq4uvgk,Math Lab Manual 10,1,0,Nos
,,,,,,ivds4l8143,Crown 200 pages Maths ruled,6,38,Nos
,,,,,,ivdgre8nqa,50 Pages Plain Drawing Book,1,0,Nos
,,,,,,ivd348n5g0,WM WF Mini Almanac,1,17.7,Nos
BOM-WM JK Bundle 13 Fre-Kan Part 2-001,WM JK Bundle 13 Fre-Kan Part 2,Inventre Edu Services Pvt Ltd,1,INR,1,gnqupg1ett,Entre Jeunes (TextBook) Gr 10,1,0,Nos
,,,,,,gnq7tltfiq,Entre Jeunes (Workbook) Gr 10,1,0,Nos
BOM-WMJK Bundle 13 Part 3-001,WMJK Bundle 13 Part 3,Inventre Edu Services Pvt Ltd,1,INR,1,21dgj1bm8k,Robotics Kit 10,1,999,Nos
BOM-WNJK Bundle 13 Part 2-001,WNJK Bundle 13 Part 2,Inventre Edu Services Pvt Ltd,1,INR,1,v0iuqcsukh,Maths text (RS Agarwal) 10,1,575.25,Nos
,,,,,,v0ioo3l8ci,Maths Lab Manual 10,1,255,Nos
,,,,,,v0i8srms89,Crown 200 pages Maths ruled,6,38,Nos
,,,,,,v0i4oclvks,50 Pages Plain Drawing Book,1,0,Nos
,,,,,,v0iqgqq6j7,WM JK Mini Almanac,1,0,Nos
BOM-Grade 12  Single Ruled 200 pages Notebook-001,Grade 12 Single Ruled 200 pages Notebook,Inventre Edu Services Pvt Ltd,1,INR,1,gl1st34587,Grade 12 Single Ruled 200 pages Notebook,1,0,Nos
BOM-Grade 12 Business Studies Part 2-001,Grade 12 Business Studies Part 2,Inventre Edu Services Pvt Ltd,1,INR,1,lf2rnll0np,Business Studies for Class 12 Part 2,1,0,Nos
BOM-Grade 12 Business Studies Part 1-001,Grade 12 Business Studies Part 1,Inventre Edu Services Pvt Ltd,1,INR,1,kq33otaade,Business Studies for Class 12 Part 1,1,0,Nos
BOM-Grade 12 Physics Part 2-001,Grade 12 Physics Part 2,Inventre Edu Services Pvt Ltd,1,INR,1,akhd8fab5k,PhysicsText for Class 12 – Part 2,1,0,Nos
BOM-Grade 12 Physics Part 1-001,Grade 12 Physics Part 1,Inventre Edu Services Pvt Ltd,1,INR,1,9selpvhenh,PhysicsText for Class 12 – Part 1,1,0,Nos
BOM-Grade 12 Chemistry Part 2-001,Grade 12 Chemistry Part 2,Inventre Edu Services Pvt Ltd,1,INR,1,8v0en6f8ev,Chemistry Text for Class 12 – Part 2,1,0,Nos
BOM-Grade 12 Chemistry Part 1-001,Grade 12 Chemistry Part 1,Inventre Edu Services Pvt Ltd,1,INR,1,87vidg4ml4,Chemistry Text for Class 12 – Part 1,1,0,Nos
BOM-Grade 12 Biology Textbook-001,Grade 12 Biology Textbook,Inventre Edu Services Pvt Ltd,1,INR,1,7bgm6koer6,Biology Text Book for class 12,1,0,Nos
BOM-Grade 12 Mathematics Part 2-001,Grade 12 Mathematics Part 2,Inventre Edu Services Pvt Ltd,1,INR,1,63m7c7p85n,Mathematics Textbook for Class 12 Part II,1,0,Nos
BOM-Grade 12 Mathematics Part 1-001,Grade 12 Mathematics Part 1,Inventre Edu Services Pvt Ltd,1,INR,1,58vqh6jhrc,Mathematics Textbook for Class 12 Part I,1,0,Nos
BOM-Grade 12 English Supplementary - Vistas-001,Grade 12 English Supplementary - Vistas,Inventre Edu Services Pvt Ltd,1,INR,1,3mvjq3748n,Supplementary- Vistas,1,0,Nos
BOM-Grade 12 English Textbook  - Flamingo-001,Grade 12 English Textbook - Flamingo,Inventre Edu Services Pvt Ltd,1,INR,1,2as25ctlcf,Main Textbook- Flamingo,1,0,Nos
BOM-Winmore Whitefield Grade 10 Kannada 2nd lang-Hindi 3rd lang-001,Winmore Whitefield Grade 10 Kannada 2nd lang-Hindi 3rd lang,Inventre Edu Services Pvt Ltd,1,INR,1,ffrev0vtb5,WNWFBundle 13 Textbook,1,1384.33,Nos
,,,,,,ffrjo7rubt,WNWFBundle 13 Kan-Hin,1,72,Nos
,,,,,,ffr0dtgp80,WNWFBundle 13 Notebook,1,821,Nos
,,,,,,ffr5nsg9tk,WNWFBundle 13 Stationery,1,312.32,Nos
,,,,,,ffr5a6r2bn,WNWFBundle 13 Program,1,566.4,Nos
,,,,,,ffrv3gvrbk,WNWFBundle 13 Other,1,1486.5,Nos
,,,,,,kht3dorl3l,WNWF Bundle 13 Part 2,1,820.95,Nos
,,,,,,khtta56o48,WNWF Bundle 13 Part 3,1,999,Nos
BOM-Winmore Whitefield Grade 10 Hindi 2nd lang-Kannada 3rd lang-001,Winmore Whitefield Grade 10 Hindi 2nd lang-Kannada 3rd lang,Inventre Edu Services Pvt Ltd,1,INR,1,ea59utjq44,WNWFBundle 13 Textbook,1,1384.33,Nos
,,,,,,ea5iud15jl,WNWFBundle 13 Hin-Kan,1,398.3,Nos
,,,,,,ea5umb1im6,WNWFBundle 13 Notebook,1,821,Nos
,,,,,,ea59gm4d7s,WNWFBundle 13 Stationery,1,312.32,Nos
,,,,,,ea54otujv0,WNWFBundle 13 Program,1,566.4,Nos
,,,,,,ea5666jhp6,WNWFBundle 13 Other,1,1486.5,Nos
,,,,,,k8vrsntst6,WNWF Bundle 13 Part 2,1,820.95,Nos
,,,,,,k8v0hlihdc,WNWF Bundle 13 Part 3,1,999,Nos
BOM-WNWFBundle 13 Kan-Hin-001,WNWFBundle 13 Kan-Hin,Inventre Edu Services Pvt Ltd,1,INR,1,d2el5abng9,Siri Kannada 10,1,72,Nos
BOM-WNWFBundle 13 Hin-Kan-001,WNWFBundle 13 Hin-Kan,Inventre Edu Services Pvt Ltd,1,INR,1,c0kret6s6b,Sparsh Grade 10,1,59.5,Nos
,,,,,,c0ktnl85pl,Sanchayan II,1,34,Nos
,,,,,,c0kn4462b5,Anmol hindi Vyakaran thatha rachana - 10,1,244.8,Nos
,,,,,,c0kdf99478,Thili Kannada 10,1,60,Nos
BOM-WNWFBundle 13 Other-001,WNWFBundle 13 Other,Inventre Edu Services Pvt Ltd,1,INR,1,av97pfvajj,Annual Health Screening,1,250,Nos
,,,,,,av9kkp445t,Farewell,1,50,Nos
,,,,,,av9bcn8qu0,Assessment Sheets/Answer Sheets,1,320,Nos
,,,,,,av913hckcd,Worksheet,1,400,Nos
,,,,,,av9smncnjt,WM WF Almanac,1,88.5,Nos
,,,,,,av9c5nuvbs,WM WF ID Card,1,78,Nos
,,,,,,av93k4n498,Packaging & Transport,1,300,Nos
BOM-WNWFBundle 13 Program-001,WNWFBundle 13 Program,Inventre Edu Services Pvt Ltd,1,INR,1,8kul4dirfi,Opendoor Thinking Assessment - Winmore,1,566.4,Nos
BOM-WNWFBundle 13 Stationery-001,WNWFBundle 13 Stationery,Inventre Edu Services Pvt Ltd,1,INR,1,7hhb73fqos,Winmore Flat File,1,13.14,Nos
,,,,,,7hh8n2kg5e,File Folder,10,4.45,Nos
,,,,,,7hhm4238n1,A4 Size Colour Paper Packet (25 sheets),1,19.49,Nos
,,,,,,7hhve4pg8a,Transparent Roll,2,33.9,Nos
,,,,,,7hh80s9vmg,WM WF Label Sheet,2,5,Nos
,,,,,,7hhbketvmo,Poster Paint (6 Shades),1,50,Nos
,,,,,,7hh0tmve10,"Flat Brushes - Size 1,3,5,6",1,88.75,Nos
,,,,,,7hh1mencfk,A4 Size Plain Sheets (25 sheets),1,18.64,Nos
BOM-WNWFBundle 13 Notebook-001,WNWFBundle 13 Notebook,Inventre Edu Services Pvt Ltd,1,INR,1,55ui7u7b4h,WM Crown 200 pages Single ruled,2,42,Nos
,,,,,,55ullernpg,WM Crown 200 pages Single ruled,2,42,Nos
,,,,,,55uosp44b4,WM Crown 200 pages Single ruled,1,42,Nos
,,,,,,55ug3gaqqq,WM Crown 200 pages Single ruled,3,42,Nos
,,,,,,55uj8dh0gi,WM Crown 200 pages Single ruled,3,42,Nos
,,,,,,55ujjvae3s,WM Crown 200 pages Single ruled,1,42,Nos
,,,,,,55uv0ra4ue,WM Long 50 Pages Graph Book,1,33,Nos
,,,,,,55u338efpj,200 Pages OSR Single Ruled Record Book,1,76,Nos
,,,,,,55ucvh1rnd,200 Pages OSR Single Ruled Record Book,1,76,Nos
,,,,,,55us10p9lh,WM 100 Pages OSR Single Ruled Record Book,1,54,Nos
,,,,,,55ud42tldp,WM 100 Pages OSR Single Ruled Record Book,1,54,Nos
,,,,,,55u1k334gn,WM Crown 100 pages Plain Book,1,24,Nos
BOM-WNWFBundle 13 Textbook-001,WNWFBundle 13 Textbook,Inventre Edu Services Pvt Ltd,1,INR,1,2g5cu261ol,First Flight,1,63.75,Nos
,,,,,,2g50k9mm0v,Footprint without Feet,1,34,Nos
,,,,,,2g5roh3d3a,Words and Expressions 2,1,102,Nos
,,,,,,2g5pun2j57,Maths Textbook 10,1,106.25,Nos
,,,,,,2g5ue8t5ab,Science Textbook 10,1,136,Nos
,,,,,,2g5s33leg0,Science Exempler Problems 10,1,107.8,Nos
,,,,,,2g5bdarllu,Laboratory Manual Science 10,1,258.3,Nos
,,,,,,2g50evai5v,Contemporary India - Geography Grade 10,1,63.74,Nos
,,,,,,2g5hdr4dnp,India & Contemporary World II Grade 10,1,89.24,Nos
,,,,,,2g5nt8g2e4,Democratic Politics II,1,55.25,Nos
,,,,,,2g5thkpoai,Understanding Economics Development,1,68,Nos
,,,,,,2g5n5gvo2p,Employability Skills Textbook & Facilitator books - AI 10,1,300,Nos
BOM-Winmore Jakkur Grade 10 French 2nd lang-Kannada 3rd lang-001,Winmore Jakkur Grade 10 French 2nd lang-Kannada 3rd lang,Inventre Edu Services Pvt Ltd,1,INR,1,r92791bst5,WNJKBundle 3 Fre-Kan,1,60,Nos
,,,,,,8b1rhvkbt4,WM JK Bundle 13 Fre-Kan Part 2,1,0,Nos
,,,,,,r9203ngou8,WNJKBundle 13 Notebook,1,821,Nos
,,,,,,r92rklk9gn,WNJKBundle 13 Stationery,1,262.32,Nos
,,,,,,r92a0akroo,WNJKBundle 13 Program,1,566.4,Nos
,,,,,,r922am75ir,WNJKBundle 13 Other,1,1486.5,Nos
,,,,,,8b1g66rlih,WNJK Bundle 13 Part 2,1,1058.25,Nos
,,,,,,8b1kp2bs8k,WMJK Bundle 13 Part 3,1,999,Nos
,,,,,,rjik0b4f4a,WNJKBundle 13 Textbook,1,1384.33,Nos
BOM-Winmore Jakkur Grade 10 Kannada 2nd lang-Hindi 3rd lang-001,Winmore Jakkur Grade 10 Kannada 2nd lang-Hindi 3rd lang,Inventre Edu Services Pvt Ltd,1,INR,1,ppm38qb704,WNJKBundle 13 Kan-Hin,1,72,Nos
,,,,,,ppmtufpquf,WNJKBundle 13 Notebook,1,821,Nos
,,,,,,ppm74rfaj0,WNJKBundle 13 Stationery,1,262.32,Nos
,,,,,,ppmudinv6s,WNJKBundle 13 Program,1,566.4,Nos
,,,,,,ppmn5uvbs7,WNJKBundle 13 Other,1,1486.5,Nos
,,,,,,7kpj21mkpk,WNJK Bundle 13 Part 2,1,1058.25,Nos
,,,,,,7kpeb1bu68,WMJK Bundle 13 Part 3,1,999,Nos
,,,,,,or28lcvoe0,WNJKBundle 13 Textbook,1,1384.33,Nos
BOM-WNJKBundle 3 Fre-Kan-001,WNJKBundle 3 Fre-Kan,Inventre Edu Services Pvt Ltd,1,INR,1,ngb03rcl5s,Thili Kannada 10,1,60,Nos
BOM-WNJKBundle 13 Kan-Hin-001,WNJKBundle 13 Kan-Hin,Inventre Edu Services Pvt Ltd,1,INR,1,h3gncebmjb,Siri Kannada 10,1,72,Nos
BOM-WNJKBundle 13 Hin-Kan-001,WNJKBundle 13 Hin-Kan,Inventre Edu Services Pvt Ltd,1,INR,1,fvbgfkocbt,Sparsh Grade 10,1,59.5,Nos
,,,,,,fvb9jljf4n,Sanchayan II,1,34,Nos
,,,,,,fvbgs4042a,Anmol hindi Vyakaran thatha rachana - 10,1,244.8,Nos
,,,,,,fvbsroshgt,Thili Kannada 10,1,60,Nos
BOM-WNJKBundle 13 Other-001,WNJKBundle 13 Other,Inventre Edu Services Pvt Ltd,1,INR,1,aovquh35uo,WM JK Almanac,1,88.5,Nos
,,,,,,aovajtb1rm,WM JK ID Card,1,78,Nos
,,,,,,aovjt1f8ir,WM JK Mini Almanac,1,0,Nos
,,,,,,aov22a92il,Worksheet,1,400,Nos
,,,,,,aov8m3bghf,Annual Health Screening,1,250,Nos
,,,,,,aov5vvgmad,Farewell,1,50,Nos
,,,,,,aove9jls1r,Assessment Sheets/Answer Sheets,1,320,Nos
,,,,,,aovp05cl21,Packaging & Transport,1,300,Nos
BOM-WNJKBundle 13 Program-001,WNJKBundle 13 Program,Inventre Edu Services Pvt Ltd,1,INR,1,3g1ug1tlu4,Opendoor Thinking Assessment - Winmore,1,566.4,Nos
BOM-WNJKBundle 13 Stationery-001,WNJKBundle 13 Stationery,Inventre Edu Services Pvt Ltd,1,INR,1,1tn73l69ob,Winmore Flat File,1,13.14,Nos
,,,,,,1tn65akm2i,File Folder,10,4.45,Nos
,,,,,,1tngjc2mn8,A4 Size Colour Paper Packet (25 sheets),1,19.49,Nos
,,,,,,1tnr3khe10,Transparent Roll,2,33.9,Nos
,,,,,,1tn5ts4tu4,WM JK Label Sheet,2,5,Nos
,,,,,,1tnd5t1oa5,Poster Paint (6 Shades),1,0,Nos
,,,,,,1tnha4cmn2,"Flat Brushes - Size 1,3,5,6",1,88.75,Nos
,,,,,,1tnh885l9p,A4 Size Plain Sheets (25 sheets),1,18.64,Nos
BOM-WNJKBundle 13 Notebook-001,WNJKBundle 13 Notebook,Inventre Edu Services Pvt Ltd,1,INR,1,ut45ga862h,WM Crown 200 pages Single ruled,2,42,Nos
,,,,,,ut4f1a3qi1,WM Crown 200 pages Single ruled,2,42,Nos
,,,,,,ut4o65u5e8,WM Crown 200 pages Single ruled,1,42,Nos
,,,,,,ut42s8hgrl,WM Crown 200 pages Single ruled,3,42,Nos
,,,,,,ut4ptc88t4,WM Crown 200 pages Single ruled,3,42,Nos
,,,,,,ut4pndjpha,WM Crown 200 pages Single ruled,1,42,Nos
,,,,,,ut4q4psq0v,WM Long 50 Pages Graph Book,1,33,Nos
,,,,,,ut47khha5f,200 Pages OSR Single Ruled Record Book,1,76,Nos
,,,,,,ut48srfrdc,200 Pages OSR Single Ruled Record Book,1,76,Nos
,,,,,,ut4i81ofpu,WM 100 Pages OSR Single Ruled Record Book,1,54,Nos
,,,,,,ut4b471a1m,WM 100 Pages OSR Single Ruled Record Book,1,54,Nos
,,,,,,ut4o7gooe4,WM Crown 100 pages Plain Book,1,24,Nos
BOM-TSUS MagicBox Girls Grade 12-001,TSUS MagicBox Girls Grade 12,Inventre Edu Services Pvt Ltd,1,INR,1,bn94ugki5k,TSUS Book Set Grade 12,1,0,Nos
,,,,,,bn98pmu3e4,Stripe Shirt,2,0,Nos
,,,,,,bn928agip5,Girls Pant,2,0,Nos
,,,,,,bn99ruhv6p,Sports Polo,1,0,Nos
,,,,,,bn9okc06s6,Track Pant,1,0,Nos
,,,,,,bn9oinlp7l,TSUSC1DS,3,0,Nos
,,,,,,bn904roejc,TSUSC1DV,1,0,Nos
,,,,,,bn9f1tfa4d,Navy and Red Bag L,1,0,Nos
,,,,,,bn9goebci8,TSUSC1EY,1,0,Nos
BOM-TSUS MagicBox Boys Grade 12-001,TSUS MagicBox Boys Grade 12,Inventre Edu Services Pvt Ltd,1,INR,1,7lksp0a39v,TSUS Book Set Grade 12,1,0,Nos
,,,,,,7lkgerkqor,Stripe Shirt,2,0,Nos
,,,,,,7lkhucu1n1,Boys Pant,2,0,Nos
,,,,,,7lkci98sjq,Sports Polo,1,0,Nos
,,,,,,7lkun4851m,Track Pant,1,0,Nos
,,,,,,7lklopp14g,TSUSC1DS,3,0,Nos
,,,,,,7lktjoa128,TSUSC1DV,1,0,Nos
,,,,,,7lkf6oorsl,Navy and Red Bag L,1,0,Nos
,,,,,,7lkm9e4gb3,TSUSC1EY,1,0,Nos
BOM-TSUS MagicBox Girls Grade 7-001,TSUS MagicBox Girls Grade 7,Inventre Edu Services Pvt Ltd,1,INR,1,t04leru4q4,TSUSC7F10$$$$$,1,0,Nos
,,,,,,t04heljn0t,Stripe Shirt,2,0,Nos
,,,,,,t04te9qo9l,Girls Pant,2,0,Nos
,,,,,,t04vcgubef,Sports Polo,1,0,Nos
,,,,,,t04rn368qj,Track Pant,1,0,Nos
,,,,,,t04d6beaah,TSUSC1DS,3,0,Nos
,,,,,,t04ovinbgq,TSUSC1DV,1,0,Nos
,,,,,,t04igv6bcn,Navy and Red Bag L,1,0,Nos
,,,,,,t046umkjor,TSUSC1EY,1,0,Nos
BOM-TSUS MagicBox Boys Grade 7-001,TSUS MagicBox Boys Grade 7,Inventre Edu Services Pvt Ltd,1,INR,1,qpu3koikes,TSUSC7F10$$$$$,1,0,Nos
,,,,,,qpufdutfv8,Stripe Shirt,2,0,Nos
,,,,,,qpuuihiso4,Boys Pant,2,0,Nos
,,,,,,qpu93rdefl,Sports Polo,1,0,Nos
,,,,,,qpuksf31in,Track Pant,1,0,Nos
,,,,,,qpu99ohvd7,TSUSC1DS,3,0,Nos
,,,,,,qpukj3ps43,TSUSC1DV,1,0,Nos
,,,,,,qpuodnc3h7,Navy and Red Bag L,1,0,Nos
,,,,,,qpuj9av8g3,TSUSC1EY,1,0,Nos
BOM-TSUS MagicBox Girls Grade 6-001,TSUS MagicBox Girls Grade 6,Inventre Edu Services Pvt Ltd,1,INR,1,qdg507tjbt,TSUSC7F9$$$$$$,1,0,Nos
,,,,,,qdg9air44d,Stripe Shirt,2,0,Nos
,,,,,,qdg2e86q23,Navy Skirt,2,0,Nos
,,,,,,qdgke8ptpo,Sports Polo,1,0,Nos
,,,,,,qdgj0jp5a1,Track Pant,1,0,Nos
,,,,,,qdgmfq0jld,TSUSC1DS,3,0,Nos
,,,,,,qdg15niv9p,TSUSC1DV,1,0,Nos
,,,,,,qdg6krnhg9,Navy and Red Bag M,1,0,Nos
,,,,,,qdgk3amcvl,TSUSC1EY,1,0,Nos
BOM-TSUS MagicBox Girls Grade 8-001,TSUS MagicBox Girls Grade 8,Inventre Edu Services Pvt Ltd,1,INR,1,oe3u4g9oj6,TSUSC7F11$$$$$,1,0,Nos
,,,,,,oe3om0lgip,Stripe Shirt,2,0,Nos
,,,,,,oe3rr0mpa8,Girls Pant,2,0,Nos
,,,,,,oe3fkc7qcj,Sports Polo,1,0,Nos
,,,,,,oe3fado9cb,Track Pant,1,0,Nos
,,,,,,oe31h0brn5,TSUSC1DS,3,0,Nos
,,,,,,oe37hch5v9,TSUSC1DV,1,0,Nos
,,,,,,oe3qq7d5rb,Navy and Red Bag L,1,0,Nos
,,,,,,oe3fnqlns1,TSUSC1EY,1,0,Nos
BOM-TSUS MagicBox Boys Grade 6-001,TSUS MagicBox Boys Grade 6,Inventre Edu Services Pvt Ltd,1,INR,1,odngsdbq04,TSUSC7F9$$$$$$,1,0,Nos
,,,,,,odnh447k66,Stripe Shirt,2,0,Nos
,,,,,,odn4uv4enj,Navy Halfpants,2,0,Nos
,,,,,,odnt6donlq,Sports Polo,1,0,Nos
,,,,,,odnf878qs4,Track Pant,1,0,Nos
,,,,,,odn22lgpk9,TSUSC1DS,3,0,Nos
,,,,,,odnn230lf4,TSUSC1DV,1,0,Nos
,,,,,,odnuorde13,Navy and Red Bag M,1,0,Nos
,,,,,,odnlsueqmh,TSUSC1EY,1,0,Nos
BOM-TSUS MagicBox Girls Grade 5-001,TSUS MagicBox Girls Grade 5,Inventre Edu Services Pvt Ltd,1,INR,1,mjsut9nok3,TSUSC7F8$$$$$$,1,0,Nos
,,,,,,mjs6qh9pr2,Stripe Shirt,2,0,Nos
,,,,,,mjsksts19q,Navy Skirt,2,0,Nos
,,,,,,mjsfde9p9i,Sports Polo,1,0,Nos
,,,,,,mjsu498nkt,Track Pant,1,0,Nos
,,,,,,mjsoe30e71,TSUSC1DS,3,0,Nos
,,,,,,mjsovcfdr8,TSUSC1DV,1,0,Nos
,,,,,,mjsjt8vi21,Navy and Red Bag M,1,0,Nos
,,,,,,mjspk9hoq7,TSUSC1EY,1,0,Nos
BOM-TSUS MagicBox Boys Grade 8-001,TSUS MagicBox Boys Grade 8,Inventre Edu Services Pvt Ltd,1,INR,1,mbgqq02j0k,TSUSC7F11$$$$$,1,0,Nos
,,,,,,mbgebn4ph4,Stripe Shirt,2,0,Nos
,,,,,,mbgbh5dckr,Boys Pant,2,0,Nos
,,,,,,mbgso8ttg8,Sports Polo,1,0,Nos
,,,,,,mbg587oa3p,Track Pant,1,0,Nos
,,,,,,mbg32eugjv,TSUSC1DS,3,0,Nos
,,,,,,mbg6bcqm2m,TSUSC1DV,1,0,Nos
,,,,,,mbg0v5vjr6,Navy and Red Bag L,1,0,Nos
,,,,,,mbgq3gt8vr,TSUSC1EY,1,0,Nos
BOM-TSUS MagicBox Boys Grade 5-001,TSUS MagicBox Boys Grade 5,Inventre Edu Services Pvt Ltd,1,INR,1,knsmtgq083,TSUSC7F8$$$$$$,1,0,Nos
,,,,,,knsq3p0tqj,Stripe Shirt,2,0,Nos
,,,,,,knsh6mnn95,Navy Halfpants,2,0,Nos
,,,,,,kns7nugnbg,Sports Polo,1,0,Nos
,,,,,,knsa1cl3m1,Track Pant,1,0,Nos
,,,,,,knskd5r9hr,TSUSC1DS,3,0,Nos
,,,,,,knsp32qctn,TSUSC1DV,1,0,Nos
,,,,,,knsorcfg77,Navy and Red Bag M,1,0,Nos
,,,,,,knskap8s5c,TSUSC1EY,1,0,Nos
BOM-TSUS MagicBox Girls Grade 4-001,TSUS MagicBox Girls Grade 4,Inventre Edu Services Pvt Ltd,1,INR,1,i4g382mqik,TSUSC7F7$$$$$$,1,0,Nos
,,,,,,i4glg8q3lv,Stripe Shirt,2,0,Nos
,,,,,,i4g0n58gsp,Navy Skirt,2,0,Nos
,,,,,,i4grsekq1a,Sports Polo,1,0,Nos
,,,,,,i4gcb47i75,Track Pant,1,0,Nos
,,,,,,i4g7jo929o,TSUSC1DS,3,0,Nos
,,,,,,i4gu984oaf,TSUSC1DV,1,0,Nos
,,,,,,i4gv07u0q4,Navy and Red Bag M,1,0,Nos
,,,,,,i4gp95hlmk,TSUSC1EY,1,0,Nos
BOM-TSUS MagicBox Girls Grade 9-001,TSUS MagicBox Girls Grade 9,Inventre Edu Services Pvt Ltd,1,INR,1,g836e84hqv,TSUSC7F12$$$$$,1,0,Nos
,,,,,,g830c92740,Stripe Shirt,2,0,Nos
,,,,,,g830hj5q1o,Girls Pant,2,0,Nos
,,,,,,g83kpu09aj,Sports Polo,1,0,Nos
,,,,,,g831pge0d9,Track Pant,1,0,Nos
,,,,,,g83tpm1g3k,TSUSC1DS,3,0,Nos
,,,,,,g831ugdop6,TSUSC1DV,1,0,Nos
,,,,,,g84tq8bep1,Navy and Red Bag L,1,0,Nos
,,,,,,g84gmca8i9,TSUSC1EY,1,0,Nos
BOM-TSUS MagicBox Boys Grade 4-001,TSUS MagicBox Boys Grade 4,Inventre Edu Services Pvt Ltd,1,INR,1,g1gvisk3k9,TSUSC7F7$$$$$$,1,0,Nos
,,,,,,g1g7j6970b,Stripe Shirt,2,0,Nos
,,,,,,g1gpm16864,Navy Halfpants,2,0,Nos
,,,,,,g1guri41ng,Sports Polo,1,0,Nos
,,,,,,g1ga5s8pe3,Track Pant,1,0,Nos
,,,,,,g1gkqu7427,TSUSC1DS,3,0,Nos
,,,,,,g1gtmvkl7l,TSUSC1DV,1,0,Nos
,,,,,,g1gt59v4rm,Navy and Red Bag M,1,0,Nos
,,,,,,g1gpueckg7,TSUSC1EY,1,0,Nos
BOM-TSUS MagicBox Boys Grade 9-001,TSUS MagicBox Boys Grade 9,Inventre Edu Services Pvt Ltd,1,INR,1,dag0h3rvmj,TSUSC7F12$$$$$,1,0,Nos
,,,,,,dag21e0d91,Stripe Shirt,2,0,Nos
,,,,,,dag14vp1vt,Boys Pant,2,0,Nos
,,,,,,dag23muh4s,Sports Polo,1,0,Nos
,,,,,,dagqsi9cvu,Track Pant,1,0,Nos
,,,,,,dagt6jvkip,TSUSC1DS,3,0,Nos
,,,,,,dagqsjj3fa,TSUSC1DV,1,0,Nos
,,,,,,dagdvpe09b,Navy and Red Bag L,1,0,Nos
,,,,,,dagnd3sm4f,TSUSC1EY,1,0,Nos
BOM-TSUS MagicBox Girls Grade 3-001,TSUS MagicBox Girls Grade 3,Inventre Edu Services Pvt Ltd,1,INR,1,d3fkdjmtup,TSUSC7F6$$$$$$,1,0,Nos
,,,,,,d3fgulatu1,Stripe Shirt,2,0,Nos
,,,,,,d3fabhai0e,Navy Skirt,2,0,Nos
,,,,,,d3f8hulm5h,Sports Polo,1,0,Nos
,,,,,,d3fm8la51g,Track Pant,1,0,Nos
,,,,,,d3f9kl6vbb,TSUSC1DS,3,0,Nos
,,,,,,d3f85m9om0,TSUSC1DV,1,0,Nos
,,,,,,d3fn9rvh69,Navy and Red Bag M,1,0,Nos
,,,,,,d3fusknt5v,TSUSC1EY,1,0,Nos
BOM-TSUS MagicBox Girls Grade 10-001,TSUS MagicBox Girls Grade 10,Inventre Edu Services Pvt Ltd,1,INR,1,aj1u4ir7qv,TSUSC7F13$$$$$,1,0,Nos
,,,,,,aj174dc96d,Girls Pant,2,0,Nos
,,,,,,aj10bb8s5f,Stripe Shirt,2,0,Nos
,,,,,,aj18tkc3qb,Sports Polo,1,0,Nos
,,,,,,aj1qdmaorh,Track Pant,1,0,Nos
,,,,,,aj1tkq0rki,TSUSC1DS,3,0,Nos
,,,,,,aj1pe4g4fc,TSUSC1DV,1,0,Nos
,,,,,,aj1v72k6rc,TSUSC1EY,1,0,Nos
,,,,,,aj1c907806,Navy and Red Bag L,1,0,Nos
BOM-TSUS MagicBox Boys Grade 3-001,TSUS MagicBox Boys Grade 3,Inventre Edu Services Pvt Ltd,1,INR,1,a30c81vr9j,TSUSC7F6$$$$$$,1,0,Nos
,,,,,,a305v2irgh,Stripe Shirt,2,0,Nos
,,,,,,a30uobm7kt,Navy Halfpants,2,0,Nos
,,,,,,a30pkk7tqo,Sports Polo,1,0,Nos
,,,,,,a30cp9debu,Track Pant,1,0,Nos
,,,,,,a301hrncto,TSUSC1DS,3,0,Nos
,,,,,,a309hhgfkr,TSUSC1DV,1,0,Nos
,,,,,,a30fi1jnk3,Navy and Red Bag M,1,0,Nos
,,,,,,a30ghc30im,TSUSC1EY,1,0,Nos
BOM-TSUS MagicBox Girls Grade 2-001,TSUS MagicBox Girls Grade 2,Inventre Edu Services Pvt Ltd,1,INR,1,5689361tcb,TSUSC7F5$$$$$$,1,0,Nos
,,,,,,568h3f5c33,Stripe Shirt,2,0,Nos
,,,,,,568uhamrv1,Navy Skirt,2,0,Nos
,,,,,,5688ektio8,Sports Polo,1,0,Nos
,,,,,,5689m1erij,Track Pant,1,0,Nos
,,,,,,5684t4st22,TSUSC1DS,3,0,Nos
,,,,,,5683nab519,TSUSC1DV,1,0,Nos
,,,,,,568higaqa7,Navy and Red Bag M,1,0,Nos
,,,,,,568daqb3dg,TSUSC1EY,1,0,Nos
BOM-TSUS MagicBox Boys Grade 10-001,TSUS MagicBox Boys Grade 10,Inventre Edu Services Pvt Ltd,1,INR,1,4nte0kpg31,TSUSC7F13$$$$$,1,0,Nos
,,,,,,4nt1536ar8,Stripe Shirt,2,0,Nos
,,,,,,4nt8det7qn,Sports Polo,1,0,Nos
,,,,,,4nt0robkce,Track Pant,1,0,Nos
,,,,,,4nt94fbp5d,TSUSC1DS,3,0,Nos
,,,,,,4nttj2smor,TSUSC1DV,1,0,Nos
,,,,,,4ntnltc0iq,TSUSC1EY,1,0,Nos
,,,,,,5rk7e8117g,Boys Pant,2,0,Nos
,,,,,,7s1udh1jbs,Navy and Red Bag L,1,0,Nos
BOM-TSUS MagicBox Boys Grade 2-001,TSUS MagicBox Boys Grade 2,Inventre Edu Services Pvt Ltd,1,INR,1,t55s247nht,TSUSC7F5$$$$$$,1,0,Nos
,,,,,,t5538e913r,Stripe Shirt,2,0,Nos
,,,,,,t55fdf1sop,Navy Halfpants,2,0,Nos
,,,,,,t557411jcv,Sports Polo,1,0,Nos
,,,,,,t55hhmoqoh,Track Pant,1,0,Nos
,,,,,,t5549ij9j6,TSUSC1DS,3,0,Nos
,,,,,,t5542tecul,TSUSC1DV,1,0,Nos
,,,,,,t551tm3alu,Navy and Red Bag M,1,0,Nos
,,,,,,t55gne1ibt,TSUSC1EY,1,0,Nos
BOM-TSUS MagicBox Girls Grade 1-001,TSUS MagicBox Girls Grade 1,Inventre Edu Services Pvt Ltd,1,INR,1,oukq7viqou,TSUSC7F4$$$$$$,1,0,Nos
,,,,,,oukutfihbg,Stripe Shirt,2,0,Nos
,,,,,,oukpu4rv58,Navy Skirt,2,0,Nos
,,,,,,ouk8bn5o3l,Sports Polo,1,0,Nos
,,,,,,oukcm6iqn9,Track Pant,1,0,Nos
,,,,,,ouk9gk2kue,TSUSC1DS,3,0,Nos
,,,,,,ouko9kc56l,TSUSC1DV,1,0,Nos
,,,,,,ouki5sahs3,Navy and Red Bag M,1,0,Nos
,,,,,,ouklkk9f86,TSUSC1EY,1,0,Nos
BOM-TSUS MagicBox Boys Grade 1-001,TSUS MagicBox Boys Grade 1,Inventre Edu Services Pvt Ltd,1,INR,1,jspndpr5cm,TSUSC7F4$$$$$$,1,0,Nos
,,,,,,jspdlsnrqv,Stripe Shirt,2,0,Nos
,,,,,,jsp0g7i3o0,Navy Halfpants,2,0,Nos
,,,,,,jspdftpbdt,Sports Polo,1,0,Nos
,,,,,,jspman85id,Track Pant,1,0,Nos
,,,,,,jsp5u0i45n,TSUSC1DS,3,0,Nos
,,,,,,jspvth1nno,TSUSC1DV,1,0,Nos
,,,,,,jspjvtn255,Navy and Red Bag M,1,0,Nos
,,,,,,jspthmgt74,TSUSC1EY,1,0,Nos
BOM-TSUS MagicBox Unisex Grade SKG-001,TSUS MagicBox Unisex Grade SKG,Inventre Edu Services Pvt Ltd,1,INR,1,chb22vr9mn,TSUSC7F3$$$$$$,1,0,Nos
,,,,,,chb6thvlda,Navy Halfpants,2,0,Nos
,,,,,,chba00vshg,Sports Polo,2,0,Nos
,,,,,,chbbb5pdvn,TSUSC1DS,3,0,Nos
,,,,,,chblv3r546,TSUSC1DV,1,0,Nos
,,,,,,chb9t7uqg4,Navy and Red Bag S,1,0,Nos
,,,,,,chbrcb7u4u,TSUSC1EY,1,0,Nos
BOM-TSUS MagicBox Unisex Grade JKG-001,TSUS MagicBox Unisex Grade JKG,Inventre Edu Services Pvt Ltd,1,INR,1,9m4a5gi0cg,TSUSC7F2$$$$$$,1,0,Nos
,,,,,,9m4tn485cs,Navy Halfpants,2,0,Nos
,,,,,,9m45af6179,Sports Polo,2,0,Nos
,,,,,,9m41uogsb3,TSUSC1DS,3,0,Nos
,,,,,,9m44p9cb71,TSUSC1DV,1,0,Nos
,,,,,,9m4lj4v6ge,TSUSC1EY,1,0,Nos
,,,,,,dbin8k4rkg,Navy and Red Bag S,1,0,Nos
BOM-TSUS Book Set Grade 12 Mandate-001,TSUS Book Set Grade 12 Mandate,Inventre Edu Services Pvt Ltd,1,INR,1,d9j62m0t1l,Main Textbook- Flamingo,1,0,Nos
,,,,,,d9j81mnia7,Supplementary- Vistas,1,0,Nos
,,,,,,d9jovmavqk,Orange 200 Pages Single Line Register,2,0,Nos
,,,,,,d9j6knvc37,Folder for Worksheets and practice papers,1,0,Nos
,,,,,,d9jnre7l3t,A/4 503 -2D Ring binder 25 mm capacity,1,0,Nos
,,,,,,d9j66lbfmn,Button File,1,0,Nos
,,,,,,d9jr6evgjb,TSUS Almanac,1,0,Nos
,,,,,,d9jrc2rs2o,TSUS Year Planner,1,0,Nos
,,,,,,d9jdk48vtn,TSUS ID Card,1,0,Nos
BOM-TSUS Book Set Grade 12 Elective Subject Psychology-001,TSUS Book Set Grade 12 Elective Subject Psychology,Inventre Edu Services Pvt Ltd,1,INR,1,ar26ahc894,Psychology Class 12,1,0,Nos
,,,,,,ar2m5jk491,Blue 200 Pages Single Line Register,1,0,Nos
BOM-TSUS Book Set Grade 12 Elective Subject Informatics Practices-001,TSUS Book Set Grade 12 Elective Subject Informatics Practices,Inventre Edu Services Pvt Ltd,1,INR,1,8k9906m535,Informatics Practices for Grade 12,1,0,Nos
,,,,,,8k9fr280k3,Informatics Practices with Python - Preeti Arora,1,0,Nos
,,,,,,8k961ajfi0,Grey Crown 100 Pages Single Line,1,0,Nos
,,,,,,8k9md0ttfd,Grey Crown 100 Pages single Line Interleaved,1,0,Nos
,,,,,,8k964dnq3i,Grey 200 Pages Single Line Register,1,0,Nos
,,,,,,8k9v565v8e,IP Record Book,1,0,Nos
,,,,,,8k9i181q09,80- pages Practical File (template shared by SEL),1,0,Nos
BOM-TSUS Book Set Grade 12 Elective Subject Health & Phy Education-001,TSUS Book Set Grade 12 Elective Subject Health & Phy Education,Inventre Edu Services Pvt Ltd,1,INR,1,r7qfh9ccns,Health & Physical Education Textbook,1,0,Nos
,,,,,,r7qvi38cd5,Lab Manual,1,0,Nos
,,,,,,r7qfm1s2st,Orange 200 Pages Single Line Register,1,0,Nos
,,,,,,r7qnqlrn3n,PET Record Notebook,1,0,Nos
BOM-TSUS Book Set Grade 12 Elective Subject Fine Arts-001,TSUS Book Set Grade 12 Elective Subject Fine Arts,Inventre Edu Services Pvt Ltd,1,INR,1,orfqk4qqb2,50 page A3 Size watercolour,1,0,Nos
,,,,,,orfh9ca50m,A4 Size Drawing,1,0,Nos
,,,,,,orf5o9v3oo,An Introduction to India Art -II,1,0,Nos
BOM-TSUS Book Set Grade 12 Elective Subject Entrepreneurship-001,TSUS Book Set Grade 12 Elective Subject Entrepreneurship,Inventre Edu Services Pvt Ltd,1,INR,1,kfvor37e4k,Entrepreneurship XII,1,0,Nos
,,,,,,kfv92ipk4a,(Reference) Entrepreneurship XII,1,0,Nos
,,,,,,kfv6n7u721,Orange 200 Pages Single Line Register,2,0,Nos
BOM-TSUS Book Set Grade 12 Elective Subject Computer Science-001,TSUS Book Set Grade 12 Elective Subject Computer Science,Inventre Edu Services Pvt Ltd,1,INR,1,ipa2bd5s8a,Computer Science for Grade 12,1,0,Nos
,,,,,,ipan923cik,Computer Sciene with Python Grade 12 - Preeti Arora,1,0,Nos
,,,,,,ipa7mnrds5,Grey Crown 100 Pages Single Line,1,0,Nos
,,,,,,ipa4aq9998,Grey Crown 100 Pages single Line Interleaved,1,0,Nos
,,,,,,ipani0vthq,Grey 200 Pages Single Line Register,1,0,Nos
,,,,,,ipa538vbi1,Comp Sci Record Book,1,0,Nos
,,,,,,ipa0cebat8,80- pages Practical File (template shared by SEL),1,0,Nos
BOM-TSUS Book Set Grade 12 Core Physics Chemistry Maths-001,TSUS Book Set Grade 12 Core Physics Chemistry Maths,Inventre Edu Services Pvt Ltd,1,INR,1,ftvpj73pc7,Blue 200 Pages Single Line Register,2,0,Nos
,,,,,,ftvh1a6l04,200 Pages Physics Record Book with graph sheets,1,0,Nos
,,,,,,ftvjomeesr,Blue 100 Pages unruled observation notebook,1,0,Nos
,,,,,,ftvn3dp7n7,Chemistry Text for Class 12 – Part 1,1,0,Nos
,,,,,,ftvgio5384,Chemistry Text for Class 12 – Part 2,1,0,Nos
,,,,,,ftvgnmd65l,Comprehensive Lab Manual - Chemistry Class 12,1,0,Nos
,,,,,,ftvrp52012,80 pages Lab note book,1,0,Nos
,,,,,,ftvk0qiuud,Green 200 Pages Single Line Register,2,0,Nos
,,,,,,ftvpfcd2h5,250 Pages Chemistry Record Book,1,0,Nos
,,,,,,ftvkgnppbr,Green 100 Pages unruled observation notebook,1,0,Nos
,,,,,,ftv2sfsu9a,Mathematics Textbook for Class 12 Part I,1,0,Nos
,,,,,,ftv7o0l8j6,Mathematics Textbook for Class 12 Part II,1,0,Nos
,,,,,,ftv11gacmc,60 pages Maths Lab (with 5 graph pages),1,0,Nos
,,,,,,ftvms0imrc,Red 200 Pages Single Line Register,3,0,Nos
,,,,,,ftvlpnqi1f,50 Pages Graph notebook,1,0,Nos
,,,,,,ftv0bqb2ib,File cover and loose sheets interleaved (For Math Lab Activity file ),1,0,Nos
BOM-TSUS Book Set Grade 12 Core Physics Chemistry Biology-001,TSUS Book Set Grade 12 Core Physics Chemistry Biology,Inventre Edu Services Pvt Ltd,1,INR,1,bqdn1okkbn,PhysicsText for Class 12 – Part 1,1,0,Nos
,,,,,,bqdk2nh74k,PhysicsText for Class 12 – Part 2,1,0,Nos
,,,,,,bqd79ro5k4,Physics Lab Manual Class 12,1,0,Nos
,,,,,,bqdck9bslg,80 Pages Physics Experiment lab practical note book ( with 5 graph pages),1,0,Nos
,,,,,,bqdh6uldaf,Blue 200 Pages Single Line Register,2,0,Nos
,,,,,,bqdtcs1iua,200 Pages Physics Record Book with graph sheets,1,0,Nos
,,,,,,bqdmmdl0ah,Blue 100 Pages unruled observation notebook,1,0,Nos
,,,,,,bqdebpsnet,Chemistry Text for Class 12 – Part 1,1,0,Nos
,,,,,,bqd0sa3oov,Chemistry Text for Class 12 – Part 2,1,0,Nos
,,,,,,bqdsodr4kd,Comprehensive Lab Manual - Chemistry Class 12,1,0,Nos
,,,,,,bqderqo08i,80 pages Lab note book,1,0,Nos
,,,,,,bqdfbs05td,Green 200 Pages Single Line Register,2,0,Nos
,,,,,,bqdtd2ffo5,250 Pages Chemistry Record Book,1,0,Nos
,,,,,,bqdotg8suk,Green 100 Pages unruled observation notebook,1,0,Nos
,,,,,,bqd8ks6e89,Biology Text Book for class 12,1,0,Nos
,,,,,,bqdcbo0qfd,Biology Lab Manual Class 12,1,0,Nos
,,,,,,bqdtu1r9kv,Orange 200 Pages Single Line Register,2,0,Nos
,,,,,,bqdq5nvsfq,200 Pages Biology Record Book,1,0,Nos
BOM-TSUS Book Set Grade 12 Core Commerce-001,TSUS Book Set Grade 12 Core Commerce,Inventre Edu Services Pvt Ltd,1,INR,1,1msn803erh,Business Studies for Class 12 Part 1,1,0,Nos
,,,,,,1msjujjevg,Business Studies for Class 12 Part 2,1,0,Nos
,,,,,,1ms8p6vl95,Blue 200 Pages Single Line Register,8,0,Nos
,,,,,,1msf77n49d,Accounting for Not-for-Profit Organisations & Partnership Firms - TS Grewal,1,0,Nos
,,,,,,1mskgpeasp,Accounting for Companies - TS Grewal,1,0,Nos
,,,,,,1msgkjrov8,Analysis of Financial Statements - TS Grewal,1,0,Nos
,,,,,,1msid03698,Macro Economics for Class 12,1,0,Nos
,,,,,,1msj14nhuj,Introductory Macroeconomics - Sandeep Garg,1,0,Nos
,,,,,,1msou7u2hh,Indian Economic Development - Sandeep Garg,1,0,Nos
BOM-TSUS Book Set Grade 12 Core Humanities-001,TSUS Book Set Grade 12 Core Humanities,Inventre Edu Services Pvt Ltd,1,INR,1,tc5s89ih63,Politics In India Since Independence Class 12,1,0,Nos
,,,,,,tc5ipgf30i,Contemporary World Politics Class 12,1,0,Nos
,,,,,,tc5v3mltdi,Blue 200 Pages Single Line Register,6,0,Nos
,,,,,,tc5ngircar,India -People and Economy,1,0,Nos
,,,,,,tc5n4g623m,Fundamentals of Human Geography,1,0,Nos
,,,,,,tc5fvpnau5,Practical Work In Geography 2,1,0,Nos
,,,,,,tc545aa1h1,60 pages Lab note book with five graph pages,1,0,Nos
,,,,,,tc5n69nagt,200 Pages Geography Record Book,1,0,Nos
,,,,,,tc50q3rasd,"Themes in World History, Class XII - Part 1",1,0,Nos
,,,,,,tc5de228ep,"Themes in World History, Class XII - Part 2",1,0,Nos
,,,,,,tc585j2ogr,"Themes in World History, Class XII - Part 3",1,0,Nos
BOM-Bundle 9 Other-001,Bundle 9 Other,Inventre Edu Services Pvt Ltd,1,INR,1,4p7h6aqc52,TSUS Almanac,1,0,Nos
,,,,,,4p7q8tkrr6,TSUS Year Planner,1,0,Nos
,,,,,,4p7smlee9h,Packing & Transport,1,0,Nos
,,,,,,4p713c3hsl,TSUS ID Card,1,0,Nos
BOM-Bundle 13 Other-001,Bundle 13 Other,Inventre Edu Services Pvt Ltd,1,INR,1,2t3kmbupqh,TSUS Almanac,1,0,Nos
,,,,,,2t34artopu,TSUS Year Planner,1,0,Nos
,,,,,,2t3bcvrrp5,TSUS ID Card,1,0,Nos
,,,,,,2t3vqvs0h3,Packing & Transport,1,0,Nos
BOM-Bundle 13 Stationery-001,Bundle 13 Stationery,Inventre Edu Services Pvt Ltd,1,INR,1,242q9h9crt,Button File,1,0,Nos
,,,,,,242ii11mb0,A/4 503 -2D Ring binder 25 mm capacity,1,0,Nos
BOM-Bundle 3 Stationery-001,Bundle 3 Stationery,Inventre Edu Services Pvt Ltd,1,INR,1,tum2u1fd6h,"3 in One (English, Hindi 5 Lines, Maths) - Green Board",1,0,Nos
,,,,,,tumnjbb0dv,Small wooden duster,1,0,Nos
,,,,,,tumrio5d1p,Fabric apron and mat set,1,0,Nos
,,,,,,tumscaapbc,Trainagular oil pastels – set of 12 colours,1,0,Nos
,,,,,,tumqvb1ues,Triangular Jumbo color pencils (12 shades),1,0,Nos
,,,,,,tumc2t8r3b,Tiangular Writing Pencils,1,0,Nos
,,,,,,tumqj5mh16,Fevicol,1,0,Nos
,,,,,,tumrovfahu,Origami sheets,1,0,Nos
,,,,,,tumdrute9d,Snap button organiser (Small),1,0,Nos
,,,,,,tumko6qiuo,Poster Paint (6 Shades),1,0,Nos
BOM-Bundle 10 Stationery-001,Bundle 10 Stationery,Inventre Edu Services Pvt Ltd,1,INR,1,sup9rb7gda,Button File,1,0,Nos
,,,,,,supq87g0p7,A/4 503 -2D Ring binder 25 mm capacity,1,0,Nos
,,,,,,supkge63ov,50 Pages Loose sheets for drawing,1,0,Nos
BOM-Bundle 10 Notebook-001,Bundle 10 Notebook,Inventre Edu Services Pvt Ltd,1,INR,1,ouq6j0r3m6,Orange Long 200 Pages Single Line,2,47.4,Nos
,,,,,,ouqqqfea48,Yellow Long 200 Pages Single Line,2,47.4,Nos
,,,,,,ouq4mb9e60,Yellow Long 200 Pages Single Line,2,47.4,Nos
,,,,,,ouq7dho1ge,Red Long 200 Pages Single Line,3,47.7,Nos
,,,,,,ouqk17p9a0,50 Pages Graph notebook,1,21.8,Nos
,,,,,,ouqlaqst0n,Green Long 200 Pages Single Line,2,47.4,Nos
,,,,,,ouquifp7jf,Blue Long 200 Pages Single Line,2,47.4,Nos
,,,,,,ouqd6cbbnc,"100 Pages Single line Practical note book, one side ruled and one side plane",1,0,Nos
,,,,,,ouqnvtejef,Orange Long 200 Pages Single Line,1,47.4,Nos
BOM-Bundle 11 Other-001,Bundle 11 Other,Inventre Edu Services Pvt Ltd,1,INR,1,n9qpo7vh0m,TSUS Almanac,1,0,Nos
,,,,,,n9qoe5e9gn,TSUS Year Planner,1,0,Nos
,,,,,,n9qgamvvhn,Packing & Transport,1,0,Nos
,,,,,,n9qk0vpjni,TSUS ID Card,1,0,Nos
BOM-Bundle 11 Stationery-001,Bundle 11 Stationery,Inventre Edu Services Pvt Ltd,1,INR,1,moo54otsfj,50 Pages Loose sheets for drawing,1,0,Nos
,,,,,,mooguin6h8,A/4 503 -2D Ring binder 25 mm capacity,1,0,Nos
,,,,,,moomdckee0,Button File,1,0,Nos
BOM-Bundle 11 Notebook-001,Bundle 11 Notebook,Inventre Edu Services Pvt Ltd,1,INR,1,kqu2krnhsm,Orange Long 200 Pages Single Line,2,0,Nos
,,,,,,kqu2s4hafi,Yellow Long 200 Pages Single Line,2,0,Nos
,,,,,,kqu7df2cet,Red Long 200 Pages Single Line,3,0,Nos
,,,,,,kqug6j1v89,50 Pages Graph notebook,1,0,Nos
,,,,,,kquq653gvj,Green Long 200 Pages Single Line,2,0,Nos
,,,,,,kquj9d55ps,Blue Long 200 Pages Single Line,2,0,Nos
,,,,,,kquikbeb6p,"100 Pages Single line Practical note book, one side ruled and one side plane",1,0,Nos
,,,,,,kqutbjmk3k,"100 Pages Single line Practical note book, one side ruled and one side plane",1,0,Nos
,,,,,,kqut96nuhh,Yellow Long 200 Pages Single Line,2,0,Nos
BOM-Bundle 12 Stationery-001,Bundle 12 Stationery,Inventre Edu Services Pvt Ltd,1,INR,1,8h9jeb7205,A/4 503 -2D Ring binder 25 mm capacity,1,0,Nos
,,,,,,8h9d1g8n2v,Button File,1,0,Nos
BOM-Bundle 12 Other-001,Bundle 12 Other,Inventre Edu Services Pvt Ltd,1,INR,1,7rvbnm0f16,TSUS Almanac,1,0,Nos
,,,,,,7rvgn3pkfi,TSUS Year Planner,1,0,Nos
,,,,,,98jbio1gv4,Packing & Transport - Reduced,1,0,Nos
,,,,,,98j84mati0,TSUS ID Card,1,0,Nos
BOM-Bundle 8 Stationery-001,Bundle 8 Stationery,Inventre Edu Services Pvt Ltd,1,INR,1,4ftn8egjg7,Button File,1,0,Nos
,,,,,,4ftd9jdr47,A/4 503 -2D Ring binder 25 mm capacity,1,0,Nos
BOM-Bundle 8 Other-001,Bundle 8 Other,Inventre Edu Services Pvt Ltd,1,INR,1,3arsij327r,TSUS Almanac,1,0,Nos
,,,,,,3aro1crnb0,TSUS Year Planner,1,0,Nos
,,,,,,3ar4iv53qd,TSUS ID Card,1,0,Nos
,,,,,,3ar3525em1,Packing & Transport,1,0,Nos
BOM-Bundle 7 Other-001,Bundle 7 Other,Inventre Edu Services Pvt Ltd,1,INR,1,339fv83718,TSUS Almanac,1,0,Nos
,,,,,,3395c8849m,TSUS Year Planner,1,0,Nos
,,,,,,339tccukiu,TSUS ID Card,1,0,Nos
,,,,,,339vkf6f37,Packing & Transport,1,0,Nos
BOM-Bundle 5 Other-001,Bundle 5 Other,Inventre Edu Services Pvt Ltd,1,INR,1,1g9aclcdl4,TSUS Almanac,1,120,Nos
,,,,,,1g9ba69btr,TSUS Year Planner,1,0,Nos
,,,,,,1g93ggrofb,TSUS ID Card,1,78,Nos
,,,,,,1g9sb4kom7,Packing & Transport,1,0,Nos
BOM-Bundle 7 Stationery-001,Bundle 7 Stationery,Inventre Edu Services Pvt Ltd,1,INR,1,o98vis5k2c,A/4 503 -2D Ring binder 25 mm capacity,1,0,Nos
,,,,,,o98efij4pi,Button File,1,0,Nos
BOM-Bundle 6 Other-001,Bundle 6 Other,Inventre Edu Services Pvt Ltd,1,INR,1,knb0dehang,TSUS Almanac,1,0,Nos
,,,,,,knbmf929qv,TSUS Year Planner,1,0,Nos
,,,,,,knb113a7vd,TSUS ID Card,1,0,Nos
,,,,,,knbta7a863,Packing & Transport,1,0,Nos
BOM-Bundle 6 Stationery-001,Bundle 6 Stationery,Inventre Edu Services Pvt Ltd,1,INR,1,jmhdm5lks2,A/4 503 -2D Ring binder 25 mm capacity,1,0,Nos
,,,,,,jmhes3ihua,Button File,1,0,Nos
BOM-TSUS MagicBox Unisex Grade Nursery-001,TSUS MagicBox Unisex Grade Nursery,Inventre Edu Services Pvt Ltd,1,INR,1,uul6jblff2,TSUSC7F1$$$$$$,1,0,Nos
,,,,,,0ai7p618g3,Navy Halfpants,2,0,Nos
,,,,,,0aiqufschl,Sports Polo,2,0,Nos
,,,,,,0aiugmtq5t,TSUSC1DS,3,0,Nos
,,,,,,0ai4k0lgd3,TSUSC1DV,1,0,Nos
,,,,,,0air8q52f8,Navy and Red Bag S,1,0,Nos
,,,,,,0aig4hshrj,TSUSC1EY,1,0,Nos
BOM-Bundle 13 Program-001,Bundle 13 Program,MDQualityapps,1,INR,1,d38ggp2opp,TSUS Robotics Kit 10,1,0,Nos
BOM-Bundle 13 Notebook-001,Bundle 13 Notebook,MDQualityapps,1,INR,1,d319046u74,80- pages Practical File (template shared by SEL),1,0,Nos
,,,,,,d32suc9ltl,Grey Crown 100 Pages single Line Interleaved,1,0,Nos
,,,,,,7tp2sn7ibp,60 pages Physics (with 3 graph pages),1,0,Nos
,,,,,,7tph7pt6kf,60 pages Chemistry,1,0,Nos
,,,,,,7tps4m8rd7,Biology 60 pages,1,0,Nos
,,,,,,7tpc9vp469,60 pages Maths Lab (with 5 graph pages),1,0,Nos
,,,,,,7tpfoi9b1q,Orange Long 200 Pages Single Line,2,0,Nos
,,,,,,7tpt1pu0dv,Yellow Long 200 Pages Single Line,2,0,Nos
,,,,,,7tp76bm14t,Red Long 200 Pages Single Line,2,0,Nos
,,,,,,7tpuvm6t6q,Red Long 200 Pages Single Line,1,0,Nos
,,,,,,7tpjru88c7,Green Long 200 Pages Single Line,3,0,Nos
,,,,,,7tp8p2cbgi,Blue Long 200 Pages Single Line,1,0,Nos
,,,,,,7tp0f33gqv,Blue Crown 200 Pages single Line Interleaved,1,0,Nos
,,,,,,7tp4bt0st8,Blue Crown 200 Pages single Line,1,0,Nos
,,,,,,7tp4plc3v9,Blue Long 200 Pages Single Line,1,0,Nos
,,,,,,7tpkhppdtt,Grey Crown 100 Pages Single Line,1,0,Nos
,,,,,,7tpaq1l9ee,Yellow Crown 100 Pages Single Line,1,0,Nos
,,,,,,7tpij90i42,Yellow Long 200 Pages Single Line,2,0,Nos
,,,,,,7tp7kqfg8u,Record Notebook,1,0,Nos
BOM-Bundle 13 Workbook-001,Bundle 13 Workbook,MDQualityapps,1,INR,1,d2rp5t9ej9,Math Lab Manual 10,1,0,Nos
,,,,,,d2s1ag31nm,Science Lab Manual 10,1,0,Nos
,,,,,,d2u7kso1rn,Hindi Workbook 10,1,0,Nos
BOM-Bundle 13 Textbook-001,Bundle 13 Textbook,MDQualityapps,1,INR,1,d1v6961v58,First Flight,1,0,Nos
,,,,,,d21l2195li,Footprint without Feet,1,0,Nos
,,,,,,d23rbu52hk,Words and Expressions 2,1,0,Nos
,,,,,,d24m8tv2qp,Sparsh Grade 10,1,0,Nos
,,,,,,d26crggup1,Sanchayan II,1,0,Nos
,,,,,,d28ghiq1dj,Maths Textbook 10,1,0,Nos
,,,,,,d2ac8smm45,Tamil Textbook,1,0,Nos
,,,,,,d2caq6l52l,Science Textbook 10,1,0,Nos
,,,,,,d2esp1pgff,Contemporary India - Geography Grade 10,1,0,Nos
,,,,,,d2g6qr050b,India & Contemporary World II Grade 10,1,0,Nos
,,,,,,d2i0kj3i63,Democratic Politics II,1,0,Nos
,,,,,,d2kvtd00g8,Understanding Economics Development,1,0,Nos
,,,,,,d2mn8npf8q,CBSE Facilitator Hand Book (Subject Realted) + CBSE Employability Skiils Grade 10,1,0,Nos
BOM-TSUSC7F13$$$$$-001,TSUSC7F13$$$$$,MDQualityapps,1,INR,1,d1usr54i0i,Bundle 13 Textbook,1,0,Nos
,,,,,,d2pqjf77gp,Bundle 13 Workbook,1,0,Nos
,,,,,,d2voqp5aut,Bundle 13 Notebook,1,0,Nos
,,,,,,d340qid33r,Bundle 13 Stationery,1,0,Nos
,,,,,,d365qn7d0f,Bundle 13 Program,1,0,Nos
BOM-Bundle 12 Program-001,Bundle 12 Program,MDQualityapps,1,INR,1,d1qb9dndaa,TSUS Robotics Kit 9,1,0,Nos
,,,,,,0krqkhbs2u,Opendoor Thinking Assessment - TSUS,1,0,Nos
BOM-Bundle 12 Notebook-001,Bundle 12 Notebook,MDQualityapps,1,INR,1,d13j5obmug,60 pages Physics (with 3 graph pages),1,0,Nos
,,,,,,d14dv0fiuu,60 pages Chemistry,1,0,Nos
,,,,,,d16qs5qkvc,Biology 60 pages,1,0,Nos
,,,,,,d17bbubdm6,60 pages Maths Lab (with 5 graph pages),1,0,Nos
,,,,,,d19pngjnus,80 pages (the template designed and shared by SEL),1,0,Nos
,,,,,,d1cs6uvmqf,Blue Crown 200 Pages single Line Interleaved,1,0,Nos
,,,,,,d1eu9barun,Grey Crown 100 Pages Single Line,1,0,Nos
,,,,,,d1ga8gd4bc,100 Pages OSR Single LIne,1,0,Nos
,,,,,,d1js6kmn1e,Record Notebook,1,0,Nos
,,,,,,6rql3oth03,Orange Long 200 Pages Single Line,2,0,Nos
,,,,,,6rqhk90g9v,Yellow Long 200 Pages Single Line,2,0,Nos
,,,,,,6rqcb8vb81,Red Long 200 Pages Single Line,2,0,Nos
,,,,,,6rqsisdlqe,Red Long 200 Pages Single Line,1,0,Nos
,,,,,,6rqm5nh43k,Green Long 200 Pages Single Line,3,0,Nos
,,,,,,6rquep4csl,Blue Long 200 Pages Single Line,1,0,Nos
,,,,,,6rqh8gmbnp,Blue Crown 200 Pages single Line,1,0,Nos
,,,,,,6rqsar4af7,Yellow Crown 100 Pages Single Line,1,0,Nos
,,,,,,6rqa62l8ee,Yellow Long 200 Pages Single Line,2,0,Nos
,,,,,,6rq9nja085,Blue Long 200 Pages Single Line,1,0,Nos
BOM-Bundle 12 Workbook-001,Bundle 12 Workbook,MDQualityapps,1,INR,1,d0sv241k7q,Math Lab Manual 9,1,0,Nos
,,,,,,d0t62atve4,Science Lab Manual 9,1,0,Nos
,,,,,,d0vv1a2ubq,Hindi Workbook 9,1,0,Nos
BOM-Bundle 12 Textbook-001,Bundle 12 Textbook,MDQualityapps,1,INR,1,cvu8un2ukv,Beehive,1,0,Nos
,,,,,,d00mhi1pm8,Moments - English Suppl. Rdr,1,0,Nos
,,,,,,d024dvjjns,Words and Expressions 1,1,0,Nos
,,,,,,d044tg8u3m,Sparsh Grade 9,1,0,Nos
,,,,,,d06kkej0sr,Sanchayan I,1,0,Nos
,,,,,,d09sad4njh,Maths Textbook 9,1,0,Nos
,,,,,,d0b98t8udd,Science Textbook 9,1,0,Nos
,,,,,,d0do9n2op5,Tamil Textbook 9,1,0,Nos
,,,,,,d0fej8e55e,Contemporary India - Geography Grade 9,1,0,Nos
,,,,,,d0h9sdnplp,India & Contemporary World History Grade 9,1,0,Nos
,,,,,,d0j9o9kurg,Democratic Politics Grade 9,1,0,Nos
,,,,,,d0lm9i97cd,Economics Textbook,1,0,Nos
,,,,,,d0omgeqavp,CBSE Facilitator Hand Book (Subject Realted) + CBSE Employability Skiils Grade 9,1,0,Nos
BOM-TSUSC7F12$$$$$-001,TSUSC7F12$$$$$,MDQualityapps,1,INR,1,cvtkm57aku,Bundle 12 Textbook,1,0,Nos
,,,,,,d0q5v8ddav,Bundle 12 Workbook,1,0,Nos
,,,,,,d11cbe100f,Bundle 12 Notebook,1,0,Nos
,,,,,,d1l22dkmdv,Bundle 12 Stationery,1,0,Nos
,,,,,,d1n3s80a21,Bundle 12 Program,1,0,Nos
,,,,,,d1rbukvftm,Bundle 12 Other,1,0,Nos
BOM-Bundle 11 Program-001,Bundle 11 Program,MDQualityapps,1,INR,1,cvo7q6nvc1,TSUS Robotics Kit 8,1,0,Nos
,,,,,,lfv35ag0gr,Opendoor Thinking Assessment - TSUS,1,0,Nos
BOM-Bundle 11 Workbook-001,Bundle 11 Workbook,MDQualityapps,1,INR,1,cv2sdn7a4v,The Shri English Skill Builder - 8,1,0,Nos
,,,,,,cv4ddfkde4,Hindi Workbook 8,1,0,Nos
,,,,,,cv5ed2udu9,Math Lab Manual 8 - Revised,1,0,Nos
,,,,,,cv7uee03bo,Math Workbook 8 - Revised,1,0,Nos
,,,,,,cv9qvfmmgm,Social Science Workbook 8 - Revised,1,0,Nos
,,,,,,cvc8kroj74,Science workbook 8,1,0,Nos
,,,,,,cvem489lqc,Science practicle skills 8,1,0,Nos
,,,,,,cvgn9rpp9h,ICT Workbook with AI content 8,1,0,Nos
BOM-Bundle 11 Textbook-001,Bundle 11 Textbook,MDQualityapps,1,INR,1,cuhntrqjl0,Poorvi Grade 8,1,0,Nos
,,,,,,cuj9bq51gn,Tales from Shakespeare,1,0,Nos
,,,,,,cuk0mtal81,Malhaar 8,1,0,Nos
,,,,,,cum0tlhruv,Ganita Prakash Grade 8 Part 1,1,0,Nos
,,,,,,cun9lu4cuc,Ganita Prakash Grade 8 Part 2,1,0,Nos
,,,,,,cupvccdqli,Curiosity Grade 8,1,0,Nos
,,,,,,cur548ovna,Exploring Society:India and Beyond for Grade 8 Part 1,1,0,Nos
,,,,,,cutplfsote,Exploring Society:India and Beyond for Grade 8 Part 2,1,0,Nos
,,,,,,cuv6qokmpf,Grooming Book 8,1,0,Nos
BOM-TSUSC7F11$$$$$-001,TSUSC7F11$$$$$,MDQualityapps,1,INR,1,cugk7jtjbs,Bundle 11 Textbook,1,0,Nos
,,,,,,cv1c3jr33b,Bundle 11 Workbook,1,0,Nos
,,,,,,cvicurmu9g,Bundle 11 Notebook,1,0,Nos
,,,,,,cvkennsafb,Bundle 11 Stationery,1,0,Nos
,,,,,,cvl51v4kgv,Bundle 11 Program,1,0,Nos
,,,,,,cvpbk0t6nv,Bundle 11 Other,1,0,Nos
BOM-Bundle 10 Other-001,Bundle 10 Other,MDQualityapps,1,INR,1,cuen4n6b50,Packing & Transport - Reduced,1,0,Nos
BOM-Bundle 10 Program-001,Bundle 10 Program,MDQualityapps,1,INR,1,cubq4be6mf,TSUS Robotics Kit 7,1,0,Nos
,,,,,,r8bnftp4op,Opendoor Thinking Assessment - TSUS,1,0,Nos
BOM-Bundle 10 Workbook-001,Bundle 10 Workbook,MDQualityapps,1,INR,1,cto2g345i2,The Shri English Skill Builder - 7,1,0,Nos
,,,,,,ctqbmvj6nu,Hindi Workbook 7,1,0,Nos
,,,,,,ctr6oso91g,Math Workbook 7 - Revised,1,0,Nos
,,,,,,ctstsd18j3,Math Lab Manual 7 - Revised,1,0,Nos
,,,,,,ctut5k1v6k,Social Science Workbook 7 - Revised,1,0,Nos
,,,,,,cu00qppfuk,Science workbook 7,1,0,Nos
,,,,,,cu2hdj0rp2,Science practicle skills 7,1,0,Nos
,,,,,,cu4kkoo39m,ICT Workbook with AI content 7,1,0,Nos
BOM-Bundle 10 Textbook-001,Bundle 10 Textbook,MDQualityapps,1,INR,1,ct593u6jlq,Poorvi Grade 7,1,0,Nos
,,,,,,ct7uanvbpj,The Lightning Thief: The Graphic Novel,1,0,Nos
,,,,,,ct8mggk0nc,Malhaar 7,1,0,Nos
,,,,,,ct9098blk2,Ganita Prakash Grade 7 Part 1,1,0,Nos
,,,,,,ctbqkpckk2,Ganita Prakash Grade 7 Part 2,1,0,Nos
,,,,,,ctdhg6nv8a,Curiosity Grade 7,1,0,Nos
,,,,,,ctfl756u5p,Exploring Society: India And Beyond Part-1 Social Science Textbook Grade 7,1,0,Nos
,,,,,,cthn9km3nq,Exploring Society: India And Beyond Part-2 Social Science Textbook Grade 7,1,0,Nos
,,,,,,ctjt0jrm9b,Grooming Book 7,1,0,Nos
,,,,,,ctlam47ov9,Sustainability WorkBook 7,1,0,Nos
BOM-TSUSC7F10$$$$$-001,TSUSC7F10$$$$$,MDQualityapps,1,INR,1,ct4f2fsr6f,Bundle 10 Textbook,1,0,Nos
,,,,,,ctn8c3s8lp,Bundle 10 Workbook,1,0,Nos
,,,,,,cu6rr8ll9l,Bundle 10 Notebook,1,0,Nos
,,,,,,cu7hmbfivm,Bundle 10 Stationery,1,0,Nos
,,,,,,cu90ubbikc,Bundle 10 Program,1,0,Nos
,,,,,,cuc5pv6blm,Bundle 10 Other,1,0,Nos
BOM-Bundle 9 Program-001,Bundle 9 Program,MDQualityapps,1,INR,1,csv2sg63gv,Opendoor Thinking Assessment - TSUS,1,0,Nos
,,,,,,ct0i1h3e7q,TSUS Robotics Kit 6,1,0,Nos
BOM-Bundle 9 Stationery-001,Bundle 9 Stationery,MDQualityapps,1,INR,1,cssv2tc4i0,50 Pages Loose sheets for drawing,1,0,Nos
,,,,,,40to33qi59,A/4 503 -2D Ring binder 25 mm capacity,1,0,Nos
,,,,,,40t4pdq3j8,Button File,1,0,Nos
BOM-Bundle 9 Notebook-001,Bundle 9 Notebook,MDQualityapps,1,INR,1,csevtnsqk1,Orange Long 200 Pages Single Line,3,0,Nos
,,,,,,csgdrreccr,Yellow Long 200 Pages Single Line,4,0,Nos
,,,,,,cshdn72ojk,Red Long 200 Pages Single Line,3,0,Nos
,,,,,,csiknagig5,50 Pages Graph notebook,1,0,Nos
,,,,,,csk9bua34k,Green Long 200 Pages Single Line,2,0,Nos
,,,,,,csm0ietj8h,Blue Long 200 Pages Single Line,2,0,Nos
,,,,,,csoi39gqq3,"100 Pages Single line Practical note book, one side ruled and one side plane",1,0,Nos
,,,,,,r7cjf3v0vm,Yellow Long 200 Pages Single Line,1,0,Nos
,,,,,,r7cajbr5j1,Orange Long 200 Pages Single Line,1,0,Nos
BOM-Bundle 9 Workbook-001,Bundle 9 Workbook,MDQualityapps,1,INR,1,cs27jue4h1,The Shri English Skill Builder - 6,1,0,Nos
,,,,,,cs3dssug9v,Hindi Workbook 6,1,0,Nos
,,,,,,cs4cen2fkk,Math Workbook & Lab Manual 6,1,0,Nos
,,,,,,cs6f66nnfk,Social Science 6,1,0,Nos
,,,,,,cs7l86gs9n,Science practicle skills 6,1,0,Nos
,,,,,,cs9jj69858,Science workbook 6,1,0,Nos
,,,,,,csbulpdo8e,ICT Workbook with AI content - 6,1,0,Nos
BOM-Bundle 9 Textbook-001,Bundle 9 Textbook,MDQualityapps,1,INR,1,crdqlmt61p,Poorvi Grade 6,1,0,Nos
,,,,,,cre5cnp15e,The Magic of the Lost Temple,1,0,Nos
,,,,,,crg08777oa,Roget's Thesaurus Dictionary,1,0,Nos
,,,,,,crh04u67vm,Malhaar 6,1,0,Nos
,,,,,,criglim4mr,Vyakaran Latika 8,1,0,Nos
,,,,,,crko3kuftl,Hindi Dictionary,1,0,Nos
,,,,,,crmmv5dllc,Ganita Prakash Grade 6,1,0,Nos
,,,,,,cronfqvg4d,Curiosity Grade 6,1,0,Nos
,,,,,,crqdsfdtbr,Exploring Society:India and Beyond for Grade 6,1,0,Nos
,,,,,,crsdqq0jbn,Grooming Book 6,1,0,Nos
,,,,,,cru9vrgqd2,Sustainability WorkBook 6,1,0,Nos
BOM-TSUSC7F9$$$$$$-001,TSUSC7F9$$$$$$,MDQualityapps,1,INR,1,crbfoutilc,Bundle 9 Textbook,1,0,Nos
,,,,,,cs09s44ku2,Bundle 9 Workbook,1,0,Nos
,,,,,,cscq55e1v3,Bundle 9 Notebook,1,0,Nos
,,,,,,csqinr9fch,Bundle 9 Stationery,1,0,Nos
,,,,,,cst9b7cr1u,Bundle 9 Program,1,0,Nos
,,,,,,ct1fjfsm3v,Bundle 9 Other,1,0,Nos
BOM-Bundle 8 Program-001,Bundle 8 Program,MDQualityapps,1,INR,1,cr77s6o914,TSUS Robotics Kit 5,1,0,Nos
BOM-Bundle 8 Notebook-001,Bundle 8 Notebook,MDQualityapps,1,INR,1,cqqluathho,Orange Crown 200 Pages Single Line,2,0,Nos
,,,,,,cqs2b4n2pm,Yellow Crown 200 Pages Single Line,2,0,Nos
,,,,,,cqtoqdremq,Crown 200 Pages 1/4 inch square,3,0,Nos
,,,,,,cqv6lsocmc,Red Crown 100 Pages single Line Interleaved,1,0,Nos
,,,,,,cr11f9ih0q,Green Crown 200 Pages single Line Interleaved,2,0,Nos
,,,,,,u7pl8ucqqs,Yellow Crown 200 Pages Single Line,2,0,Nos
,,,,,,u7p7rod7ki,50 Pages 4 Line Project file A4 Size,1,0,Nos
,,,,,,u7p8ojhl86,Blue Crown 200 Pages single Line,2,0,Nos
,,,,,,u7pb3bf12l,Yellow Crown 100 Pages Single Line,1,0,Nos
,,,,,,u7ptkf156k,50 Pages Spiral Drawing Book-A-4 (Landscape with cartridge sheets),1,0,Nos
BOM-Bundle 8 Workbook-001,Bundle 8 Workbook,MDQualityapps,1,INR,1,cqdct2k1l4,The Shri English Skill Builder - 5,1,0,Nos
,,,,,,cqf0epucp7,Hindi Karay Patrika 5,1,0,Nos
,,,,,,cqgp2kplfc,Math workbook 5,1,0,Nos
,,,,,,cqi4agj738,Science Workbook 5,1,0,Nos
,,,,,,cqjhki2e81,Science Lab Manual 5,1,0,Nos
,,,,,,cql8jn56lu,Social Science Workbook 5,1,0,Nos
,,,,,,cqnn1cn30f,ICT workbook 5,1,0,Nos
BOM-Bundle 8 Textbook-001,Bundle 8 Textbook,MDQualityapps,1,INR,1,cpo8d05q70,Wisdom of Words 5,1,0,Nos
,,,,,,cpp2qr3cqf,Grandma's Bag of Stories,1,0,Nos
,,,,,,cpr4ol9hni,Cambridge Math Milestone 5,1,0,Nos
,,,,,,cpt0m1fo3s,Rimjhim 5,1,0,Nos
,,,,,,cpv32soilb,Hindi Vykaran evam Rachna bhag 5,1,0,Nos
,,,,,,cq0kqi4v55,Aao Kahani Padhe -5,1,0,Nos
,,,,,,cq2sl7tq8c,Tamil Textbook 5,1,0,Nos
,,,,,,cq403r48qr,The World Around Us Cambridge Grade 5,1,0,Nos
,,,,,,cq6ppk9coj,The World Around Us 5,1,0,Nos
,,,,,,cq8544qpk8,Grooming Book 5,1,0,Nos
,,,,,,cqaaiesv4e,Sustainability WorkBook 5,1,0,Nos
BOM-TSUSC7F8$$$$$$-001,TSUSC7F8$$$$$$,MDQualityapps,1,INR,1,cpmv4vdhq1,Bundle 8 Textbook,1,0,Nos
,,,,,,cqcikofusd,Bundle 8 Workbook,1,0,Nos
,,,,,,cqojjq0k6r,Bundle 8 Notebook,1,0,Nos
,,,,,,cr3b3sj8ss,Bundle 8 Stationery,1,0,Nos
,,,,,,cr5uvlj7qi,Bundle 8 Program,1,0,Nos
,,,,,,cr82svbcgb,Bundle 8 Other,1,0,Nos
BOM-Bundle 7 Program-001,Bundle 7 Program,MDQualityapps,1,INR,1,cpi345lhpj,TSUS Robotics Kit 4,1,0,Nos
BOM-Bundle 7 Notebook-001,Bundle 7 Notebook,MDQualityapps,1,INR,1,cp75bqcg22,Orange Crown 100 Pages Single Line,3,0,Nos
,,,,,,cp8i0a3gk3,Crown 100 Pages 1/4 inch square,3,0,Nos
,,,,,,cpajv2r7ur,Crown 50 Pages Single Line Interleaved,1,0,Nos
,,,,,,cpbq1gaeti,Green Crown 100 Pages single Line Interleaved,2,0,Nos
,,,,,,cpdku7qfvb,Blue Crown 200 Pages single Line,2,0,Nos
,,,,,,he1q4ep2fl,Yellow Crown 100 Pages Single Line,1,0,Nos
,,,,,,he11pdke6t,Yellow Crown 100 Pages Single Line,1,0,Nos
,,,,,,he19c24dos,50 Pages 4 Line Project file A4 Size,1,0,Nos
,,,,,,he195n4nus,50 Pages Spiral Drawing Book-A-4 (Landscape with cartridge sheets),1,0,Nos
,,,,,,he1bnbaiau,Yellow Crown 100 Pages Single Line,1,0,Nos
BOM-Bundle 7 Workbook-001,Bundle 7 Workbook,MDQualityapps,1,INR,1,cosd68fd8s,The Shri English Skill Builder - 4,1,0,Nos
,,,,,,cot7agivka,Hindi Karay Patrika 4,1,0,Nos
,,,,,,coubpc2ier,Math workbook 4,1,0,Nos
,,,,,,cp0vium8ul,Science workbook 4,1,0,Nos
,,,,,,cp239s4qk1,Social Science Workbook 4,1,0,Nos
,,,,,,cp3ntg20jr,ICT workbook 4,1,0,Nos
BOM-Bundle 7 Textbook-001,Bundle 7 Textbook,MDQualityapps,1,INR,1,co5f9bht7g,Wisdom of Words 4,1,0,Nos
,,,,,,co6ka9h84l,Charlie and The Chocolate Factory,1,0,Nos
,,,,,,co8cjfs9g4,Cambridge Math Milestone 4,1,0,Nos
,,,,,,co9osq6d23,The World Around Us 4,1,0,Nos
,,,,,,cob7gincpu,Veena Grade 4,1,0,Nos
,,,,,,cod7rq641e,Hindi Vykaran evam Rachna bhag 4,1,0,Nos
,,,,,,coevr9s060,Aao Kahani Padhe -4,1,0,Nos
,,,,,,cogd1eb8cp,Tamil Textbook 4,1,0,Nos
,,,,,,coja03beb2,The World Around Us Cambridge Grade 4,1,0,Nos
,,,,,,cokhb0p3i5,Atlas,1,0,Nos
,,,,,,compn9bloj,Grooming Book 4,1,0,Nos
,,,,,,coo4cekf2k,Sustainability WorkBook 4,1,0,Nos
BOM-TSUSC7F7$$$$$$-001,TSUSC7F7$$$$$$,MDQualityapps,1,INR,1,co39ab7qc6,Bundle 7 Textbook,1,0,Nos
,,,,,,coq8p8vf8t,Bundle 7 Workbook,1,0,Nos
,,,,,,cp5lob9jva,Bundle 7 Notebook,1,0,Nos
,,,,,,cpf49s2jj0,Bundle 7 Stationery,1,0,Nos
,,,,,,cpgl9a4dri,Bundle 7 Program,1,0,Nos
,,,,,,cpk0io2uvi,Bundle 7 Other,1,0,Nos
BOM-Bundle 6 Program-001,Bundle 6 Program,MDQualityapps,1,INR,1,cnvavlppi0,TSUS Robotics Kit 3,1,0,Nos
BOM-Bundle 6 Notebook-001,Bundle 6 Notebook,MDQualityapps,1,INR,1,cnoq80gvmc,Crown 100 Pages 2 Line Interleaved,3,0,Nos
,,,,,,cnqr5j53t8,50 Pages 2 Line Project file A4 Size,1,0,Nos
,,,,,,501h4fd6pd,Yellow Crown 100 Pages Single Line,3,0,Nos
,,,,,,501isakpj9,Crown 100 Pages Two Line,3,0,Nos
,,,,,,501bq1oitv,Crown 100 Pages 1/2 inch square,3,0,Nos
,,,,,,5013a3121d,50 Pages Spiral Drawing Book-A-4 (Landscape with cartridge sheets),1,0,Nos
,,,,,,5017nphkrd,Yellow Crown 100 Pages Single Line,1,0,Nos
,,,,,,arig5gijc5,Crown 100 Pages Four Line,3,0,Nos
BOM-Bundle 6 Workbook-001,Bundle 6 Workbook,MDQualityapps,1,INR,1,cnf4qr7gof,The Shri English Skill Builder - 3,1,0,Nos
,,,,,,cngi3m2o5u,Hindi Karay Patrika 3,1,0,Nos
,,,,,,cni0uiovro,Math workbook 3,1,0,Nos
,,,,,,cnj2e2bcj6,Little Explorers 3,1,0,Nos
,,,,,,cnlsv48bk8,ICT workbook 3,1,0,Nos
BOM-Bundle 6 Textbook-001,Bundle 6 Textbook,MDQualityapps,1,INR,1,cmsnuc60hp,Wisdom of Words 3,1,0,Nos
,,,,,,cmu5u7j841,Cricket for the Crocodile,1,0,Nos
,,,,,,cmvjleaskh,Little Dictionary,1,0,Nos
,,,,,,cn13h3v6rr,Cambridge Math Milestone 3,1,0,Nos
,,,,,,cn3450u86c,The World Around Us 3,1,0,Nos
,,,,,,cn412hbf44,Veena Grade 3,1,0,Nos
,,,,,,cn6ukavulv,Aao Kahani Padhe -3,1,0,Nos
,,,,,,cn892hpivd,Tamil Textbook 3,1,0,Nos
,,,,,,cnajcnd28n,Grooming Book 3,1,0,Nos
,,,,,,cncthtrj3r,Sustainability WorkBook 3,1,0,Nos
BOM-TSUSC7F6$$$$$$-001,TSUSC7F6$$$$$$,MDQualityapps,1,INR,1,cmrg4oh1b8,Bundle 6 Textbook,1,0,Nos
,,,,,,cnerri9bkm,Bundle 6 Workbook,1,0,Nos
,,,,,,cnmt7mjhba,Bundle 6 Notebook,1,0,Nos
,,,,,,cnrdejokf0,Bundle 6 Stationery,1,0,Nos
,,,,,,cnt3oa76ha,Bundle 6 Program,1,0,Nos
,,,,,,co0hs0p115,Bundle 6 Other,1,0,Nos
BOM-Bundle 5 Stationery-001,Bundle 5 Stationery,MDQualityapps,1,INR,1,cmm0oktemq,A/4 503 -2D Ring binder 25 mm capacity,1,0,Nos
,,,,,,5allgjf393,Button File,1,0,Nos
BOM-Bundle 5 Notebook-001,Bundle 5 Notebook,MDQualityapps,1,INR,1,cmdphtnqul,Crown 100 Pages Four Line,2,0,Nos
,,,,,,cmeno1iali,Yellow Crown 100 Pages Single Line,2,0,Nos
,,,,,,cmg6d1atpn,Crown 100 Pages Two Line,2,0,Nos
,,,,,,cmhjc8d7br,Green Crown 100 Pages Four Line Interleaved,2,0,Nos
,,,,,,cmjhuhilj3,50 Pages 4 Line Project file A4 Size,1,0,Nos
,,,,,,2vqoakabu4,Crown 100 Pages 1/2 inch square,2,0,Nos
,,,,,,2vqso7n87i,50 Pages Spiral Drawing Book-A-4 (Landscape with cartridge sheets),1,0,Nos
,,,,,,3lc675vto8,Crown 50 Pages Four Line,18,0,Nos
BOM-Bundle 5 Workbook-001,Bundle 5 Workbook,MDQualityapps,1,INR,1,cm0f2ibfol,Speak Well Write Easy - Elementary,1,0,Nos
,,,,,,cm21lvmt23,Scribe Master Level 2,1,0,Nos
,,,,,,cm35k5uq9g,Hindi Karya Patrika 2,1,0,Nos
,,,,,,cm5tcu5o2c,Math Workbook 2,1,0,Nos
,,,,,,cm6j2aamlu,Little Explorers 2,1,0,Nos
,,,,,,cm87lotn5h,ICT Workbook 2,1,0,Nos
,,,,,,cm9v43fsnr,Tamil Ace Worksheets Tamil 2,1,0,Nos
BOM-Bundle 5 Textbook-001,Bundle 5 Textbook,MDQualityapps,1,INR,1,clhaki5k9j,Wisdom of Words 2,1,0,Nos
,,,,,,cliljqt89j,The Owl who was afraid of the Dark,1,0,Nos
,,,,,,clkbd7dg9l,Cambridge Math Milestone 2,1,0,Nos
,,,,,,clligf8ofe,Sarangi 2,1,0,Nos
,,,,,,clm6ofrtd2,Step Well 2,1,0,Nos
,,,,,,clorhd5s5b,Aao Kahani Padhe-2,1,0,Nos
,,,,,,clq1c8f7rb,Tamil Textbook 2,1,0,Nos
,,,,,,clr1jrha55,Grooming Book 2,1,0,Nos
,,,,,,clt9lsou9m,Sustainability WorkBook 2,1,0,Nos
BOM-TSUSC7F5$$$$$$-001,TSUSC7F5$$$$$$,MDQualityapps,1,INR,1,clg8hd8ihc,Bundle 5 Textbook,1,0,Nos
,,,,,,clvbj79c1l,Bundle 5 Workbook,1,0,Nos
,,,,,,cmbg6dnfb2,Bundle 5 Notebook,1,0,Nos
,,,,,,cml2pt2o2j,Bundle 5 Stationery,1,0,Nos
,,,,,,cmohpuupv8,Bundle 5 Other,1,0,Nos
BOM-Bundle 4 Stationery-001,Bundle 4 Stationery,MDQualityapps,1,INR,1,cld3n16k0o,Button File,1,0,Nos
,,,,,,rmmp00kisf,Fabric apron and mat set,1,0,Nos
,,,,,,rmm93foust,Triangular Jumbo color pencils (12 shades),1,0,Nos
,,,,,,rmmnvsef4b,Snap button organiser (Small),1,0,Nos
BOM-Bundle 4 Other-001,Bundle 4 Other,Inventre Edu Services Pvt Ltd,1,INR,1,clauhn0chj,Packing & Transport,1,0,Nos
,,,,,,0jdjhrmo6c,TSUS Almanac,1,120,Nos
,,,,,,0jdn4guo6v,TSUS Year Planner,1,0,Nos
,,,,,,0jd27a9pi2,TSUS ID Card,1,78,Nos
BOM-Bundle 4 Notebook-001,Bundle 4 Notebook,MDQualityapps,1,INR,1,cl0u7esfk8,Crown 50 Pages Four Line,2,0,Nos
,,,,,,cl15n03o4q,Crown 50 Pages Single Line,2,0,Nos
,,,,,,cl3epu30ql,Crown 50 Pages Two Line,2,0,Nos
,,,,,,cl5nerl5bg,Crown 50 Pages 1/2 inch square,2,0,Nos
,,,,,,cl7r8fr6dv,Crown 50 Pages 4 line interleaved,2,0,Nos
,,,,,,qk99v9pnt1,50 Pages Spiral Drawing Book-A-4 (Landscape with cartridge sheets),1,0,Nos
BOM-Bundle 4 Workbook-001,Bundle 4 Workbook,MDQualityapps,1,INR,1,ckguhn6lsp,Word Wealth 1,1,0,Nos
,,,,,,ckig4ponkn,Scribe Master Level 1,1,0,Nos
,,,,,,ckjakp5fvh,English Notebook 1,1,0,Nos
,,,,,,ckkc0mvfgk,Creative Writing 1,1,0,Nos
,,,,,,ckmtinah49,Hindi Karya Patrika 1,1,0,Nos
,,,,,,ckovo2ftel,Math Workbook 1,1,0,Nos
,,,,,,ckphgnpu57,Little Explorers 1,1,0,Nos
,,,,,,ckrfqgrdk0,ICT Workbook 1,1,0,Nos
,,,,,,ckttrcb0gm,Practice Workbook 1,1,0,Nos
BOM-Bundle 4 Textbook-001,Bundle 4 Textbook,MDQualityapps,1,INR,1,cjte05j765,Wisdom of Words 1,1,0,Nos
,,,,,,cjufc4qvf5,Stories of Wisdom,1,0,Nos
,,,,,,cjvbfk06lk,Jataka Tales (Storeis of courage),1,0,Nos
,,,,,,ck1vlp2juf,Stories of Akbar & Birbal,1,0,Nos
,,,,,,ck2iro6dht,Cambridge Math Milestone 1,1,0,Nos
,,,,,,ck4192dak6,Sarangi 1,1,0,Nos
,,,,,,ck6call1gf,Step Well 1,1,0,Nos
,,,,,,ck7v2h3d6a,Aao Kahani Padhe-1,1,0,Nos
,,,,,,ck9s60bice,State Board,1,0,Nos
,,,,,,ckbgs91lgn,Grooming Book 1,1,0,Nos
,,,,,,ckducd5ob4,Sustainability WorkBook 1,1,0,Nos
BOM-TSUSC7F4$$$$$$-001,TSUSC7F4$$$$$$,MDQualityapps,1,INR,1,cjr90dmgic,Bundle 4 Textbook,1,0,Nos
,,,,,,ckf8169eel,Bundle 4 Workbook,1,0,Nos
,,,,,,ckvkk9o927,Bundle 4 Notebook,1,0,Nos
,,,,,,cl9t3pjean,Bundle 4 Other,1,0,Nos
,,,,,,clc92r5em1,Bundle 4 Stationery,1,0,Nos
BOM-Bundle 3 Other-001,Bundle 3 Other,MDQualityapps,1,INR,1,cjnpsgpn7f,Packing & Transport - UKG,1,0,Nos
BOM-Bundle 3 Notebook-001,Bundle 3 Notebook,MDQualityapps,1,INR,1,cjh86a5v76,Orange Crown 100 Pages Four Line Interleaved,1,0,Nos
,,,,,,cjih941r1r,Crown 100 Pages 1/2 inch square,1,0,Nos
,,,,,,cjkp4ao8as,100 Pages 4 Line Project File,1,0,Nos
,,,,,,ukr970tac2,Crown 100 Pages Five Line Regular Interleaved,1,0,Nos
,,,,,,ukrvm9f2of,50 Pages Spiral Drawing Book-A-4 (Landscape with cartridge sheets),1,0,Nos
BOM-Bundle 3 Textbook-001,Bundle 3 Textbook,MDQualityapps,1,INR,1,cj17g6fndc,Literacy Book Part A -3 Version 2,1,0,Nos
,,,,,,cj2a017ojo,Literacy Book Part B -3 Version 2,1,0,Nos
,,,,,,cj4n64i354,Literacy Book Part C -3 Version 2,1,0,Nos
,,,,,,cj500qd1of,Numeracy Book Part A -3 Version 2,1,0,Nos
,,,,,,cj71v1vt0m,Numeracy Book Part B -3 Version 2,1,0,Nos
,,,,,,cj97u4khg2,Numeracy Book Part C -3 Version 2,1,0,Nos
,,,,,,cjb4s3nug0,Skill Development -3 Version 2,1,0,Nos
,,,,,,cjd4f6a6qd,Sustainability WorkBook UKG,1,0,Nos
BOM-TSUSC7F3$$$$$$-001,TSUSC7F3$$$$$$,MDQualityapps,1,INR,1,civ0ji4jug,Bundle 3 Textbook,1,0,Nos
,,,,,,cjf6vguklo,Bundle 3 Notebook,1,0,Nos
,,,,,,cjp0sp2geo,Bundle 2 Stationery,1,0,Nos
BOM-Bundle 2 Stationery-001,Bundle 2 Stationery,MDQualityapps,1,INR,1,cin06sqr3b,"3 in One (English, Hindi 5 Lines, Maths) - Green Board",1,0,Nos
,,,,,,cipjvl284r,Trainagular oil pastels – set of 12 colours,1,0,Nos
,,,,,,cirnvll162,Triangular Jumbo color pencils (12 shades),1,0,Nos
,,,,,,cit08v7u1a,Tiangular Writing Pencils,1,0,Nos
,,,,,,aikq4e3obh,Small wooden duster,1,0,Nos
,,,,,,aik1457b3b,Fabric apron and mat set,1,0,Nos
,,,,,,aiku7gkhst,Fevicol,1,0,Nos
,,,,,,aikmifc9aj,Origami sheets,1,0,Nos
,,,,,,aiksqbk6sv,Snap button organiser (Small),1,0,Nos
,,,,,,aikmr9kf55,Poster Paint (6 Shades),1,0,Nos
BOM-Bundle 2 Other-001,Bundle 2 Other,MDQualityapps,1,INR,1,cik858qt7v,Packing & Transport - LKG,1,0,Nos
BOM-Bundle 2 Notebook-001,Bundle 2 Notebook,MDQualityapps,1,INR,1,ciem0rjgsn,Crown 100 Pages Four Line Broad Interleaved,1,0,Nos
,,,,,,cigmfd5ddn,Crown 100 Pages Five Line Regular Interleaved,1,0,Nos
,,,,,,cihjjkb16b,Crown 100 Pages 1 inch square Interleaved,1,0,Nos
,,,,,,6f28nf0lfg,50 Pages Spiral Drawing Book-A-4 (Landscape with cartridge sheets),1,0,Nos
BOM-Bundle 2 Textbook-001,Bundle 2 Textbook,MDQualityapps,1,INR,1,ci1p2p73cl,Literacy Book Part A -2 Version 2,1,0,Nos
,,,,,,ci2oab8pj3,Literacy Book Part B -2 Version 2,1,0,Nos
,,,,,,ci4src185n,Literacy Book Part C -2 Version 2,1,0,Nos
,,,,,,ci6n89t73h,Numeracy Book Part A -2 Version 2,1,0,Nos
,,,,,,ci7rr6gdkk,Numeracy Book Part B -2 Version 2,1,0,Nos
,,,,,,ci96vlm0is,Numeracy Book Part C -2 Version 2,1,0,Nos
,,,,,,cib4rm7goa,Skill Development -2 Version 2,1,0,Nos
BOM-TSUSC7F2$$$$$$-001,TSUSC7F2$$$$$$,MDQualityapps,1,INR,1,chvrn5dd44,Bundle 2 Textbook,1,0,Nos
,,,,,,cid2p06t3l,Bundle 2 Notebook,1,0,Nos
,,,,,,cij7b3jsmc,Bundle 2 Other,1,0,Nos
,,,,,,cim3tlkndk,Bundle 2 Stationery,1,0,Nos
BOM-Bundle 1 Stationery-001,Bundle 1 Stationery,MDQualityapps,1,INR,1,chhst4g3a5,Writing Slate - Green Board,1,0,Nos
,,,,,,chj4i1b4kj,Small wooden duster,1,0,Nos
,,,,,,chk2gru2d1,Fabric apron and mat set,1,0,Nos
,,,,,,chl9jm645c,Jumbo Crayons,1,0,Nos
,,,,,,chnli3d6m5,Fevicol,1,0,Nos
,,,,,,chpv3riet0,Origami sheets,1,0,Nos
,,,,,,chr8j83i1e,Snap button organiser (Small),1,0,Nos
,,,,,,chsgo6v9rr,Poster Paint (6 Shades),1,0,Nos
BOM-Bundle 1 Other-001,Bundle 1 Other,MDQualityapps,1,INR,1,chacf99j3c,TSUS Almanac,1,0,Nos
,,,,,,chbnie8sum,TSUS Year Planner,1,0,Nos
,,,,,,chd9avg0nu,TSUS ID Card,1,0,Nos
,,,,,,cherdkspio,Packing & Transport - Nursery,1,0,Nos
BOM-Bundle 1 Notebook-001,Bundle 1 Notebook,MDQualityapps,1,INR,1,ch8eis4bqq,50 Pages Spiral Drawing Book-A-4 (Landscape with cartridge sheets),1,0,Nos
BOM-Bundle 1 Textbook-001,Bundle 1 Textbook,MDQualityapps,1,INR,1,cgor8gqejl,Literacy Book Part A -1 Version 2,1,0,Nos
,,,,,,cgph6sf5sj,Literacy Book Part B -1 Version 2,1,0,Nos
,,,,,,cgrmpr26g0,Literacy Book Part C -1 Version 2,1,0,Nos
,,,,,,cgt47ffrqa,Numeracy Book Part A -1 Version 2,1,0,Nos
,,,,,,cgucpbdal4,Numeracy Book Part B -1 Version 2,1,0,Nos
,,,,,,ch0kp3otv4,Numeracy Book Part C -1 Version 2,1,0,Nos
,,,,,,ch20rr28g2,Pattern Book Step 01 Version 2,1,0,Nos
,,,,,,ch4ls0tvvi,Skill Development -1 Version 2,1,0,Nos
BOM-TSUSC7F1$$$$$$-001,TSUSC7F1$$$$$$,MDQualityapps,1,INR,1,cgmet7j3k7,Bundle 1 Textbook,1,0,Nos
,,,,,,ch6onv0cq0,Bundle 1 Notebook,1,0,Nos
,,,,,,ch91e55iat,Bundle 1 Other,1,0,Nos
,,,,,,chg2rk6ug8,Bundle 1 Stationery,1,0,Nos
BOM-UN001-002,UN001,MDQualityapps,1,INR,1,omnr7hobjk,I001,1,45.02311828,Nos
BOM-UN001-001,UN001,MDQualityapps,1,INR,1,ha26lc3bu1,UN002,1,100,Nos
,,,,,,ha26srtts8,UN003,1,30,Nos
