order_id,student_id
63e8e82e-5775-4efa-b4d3-39cbc5d3e956,f252ccfb-9ebf-4aaf-b31f-a62b9a1588ce
cd1e9f6a-1a9a-422f-ad83-6facd19e361e,3398b807-bf2d-4fe8-b079-cde417957492
6d357f32-ff4b-4a30-83ca-34db4b420299,1b90c88f-90a8-41a0-bdd8-4678b47a0a01
6c70208d-7de0-4a82-814a-9f39ebf12d5f,5bce2d56-b805-439c-97c9-d00bd3685d23
6cddacb9-6e40-451c-83f2-da42610664b6,01cc5477-8007-49f7-ada3-0b90f7e7572d
6d0213cd-9f61-433d-a619-8bf1c71f14f1,9dd7397a-e23a-4dc4-b09f-6daecfcba226
6d00b920-01ef-4cb6-ae04-909d9ca30933,e37f1662-74e9-4a22-9ff3-6cb814081ce9
6d348cd7-e191-40c6-b91f-c0df8895bd54,3225cf1a-913d-4fdc-a46a-dc090efeef37
f09da58f-90b0-44d1-9b5b-232b54707fd5,addd3077-a11b-4abf-a511-a0c17f4c6356
6d28235f-10d5-4fda-8aa5-e2f0f98b7225,6e718028-0f66-46a5-8fbb-50d5b43ef349
6db908c5-82a6-4d26-8368-dfe646fa44a4,6d5a8f34-6eb9-4175-ba1e-d835727462d6
6d9aa077-b636-4f5d-8a85-a68bf64d32cc,1e5c53dc-2a45-400b-b2dd-7b1e8318c4ea
f194297e-bab1-4f69-a745-d7e5eacd3ba0,18253fae-bdde-4ff8-80c8-722cbe5f0fca
6dba7d37-7b1f-46e6-ab1e-19e8e403f67f,08b2ceb5-b2a3-4068-a5bd-7b41588f1c26
6df96397-d522-4028-819a-76d3e75cb53f,812e1ca4-f514-4b7d-b3da-fb2c479e977d
a65bed39-dcde-4cec-9604-79f36901dbc5,8e4d291b-9041-4397-b937-f64dd6aa17f4
2a856b46-6de3-4f74-b0a1-ba90c01a43cc,71f7bb72-3cc0-49ae-8966-c8efe667af3a
6dfb1c87-ee2e-4ade-9960-a6e3ab0f758e,da02d5e2-db57-447e-85f0-5000493cc0a6
6e00357a-0ff6-4059-b8fd-d4ed1aa99c40,87fa4817-365a-4e9a-a570-0c0868711cd9
a0f753f4-5570-4c8e-a3cc-464234a9fe33,cdae49da-8fcc-4b4b-a3ff-1ab16a970948
2acb7ac2-4915-454b-8734-bea389f674d5,80e8ccdb-5543-4836-ac2a-06bcf34915f3
f1f9080c-0c2e-4b82-953c-45144747f0d3,1dac5bc3-168c-4ec3-a25e-d0357b112abe
aa2aa7d1-23b6-4ce0-87c2-5defbd827039,effff5da-d7ac-4e69-8912-3b699f986be6
f20f993f-6924-494e-98dd-8a4a99ee5079,0d8753c2-702a-4cfd-8ba9-4e329b5ef553
6e279bc6-1c35-482a-821c-c26c86e64427,4bdd602a-5769-49aa-b1ac-5bd391c2106f
b1af4e81-55e3-4ada-afd6-bfcd3800e8ef,9c8d8587-bd58-480f-8225-be9a813e9c8f
689a5c4f-76a6-455c-931f-37ea8139d389,6ada384b-9360-4285-8759-16ac434d99dd
f2442b92-a6a5-4705-8f00-4b651a0d36b8,5dcb22e7-19b7-4c8a-9175-8f21542424a0
6e3378bb-9423-4462-bc56-a13c1539d0d9,de6dce32-84ad-467c-abbe-f253de317322
b1f59843-e139-4c48-b165-35acb24ae12a,9685428e-cb71-4558-a595-2583d918322b
eb9687be-9d57-4948-addd-5af08b9883d9,9bdc76e1-ddcb-4f74-8733-cd04ee090420
b26d6191-a13a-4456-95e4-6d0b8fb367ea,308ef46d-fa5f-468b-88df-072ab1dc84c9
68d2ee2b-06f6-4c20-b486-a3946b3120cb,b942b157-d093-4ac0-9a6a-f81de764eade
262fdbdf-93f3-46c1-9320-3bef42989b48,5806ffcf-083a-4ab1-b30b-468b378d9e0b
6e78f184-5681-45bd-bb26-1885975cb495,33e3a2e4-6a00-4302-99a2-c7dd33eef060
b2b00ae0-1e7f-4810-9eb4-fd0cc8b841dd,fe85e998-fc2c-4f5f-b083-4d5c341bc8f1
ba3e9fd0-e79e-4ad7-afc9-0abc89732824,93d180a8-d7e2-4da7-82d1-8a7cace12eb0
425b3621-0129-42ec-b21e-a1b61b0f7ba6,cb05429b-31d2-43fd-8916-884e665cba68
690d5588-9432-4a73-a3ae-3ab3ef80c083,2acd125f-54be-4b0d-bfe3-dc7f3ca03773
aad4ae40-2a60-4819-ba14-246727cf24b9,c7156e84-f12a-4922-a88c-41f71a6c4959
6eb748d4-5b76-445d-a7be-0140fa7daace,ec045597-6353-4d0d-97ea-55b011d9f746
6ec8293c-e502-40ac-abe5-69ca899074e6,bd105a26-e7d1-4ad4-a86d-fc993cdaa313
b3041cca-ffb4-4981-a1d6-79a526fee90e,8f26524e-07bf-4b98-911d-1796669577f7
aad7437f-0b8e-40a1-8647-ce6eae0d2810,d659c701-8966-463a-8ec8-7085eee25cbb
f389f2c6-175e-4e20-a579-9f5f7aa82eb6,2ab37d12-b22c-4a2a-8628-32ee5ffeee51
6efde3b9-8491-43a2-8b8b-8005b001fe86,5672fe31-65c1-4d33-b8b6-4e79e134731b
f312519f-f419-46c1-a98d-3d46887ebadd,409698a3-6240-41bd-87b0-4ef692629a1b
f3b234c5-63ed-4def-ba85-76fc0c4158a2,633f9899-25ab-4182-b6a1-5fbef6a2967d
694b361b-3577-415e-b38d-f4a87925c38b,12f6fe82-9bb6-40b0-a0df-d7f383189e29
6f37fa1a-4b1a-4109-9987-488de1586e38,da307242-3f97-44f7-bdbc-ab2c250eae31
2b6e529d-d52d-4f14-a0a2-bedbba51608c,9ce23759-b5da-47ba-b864-0220210a51d0
6f45994a-851f-4373-8aa4-4cb42505d49d,d5e6c18f-2873-47d3-8c6b-28bfe8fe005d
6970266a-d26b-4767-bfb8-9bf7038678d6,633f9899-25ab-4182-b6a1-5fbef6a2967d
b374dd81-f826-4f4e-8987-0765692a209e,f0d706c5-fc27-4e53-bfd0-ed2a8619466c
2b748e02-8688-47ad-9e47-dad7c464fd2e,3d61cf4e-3079-4ac9-b20d-9c07300712dc
6f699c07-437d-4cac-8a47-315ac08eecd7,05568b45-317b-47e7-915d-f31b1e92deeb
b3b18aae-916b-4cd7-999b-d46c6c3ebee1,6bc78b1e-b9d0-4c2b-ae2f-93349b1cdf0c
6f82561b-795e-4ab5-bc0a-74857dab5bad,111a977b-d735-41a5-836f-1b6c9255facc
39497970-1c97-489b-a538-85f2e0114a4e,a88a233c-9ae4-476a-9843-05ec1a754b12
6f96afc6-edc3-4fea-9352-ecc0b6796d9f,afda500f-f271-439b-a156-a94ebe8dfda0
6f9af7ec-2a99-4b9b-9e24-e486ed00d7ec,1ef4cf3d-4b80-4cb2-80a6-19a333402c21
f4780b12-e926-4d3c-8d9c-9dbc1218e42f,ddf9f00f-7674-41d6-8847-12ddf04d4527
b3d969f3-27eb-47fb-84cd-8b7d7231d179,920cd98b-e221-4acd-80f2-71174694d830
2ba15a8a-33ce-440f-9037-e87fb6e63813,6225f1b2-e811-4da8-9368-3707e29a34d9
f4d095de-2362-4891-b307-f2a7b21e45d4,1ef4cf3d-4b80-4cb2-80a6-19a333402c21
6fecc699-2dfd-4ac9-8961-3e106a338637,cfd6e739-20e7-455f-9ed9-803640405c05
ec9fc2d8-deb5-402c-b954-1aad0243af0f,4322726f-db85-4a07-81a2-3cd51a12af16
f4f0b143-d59b-4f31-8db5-640254076361,ac3207c1-1964-4d02-b933-799e3ba69071
b42cd53a-cd20-4be5-a845-6b5775cd4596,77ade05e-4b44-408b-ba1a-4843f5ec1e39
9175c8fb-5604-4ecb-96f1-92cdb13fb64b,692baec2-c3f9-4e23-8862-4a2573f624e5
b42ff407-8dce-4cbf-b22a-9cab05ed0da5,a5c5bef5-398a-437e-a74f-b8e7284a5f02
f50ae62a-9c19-4aee-b8ef-b7e069479d5e,117112e2-5e2e-4ea4-9344-b0fd9eaf1234
700d8dba-97b3-4fbb-aff8-b0a61d99a4bf,a88a233c-9ae4-476a-9843-05ec1a754b12
2be762df-87be-4c7c-ae29-29ae0277f67b,fba4e966-1cb5-4e94-b2d5-5ab7699af651
7858cb76-1f18-4e30-afb2-8840f2eb0cb4,ab2d9102-7868-4d85-91c2-0174de5957f4
f537cd1d-936d-4ba9-80e9-7492fe8a56bf,ad268b48-4258-48dc-90a4-8d95f8a9b7d1
c5946b14-5d8f-41c6-94f2-05f922c859e8,af523255-99d1-4163-9705-280ae2df3c1f
7046dcb3-b9ee-4179-861a-6d89ea52c7a8,7fedf3a5-9cce-49fc-8a90-7c82b72e7006
704d27f0-63ab-4cbd-a909-f66ef91e3a7a,747ca385-1e89-42e8-90e1-b9b5833fd533
7057e58a-c5d6-4107-8e86-135876e7f48b,30ad061d-2e7c-47aa-aebc-f9383c8b670f
2bed61d6-9e31-492d-bfb4-3d9826612422,54e115f5-1991-45bb-b636-4e401e35f6e8
f563dcff-87f9-4f4c-8818-2708e02b21a3,d37961f4-6890-4f0c-bcc8-902d1bced120
26851597-e1fa-408e-8582-1c5b6b087034,fff0238e-a29e-463b-9ece-e0f55ba1c3f6
3fdd5dd8-ee9a-4960-9690-feb5921067bd,23a20026-ac8e-4b9c-8182-0ceba1110f18
aba3279f-f6af-4ea0-a9c6-675edfba087c,0210ec85-2f1c-4675-8814-465c457ff2cb
f57f6584-1b37-467c-93fc-845f21b553b2,9c2006a7-13cc-4fb2-9d88-f943011eed21
20055de6-d730-402e-a03a-89c77cb2fbff,6e718028-0f66-46a5-8fbb-50d5b43ef349
0f200149-f630-4f1c-8c3e-f64c6c865010,6b49dfa8-56ba-4350-9e35-67f48e83217c
2c23b3b3-c363-4d89-9c8b-9c1ccd742fe0,0e0e39ef-f497-4126-8167-55dbb9a828cb
f5c28735-5b4a-48cd-bcda-af1302a26ad7,5e3365bd-b897-4d93-bda6-5cbd7998883c
f5f6202a-37a6-4a8d-8d1f-2cad323d0309,bdffb289-fd12-4d67-bc28-e82401f1b0c7
f5faa2fb-feb1-48fd-a960-b4b087667f62,c85d9925-3b01-47c4-98c8-8c15ae092e24
6a1b5afb-5bd3-4bdc-bbcd-119d03a844b2,cab3e2c9-cef5-41b9-9c83-161fcca52436
2c6a502e-ccaa-4d2f-8098-ac1a0adcf3b1,aa20dfe9-1b50-499c-93b6-7e49bef274ee
70e19cab-812b-490e-b42e-5d8dbe15bd90,73cd50aa-5dbc-4626-8cba-edc1569579d1
70e88c7f-3a8c-43e7-9512-11b51ed9100a,d6c305f9-3064-4579-bec2-0b23d53178f3
b582a134-70be-42e7-a3d1-3e58f2c9a6a8,d6ccf395-109a-4e53-bdb4-4051b1fdef05
b585489a-87fa-400c-923d-3ba32665f9e5,93407375-7263-44c9-baf0-dbeb3aecc720
70ef0414-ca69-4cc0-827a-3d1ac5c40716,065c5106-a6ae-4380-9266-c4b5bf07f00f
710331e3-aa6c-497b-9934-c4e255232792,eb686992-b5a8-4850-a148-223df327bbd0
711f72e2-1f22-4d80-8446-f68073b58312,94e4ea67-9957-4b94-a15f-ff4ef5b7f804
f6b08365-c4c2-4fa0-85cd-5ddda98a9e29,8d36aa5f-7788-4ff0-9099-b09d64ee7db2
0f33c0b8-369c-4d08-a673-d0ef880441e2,1227b955-271a-418b-86d9-826e20b8782c
2c9d1017-31be-4a00-a823-33b01e72de51,d156eb8c-4fcc-4f12-bb28-14f1e0f0b16b
71334b8b-03e7-4472-ac47-9e5a18e2521a,bae1c66d-7653-4ea0-9af2-678d1eebb022
b5f71610-5f5e-4d1e-8adf-832d1982a749,2f5e5c11-0748-4641-97b5-2df43dfa43cf
f6ccbece-fba7-4eac-8848-1afef820f856,90199350-cc09-4f46-b382-775995bff065
7146c196-8ad4-4ccf-bc74-a07639b96527,5e67d621-7308-44ae-968e-451b2cd326ee
718067dc-4c37-41b4-91ec-4e34595b5264,cbf830d8-1ffb-4747-b2f3-b8b5bf404af2
26ec3616-2458-4476-84c2-46b674d4a9f8,928bfa1e-85f5-4a5a-b1cb-9ddd1b5dc9ce
2cc85ed2-7cbf-4150-b1d6-5e2742fde261,a2443b57-1d09-49d6-9ef1-0de71c8ac5af
71a0ccad-8dad-40c9-9a8d-e3984dc6476c,46e48ced-9eec-4489-9de8-bc50d0367340
688e4da7-9706-446e-8a01-ad34e3084fba,baac84bc-7e3d-4cdc-b479-f1269c65a44c
f7109324-9311-4e3e-8875-39e2248c2996,864cfc75-000f-46f5-8ae8-e4b7ed20b35b
71afc331-ca9a-4753-868d-afbdd18baba5,bedf8472-617a-4ffb-b153-a332faaeccc8
b633d1b0-52fe-4423-8df5-37b143cbeadd,a15978dc-53a9-4114-ba19-7c917c60514a
f744096a-90bc-45d6-aafa-fb3ef02b7d4a,c9729d63-34e4-4fc0-b07f-12d54b80e19e
b635b727-4fb6-4c57-8e6c-a4650d275276,ac85aee1-5e7e-4c1f-8b8e-10fbfd2f0404
b645b193-9329-44e9-a4b9-ed92d5d8af2b,977b2f2a-3865-4ff3-91c0-47d1ac1c74d4
f78531f6-2e63-4d53-b937-d45e1b0fffe1,ef004f26-43f4-4eee-92ec-8d5274e95d64
b661eb38-7ba1-47db-8063-7003d94da4ed,975ad0cc-6022-415e-b49b-9eeafe2d5e3f
0f71faaa-cefd-4b0b-a844-4dc63d241ace,fd080187-3e99-41ef-9bdc-1a0d5724ebec
72305c27-089f-44ad-a07e-11274bd75611,1722e6b9-a659-4310-8e4e-07e8cd0dd17d
2d0e2b55-f1ad-4f42-bfca-3e74f4f41554,747ca385-1e89-42e8-90e1-b9b5833fd533
725ef1fa-14dc-46fe-8e1a-57f82a5087ce,4a4d05d6-9895-40bf-a3bf-2d258b7c8f0a
2d15f742-fceb-4bbc-8e0d-8842b5401594,63596df3-0428-4151-b23d-d0980b195e20
726d8737-8ff1-4c0d-ace8-90da5b8b79d4,b9e04655-0866-4fd1-b5dd-4c12840791be
f7ca47d0-2e76-4a75-a1f5-b3be1002fab3,04c878cd-f705-40d3-80d9-1dddf5a9552c
f7c95415-4227-4a6f-bf20-b4bf5f59159d,2c679d3c-08a1-44aa-9e9d-2835b2e7a8ab
6afdfdb5-cdd4-45b7-a69b-7f3f7a6ed221,bf8bf111-1045-4f19-95e5-fd1c101dc5c6
727da690-f1c0-47ff-bf5f-7a08ba533c55,3d02b3c8-47e1-492f-9311-cd69dce0d6ba
b22d276f-c86e-4097-9da9-21c95d241c3b,3c48266b-c713-4664-ba19-916babcd693a
b6db47e9-ee75-4497-b868-ec4bd2b0b421,4075129c-6c7e-4114-b569-d1fb84557272
edac9b3e-e88b-433c-815b-a220ee32bedc,009036bb-cec4-49b1-b005-59eb9c153387
72c11db2-c9cf-444d-84e0-116994946c45,6d31fa50-4667-4f8d-970e-e87a73960b35
72c37f5c-6ddb-4725-933a-6d3d77145c6d,b59cabcc-43d0-439d-8eb3-b67552201afc
72caf394-cac5-4266-a408-959acc074bff,8c3ff597-b6f7-4276-bc45-2ede66e84728
edcae701-ed57-4f30-8f32-9c6a4bd75f8f,062a8d73-7064-41cd-9d7b-bf5484bd766a
f8884ba7-6c88-4f9a-be8f-eae5aeedca36,60956197-0d4b-47e1-80f9-066a570b8dc9
0f96eac9-98c7-4d31-a3fe-3913658712a9,865bcee8-286b-4ff7-8b10-47e64b4540a9
7305ac7d-9e25-47d5-8179-c465c84ea900,c88ca87f-f396-43d7-addc-9c880bf42261
89ecb858-f5af-4940-94e1-20139963bf53,fc3cd653-1dde-4035-b593-cea18e54b51b
a83fb62f-54b8-421b-a145-7e6c0e8363f6,c2fa700a-73fa-4d2b-8abb-d39d7edfd088
eded9e1f-3cd4-44a8-97cf-f1c278fa4a7b,1399238d-8960-4a41-8814-141c3133ba43
d6e28f6d-3d18-44eb-a21a-90aede3ebfe0,0a40d1e1-9804-4b7f-ae94-cb2285b32b04
b7f870f1-84f4-4cb8-8588-355fb25e8d8f,af8f1d1f-df05-47a8-8c62-919c74fe2898
f8f298a7-f74f-4931-9a38-f07a01100afb,cc7047ed-24e2-4556-b105-b1adf60ca1a9
b800397a-857c-4175-82db-7dfeaa770d0a,206410a9-3c08-4df7-84fc-d6619ba2ee31
ea97c76d-c193-448b-a25e-d38adfbf74ba,04bb5c59-1c70-468a-9c0e-b24e408fdfd4
b80e6176-155e-4e7f-8a1f-b50ccdb35b30,2b475a83-a928-4633-be30-81141fba2a46
0f9f2673-fbde-4386-ad78-3e0403744713,09c4dfcd-29bc-436e-9fd1-80e6ecb7ede6
edfe04a6-4be0-4959-ac0f-36908b616b4b,83dc3d1e-ffba-4d82-8889-be8387296602
b81fbb46-0847-40c8-a2ee-8394774c01c2,49884750-cb32-4e6c-be9a-df2516ef9429
b8227632-3146-420f-9039-ab5c86e7270e,07e73e38-733a-4c77-9fce-c9840a2a2cd5
7386e83c-305c-40cd-87a2-36bf8099cc89,83228bd6-775a-4086-b580-6a29a9a50fa3
f93be624-28fc-48d0-a852-9ae84060f70a,e4f3448d-fc69-49fb-a70e-f6cd1545b6d2
73abc894-1f9a-4c5c-b8da-03d10d6e0edf,34f7e237-a7ca-41a5-9272-2512579c9103
b84cea50-f87c-49b7-9ff0-de6afb86a421,7dd409ef-ae7a-4873-bb52-a8d2b611c239
5e1a2a1c-6dbe-4f18-b81e-cdaa19301193,f7243633-fd1b-4b51-8647-deaabf9bfdf0
f931fb9b-0297-40ec-be7b-3a6747dd6d72,491d8dc1-8e6f-4aae-aa3e-400ea81d9f0d
4dd2966f-18f3-4380-accf-dbd4419b500e,b6c5a22f-b7f5-4161-87f4-77fbf8e63d6c
ee285f66-a4eb-4cee-82a8-15b23719a137,9cc7060a-76bd-4ec5-92ca-61d14c4e249c
f941b6d6-2378-443b-a0ec-e60962b7ccdd,2576cc0d-4aa3-4338-be79-e26a45ba15cb
b8ca0e7d-d276-406c-8d77-33ea3475d0f3,e29502ca-6dfb-4766-94e8-e31a54e19652
f94d3031-6286-4b69-9ef4-21fb4f0e49c1,bafd2806-a8e4-4f54-bc88-289bd2026a07
b8c5ea06-dc51-4204-97fd-6c131f488926,47867afe-25f4-4968-8e00-023098231cf8
6babbf5e-94fd-4db5-b905-9916789599bd,015342e4-cc23-416e-88b7-57042c7d6312
f9988381-50d1-40ba-ae1d-dcbd939b14b4,26f4d3e5-1d4f-4c78-87a3-50076d5cd963
f99f6ccf-6a50-452a-b42e-bc35c5d3986b,ba6c327b-1bcb-48fa-9651-389e53dfad2a
f9b6f1df-958e-42ec-9ccd-38f3cad45da5,24f56a22-ae48-421d-bf26-44d2bd697716
b8f70bd3-1048-4253-a773-08720950882d,3d3c0624-825a-4b08-90f1-c9991317c675
2e041609-d624-4bed-9b39-f4f1263df9dd,9a7994b6-4b6c-4aa8-b5c4-2c7e43073236
2e045b13-781d-443c-80fa-ddf40c7b8848,1853543b-c3c2-4ab5-8060-79753613469e
a01b0683-261b-4f1b-8c05-b61507ce2c67,6ec980a4-e4ee-4fff-b801-6f9d07deb744
7441cd29-31c3-4848-bf20-4f3fda8deb09,9a15b01d-593f-4fd9-ae31-2ea056241054
f9d54d22-725e-426a-acf5-837798b35e6e,d68c24f1-341f-41dc-9ce4-dfd2d2d74ae4
744952a8-8af3-403e-b178-b62f83dce5f4,9b97aa98-2d92-463c-b319-672626b6f2ff
fc085ca3-966b-4c8e-8984-e4c5e716d908,b4ee4776-5c63-45fd-b104-2f8f14a605b6
f9f29ea1-1321-4a7e-92a9-d75a05a5531d,c500a9f4-2589-4aa9-9941-d24900f07bbb
7486d2c5-4bea-49da-9f46-bdee04786ddc,c4f8f829-4eed-4011-bb0b-52e9e3da352e
74c7076d-d8a5-4e5e-b9a8-55eb129cd9d0,50423848-2b5a-42fc-8bd8-aa19dfc0efc5
750dc5be-3c1e-47fe-9eb3-2ea6868ecf1e,b71dea69-80d4-47ce-9e3f-9c44d94bb573
adb8c716-de45-4f94-b582-07693e196bb0,25fb77a7-6a38-4022-8159-56ab74ff5ba0
b97a92f8-9376-47f5-ad61-027cc2c45173,8e0bc44e-980b-4e94-9ebc-371d5c362cc4
78f7594e-03dc-4d4f-a669-472c20d3bd41,205a2aff-bec4-4dc6-9937-8a3f6eec6516
fa6801d4-561d-42bb-858e-da7167e7c705,2b509561-8852-4ef1-9542-4e9995d71a85
27a4148e-eed5-49dc-bb63-7394b082c888,3d01548b-75a3-40c4-b2f4-dc7f52a820b6
75464ef8-d545-4b51-a2c9-1a06b4ad12e5,e6536b41-64fb-4e52-8aee-e9f10eedb6eb
faa802bb-87de-4c7e-9202-e6c58fc8d0a2,529af66c-343c-4682-be28-792f44a7af28
d61b4b61-518f-4fbf-abd7-2e28285efc66,aa8702be-7dbc-4e3f-ab6e-a7c5663b09e1
add753ff-423f-4fd9-a3ba-a106181bb007,35488248-5ed0-4e49-ad94-8b279bfc6a10
adf64828-6fe8-4dcb-8083-9472ce617692,a4b676b4-7555-4c19-b268-a650bb43a3ff
75dcc4e9-e8d3-4d66-8a9a-5343f68328fa,eef0da2a-2f7c-45d3-a26d-0082cd871289
ba0dfa5e-7c46-4142-aa21-ec5002d1906d,6b628f68-dd4d-44b2-bf3d-7cadc5d39364
75fd939c-75f3-4307-8045-d311c0885b21,870079f3-31f3-4ae7-9bc9-aecb893ec497
76132c77-cc42-4a6d-ad6c-28696bb73e41,16e76c7f-194b-463c-8773-6719871c356a
1d870e62-123f-4492-806d-7d1ce458d3b3,8b3ee063-bf5e-497b-8ef2-b9df9aaec98f
fb197872-f725-49e6-abee-c13196677fa0,00471913-af84-49b6-8632-b41ed663fe81
fb374f1a-184c-4c43-abad-02e4c77c2ce1,6a8c8eda-3422-42a8-8cd2-0154a83e57d9
2f16549a-d8ac-490e-9a9d-5c6592208621,f7567618-fd48-4f3e-803a-905950233d03
766e05a5-2d52-4c87-8d19-8dbd66f0d82c,db0697b3-d801-470c-92d5-ff10a38b983d
ef2fc7b6-3edf-4242-9208-65f4a825af13,77a39c7f-4802-4018-8e51-0c9f84eccf11
ba429bb6-ab47-4b03-9e5a-c134844c22a1,6415988e-9671-4388-b8e6-eb3868130388
fb55d0a7-aeb0-4d25-9841-f93e65fce1df,e9301b1e-d515-4739-a521-65723d6d7526
2f350fa6-b08a-488d-83e3-6eeab3416384,d372307d-e7b4-4b65-a124-440b48978c6e
76c57c90-7b4b-4aa0-8165-ebb17fbe4afc,d08967f2-acc0-4a9c-b8ee-7d881552664f
fb68b83e-1c1b-4aa5-8061-2cb0ffaae34f,df2a4972-bc1e-49bd-af64-a63502b6c81f
fb72ae5f-37fb-48bf-b325-d1a69672d288,c5b7af8f-e779-42ba-a09d-e3d704a79fd7
6d806fda-3cc1-4382-bc74-7ee2d7994965,ce2c96bf-c161-4cfc-ad52-1813dd002c45
4acd1a03-0313-4c88-8160-69bb8e74b34b,dfe2c187-9c28-4139-8281-da7e67592b90
ba8713da-ee4b-4634-87d4-13dc17d21a8a,d4fab957-6256-4b72-8770-d8758b9adb10
ef9bc6b1-5362-4263-8205-987edbd66cff,6d5a8f34-6eb9-4175-ba1e-d835727462d6
1022e35c-6291-483e-99f0-bf642a5d8fd2,64454d12-45cf-48b8-8a3f-8a8ca3b8c3c7
f034c880-3959-4c90-9630-6c69b423937f,8b483dd2-0f28-461a-8066-613a71f8fb18
baafef3d-2d63-4552-97d5-9fc503e8e2eb,a6c43f13-d0fe-4acf-b22a-6ca09bf7eb3c
2f98348c-2f7f-411e-bde0-9b316e3c6c8e,625f4673-7b5c-4f2b-ba30-285cef944422
2f9c6c15-dda1-4a05-8a37-a571ee1fb8de,00345b99-da39-44ad-b87e-abcd953c8554
fbeb0159-8401-4c7a-b2a7-d344de5ea6dd,d2fd6be4-e7f0-4b15-8823-0ea9c020b528
778b0114-9930-4249-a9f5-94202db61daa,cd30748b-bbaa-4f1d-a5a4-570a297c15d2
fc00d96f-8e9a-4a49-86d2-b79799062f31,db0697b3-d801-470c-92d5-ff10a38b983d
77e175ca-990b-45c2-84c2-7ee42d58bf0d,3b0e00d2-3e1b-4d5d-9f00-cd76d5aba2f8
efd0cd0f-8e2f-4190-89c1-37e6e99629f6,4b830271-ff6e-44a2-849a-c5ad3c2bdcfa
fc5ed568-be8f-4c0e-8b04-116f24c10a11,7d3f1b9f-5823-4b65-bc7c-32e8bca34092
fc6b0933-7c41-4f3b-a246-195db36190ae,d639100a-f16b-4f04-881a-80e9a7005c55
bb378a53-c93f-4411-bd09-2f47645e1c48,16fc3e3c-547e-464f-b40a-fdc8718ca638
aed29b59-ea65-4f2c-ab0f-9c83b3e20b0e,1f57d041-12e0-41e0-93c2-815c26a74dd1
f0d969aa-9d9d-4f3e-ba9d-f0238cfbf924,27d10912-f7a4-4922-a559-234611f49cd8
302f1383-4ce2-4cbc-9282-0a8f07cc74fd,d68a878e-4f20-4a13-87ff-fffc9fb795e4
fd23569b-b269-493c-998c-da783178cc89,750a17b9-3428-4825-8be1-c5df47b8a57f
aedd5fb6-7153-4005-a237-724f99da4c32,c29336f7-cecd-44c5-914a-651bc893cb19
304e8b58-cef6-4ed1-b285-b29fa078678a,8d36aa5f-7788-4ff0-9099-b09d64ee7db2
6df66374-aa60-42f9-aa36-8b54a09f6426,70df252c-cce3-4abd-bcbb-c26da080cad5
306d5830-1a13-4a41-826c-46f9f01b6d5c,89eab038-c96c-4c15-a61a-9bf73213bc8f
f04a75f2-b025-499a-925b-a58d1913f082,dd0a077a-7080-47d8-8859-0462ba734eae
f06486e9-3e3e-4099-8e30-66f4f616f920,87d173aa-6378-476c-bbc4-0cf9c1e71bb8
bbf8b521-55c1-474d-bbb3-bee74588ec6d,c900c5d7-141d-4599-8984-00f654105950
fde418a4-c6b9-4f7f-a8bd-e99b560a79a6,3364ac43-9fe9-4fdf-a99b-bb4db9d6170f
aeff3366-d29b-473d-a853-50c14ab0bf58,3dec8091-b93f-43ac-bc41-3decb1b9a6d2
788032be-329b-4348-9689-0e919448a650,16ace97e-3121-4674-b16a-d58f0923b374
bc30ad74-9a97-407f-8433-5b2342047843,be4ec0c3-f51e-4902-98f9-942076d0c7e6
bc6fe302-0140-4cc0-932e-852460236542,82228d1e-c0ac-4204-870f-0b82c3d17c06
fe3f6185-64a4-47cc-895e-c0c6a48708c5,5400ab80-ad28-4777-87ff-b53062a66a12
bc943725-4548-46a9-a84d-7f452611516f,54323121-e6dc-43e3-a45e-d221e0e6453d
fe5e7f4e-550d-46ff-8f57-00d082aa824e,7d6376e5-9308-46f1-a065-1a355bdcb7bf
d1649bb9-3581-462f-9df8-3988b5b6f62b,ba4ea344-2701-4519-99de-9b2d50ad6b0c
79e46926-68d4-4bea-80cc-57def1e3c3ed,0c4d0db8-c022-478d-af82-07569de2df94
bcef3d4c-2f41-4ab7-9707-c8e435f5de0e,de4a8d5d-1d51-4e65-8e4f-82e93fa239a8
bcf76438-10ad-4d0d-a829-8200b1c9f6d6,88cdfc87-1455-4cf1-acf4-ae55ebd3bb73
bd4408a1-fbce-487d-a3a2-b33b06bd35ba,998f6fec-25d1-4e81-b7a6-071547a19062
5020c25e-89cb-4021-93d3-a497fa489778,ace4fa52-8fb1-458a-93b6-4afc1c9b2a32
bd1ed796-28ae-4773-8dcc-96eb43622fd6,777e100f-4d7d-475f-aa95-63487d4ce313
3162d321-2425-4b91-9fde-87af2cc40a9d,0d9d4a18-ab6f-4f9c-8f30-b5006ab1bca3
bdf452a8-a170-46ae-a0cc-f776788448cb,0246af8c-4736-497a-acd0-390de9183149
af874615-e221-4920-b1f0-f169a908007c,98ab1db6-211d-4d8e-ace5-30230a7fe3ea
796b2442-cc9a-4694-b882-ea60b6742bff,19f22983-6e64-4a87-abe3-446d3dde6258
ff9e796b-ee7f-41f3-ad34-37b17780b56e,2bd6e451-7a3a-4a43-88c1-514dcfa2ccdd
8a028bce-e697-481f-a247-8ce9ee1e89f4,a0fd306f-3943-4b5f-ab31-452d04be233e
ee724c41-3f17-4b82-9262-6061b7a7c6c4,052f5f69-8ff6-474a-b3ae-8509b0cbc39f
798e8e90-caa5-4bfe-ad8f-083f4a3f3287,806f3e2d-c1b8-48d7-b221-d906d5522ea2
31c61910-ce2c-4257-9fb3-e083fd13a454,438ffa16-74c8-42ec-ac0a-aa723e95dc65
afcbb8a4-4e96-4857-aff3-d87fc8725a1e,fa49e69c-4e0b-4cf5-9971-cef6cc0e8388
c992a657-ade5-44c4-bea6-54180a65b9c2,95db16a6-3b8c-4a35-9b46-a0d19fc68a0a
ffdb6835-94aa-42ce-9730-ec4a0cb29015,812c02d7-4d6d-47e9-97e3-55d97ea4ef26
79b6b684-a6b7-4a9d-bfa6-23ad0067b5e7,cd30748b-bbaa-4f1d-a5a4-570a297c15d2
be62e369-1362-416a-a699-84b1ced6d042,07ce10a2-988c-4a7c-87dd-0b9829d8cf08
321d20ea-a56e-4e70-8f88-9bf5840b1845,8a012034-cb64-424f-ae69-8bf32426447d
b0029a37-0ec2-4691-afa5-1cb778ffda7e,554b9888-6d76-498d-84b7-497ba834b986
be6cb6aa-8b39-4d5e-949d-2888febe3791,a26ab1c3-5b54-4cfc-bccd-24849bb366e2
f1126ce4-1470-42ac-969f-b1a3acb78a29,266f223b-8fb3-441f-a77e-2b535f9baa20
be7306f0-c826-445b-af39-2778bd263ee1,144164df-bff7-4f9b-90a7-48c0bbdb006d
32417ce0-ff0b-4320-96bd-bb86fa712229,0bb6b04b-8aea-4f25-ac90-7dc37b0de271
9ebffdb1-08fb-4738-9a72-942a741a9d96,857eb3f7-8c43-4d36-9514-912442e26285
327c5a12-ce16-4a37-85c2-6e7f977da3b8,997c2d30-d00d-44f7-a107-7eb7e5c78df8
327e4b5a-9d1e-4494-8a6b-b5ec267a3da3,20859348-72bb-429c-bd5a-123d58d4fb00
b0381597-1e6e-4095-967f-12e9a5aa8bb4,7cac8298-bda8-45c0-93b8-6141418b3889
6f535a5a-bff0-4b1a-8b5e-6f9d8efaa17e,dc1764d4-865a-4d51-9cda-7fedf9a8b9f2
bf0411c5-a59b-4827-adc7-68a2bc0b5202,594c3c68-6da9-4034-81c4-97ce970b4b77
7a05e8a2-c946-4d2d-b568-1c44dd0decd5,f9e686d7-235a-41ab-b84c-619ba5f06264
8a01c6d1-56ab-4e7c-a0cc-b76d9c09dc16,d64e094b-1600-42dd-9ca7-717e0ec61601
32ad0f91-4322-4bda-a919-8a55e6f532a2,58ec5333-4261-4e05-93fd-e30ee82d82ad
572c4d0d-4b1b-4dc7-8b82-d573aba94765,411dfdff-2963-4372-adc0-613f8ad6d40d
bf40b2b0-c260-485d-9b9c-2bde3e939f97,830593f2-424d-472e-b5f2-d22b0ea03990
bf94e95f-a71b-4cb0-a1df-c3948f5363b2,54e115f5-1991-45bb-b636-4e401e35f6e8
bf748619-8e9f-4dbe-8a88-ad3ac2ee11b8,8a75dae8-899f-429a-bbb5-2909082c0c0b
f7599d0a-4b37-4922-9a94-ecf9bda57cc7,4ccc3ea7-4b13-4a6d-b699-7756957c2772
87ce018c-7a0e-4f98-85bd-a2821633f179,1402f0b0-f9b1-4612-8e92-c7297c6596e8
32eac349-65cf-4f1c-b4f1-e00cdc79c04e,d0a620c2-82bf-40ba-97f7-18cbf8e96fb8
fbafaf23-6c6d-4c06-8900-3511f2bbd3d4,d069db6e-000e-4db0-8947-38412cbcc91f
bff63ee9-11ea-40ff-b125-e3987ee00104,c294e306-350e-4d9f-94be-57970bcaad18
10f70957-a178-4734-9776-9b8fc9ee06fd,ef85618d-207e-4172-89c5-7eef564ce9b4
f1737d4a-e06d-43c4-90ca-75e7b6ab9388,85c22d66-d5d2-4e9c-ab41-e6fdb617354e
330c6ed6-e5d7-4901-8546-28b2746185bc,25d1dc00-7482-4b32-9339-7bbf991ae37d
113339fb-a364-49b2-99b7-2e7cc685ad3a,3de1a9f0-3593-4b2a-8b24-8db78d734f2a
bfebd03c-b5c9-49e9-b82d-c07749e1f09a,e7c77ccc-7ec9-47eb-b09a-593e9cb62233
6fc5c649-b32d-49e3-a437-ea561c48e9f2,e0fce514-095f-4d06-8d7d-6679aff9eab1
c035bf29-14ef-4b70-a378-f555e9583f18,52d7d3b8-baad-4b71-b835-c8ed377964f8
c03a80d3-337f-4dc9-9e65-d00ea8dde6f8,a1681a5a-e296-4fbc-b8f4-d1e43b3dcec8
f1bfbaa3-dcb4-49b7-a707-43ea970eadfe,f4e2eac2-5ee4-4cce-a925-fa2f9d04ca17
c066cde2-ffbd-4f04-8098-69d4db40dc82,db988dbd-41dd-4a58-92bb-3467c21fc1c3
a92f1c2a-eb28-4d50-816c-6b6661c2c01f,128a8f98-84ff-4b3a-81bd-f26100c1019d
119657c9-fb26-4588-9410-efb1c938b17d,53d2e588-06b3-4a39-a4ea-45ef112ff99e
b0ce3dc0-8b13-40db-8a52-f06c40a951b0,a9311ad4-7535-411d-aee9-ded27517e8fb
6fdfe2a3-e2aa-4f76-9cb8-e01d54960d38,f03f0533-92ce-4c7f-b82f-27e7256e73e0
b0dd2107-24f3-42ad-a731-b0e535654dfe,062a8d73-7064-41cd-9d7b-bf5484bd766a
29384fee-534b-477c-91a4-574b192457c0,777e100f-4d7d-475f-aa95-63487d4ce313
292a2d80-433f-4959-8404-27430fe2512c,ad1b6bab-1cf9-4485-862f-81d75e036721
b106c42f-7442-4068-bb47-370fe597014d,fb8c5810-c1c1-4fa0-844a-0dee7f1b87bc
c0a26a8e-ca16-484d-9727-7a69a72196a2,594e7b2a-04d3-4b9a-a425-6d7528522b8c
1284a21f-4060-4749-ae8f-655eb92d10d3,e088feab-1ec0-4823-8ae6-685a1c3756bf
9ae10550-6190-43df-b14e-344dccd281ab,2b509561-8852-4ef1-9542-4e9995d71a85
13025a87-1a16-4ed0-972c-1c94dd3f8178,e16a021c-046f-4a03-b05c-ad7c4d697fa7
130dc4af-24f6-484b-8b54-65d7af778545,bc262982-7853-4ef6-b0d6-1b1f463fb084
131d22aa-74fe-4ead-bef1-1311c681a42f,373807e5-f103-4d1d-b9b3-5ff9c315a040
b137fdfb-37a6-49a0-8c6d-1d77e0ebcd36,c8f0e056-5369-47be-a807-4437319bd7cf
c11e84db-45f3-42c2-b7ee-ff89cc65370d,d76b0c60-2c74-48bd-9093-074bc9b71ad3
b1546275-5350-496c-af0a-3004fe2dcb67,8a684f4a-a23c-488a-9867-a3285acabdb1
13a0422b-c91c-411e-b31d-0f6303332335,9b2ae70c-c134-4773-9ccf-c8604604313b
13adbced-374a-4698-8c8d-4447737e67db,45c97456-0051-40af-a6ad-c47e815167df
33fca072-c447-485d-af78-bc8720c6ee39,14d1be1e-4c57-4551-9696-6310868eddac
f28d4730-3290-4542-97f4-796a7365fd19,b59cabcc-43d0-439d-8eb3-b67552201afc
340731e2-bf27-44c7-91e9-79c76b8b9446,9853d08e-c61d-4771-a1e3-c00bd74ac426
b04da691-9bce-4fbd-ac6a-9bf28eb8ff40,252247ce-cfc9-4b29-9d6e-64c4f34b5817
eb6fe36c-30c5-463f-98cc-f66ae0af96d7,37af8df6-d9c2-4e59-bdcf-af4a40721ec1
706551a0-2123-4c6d-8e30-a670f26ea16c,9663a3c5-6a9e-4abf-bcf8-852050ddb57f
7c27ee21-c2cb-47ac-8121-8a1a5413a59f,dc3f08aa-0d10-45eb-966e-b8efa1637c4f
b2d214b2-fc7c-4eed-aaac-78cd5cf4d1ba,2b029688-b0de-480b-9ea7-2e5f428a052f
146ba67d-8774-4055-a941-4be83ae28e3f,500ec33d-c46d-4d4c-9af8-91b297833015
7c42e418-4843-4a1d-a950-4697404c3cc2,aca91b05-9766-453d-8403-4087e6cea467
7079f739-2cd8-403f-bb4f-36dbd86aa54c,26c9a8ac-7086-4284-8a6c-fd953874e3ce
707ac338-4b6e-4fb5-b5e4-8d0790f82ae0,9feaefcb-1b7f-4713-a9ca-4cbd0af6534c
c1c9640f-ae6c-49bd-9f51-be50631e60b1,6b9f6d65-2717-428b-a293-75b0509c3b89
94587f31-c88a-4779-9725-6c6d6a42b235,864cfc75-000f-46f5-8ae8-e4b7ed20b35b
35545910-5575-4cc2-9a68-1eb83e38dde7,79bf0f71-6ba4-41fe-a8f9-5d7e9633a4a9
c21f055e-adf5-4678-a9cd-0d9d1fa0cbdc,c2f723db-b4fd-408f-a81f-722f641adc32
03ae6e64-e539-42c3-a27c-ba73b7492beb,8748d3f5-db11-4aeb-aa7a-8ad99df71b85
6da2e8f8-83af-4b02-a975-0fa931f91fa8,628bd12a-68a8-415d-b233-627248d05798
fc162a4f-1d6b-49ef-8f20-aa2938625858,8e4d291b-9041-4397-b937-f64dd6aa17f4
f2f26c8b-2d5b-4f5f-9424-ead2daef6a6a,df29692a-6578-414d-bbf2-f5dc949f4ab7
34a3cdb1-06a2-478c-b95b-17a02b998aee,bbd82d9b-1bb1-483e-90e3-f6f88de6cae5
7caa30df-f02c-40ec-94f3-ca9a708c9823,ad483550-f2f1-45eb-8aa6-5edb5ccdb521
7caa69f5-14a0-44e9-9545-0310db54d463,60808ec5-7cc4-49ab-bad5-e6d0baf05d07
e45ff30c-43c8-43e2-85ef-45d7cb7e251c,9aa284d9-4dea-4065-af77-99c3d8cf4019
b1f9b189-4e93-42f4-8e4d-b96bb35921e5,2f65042b-de58-45a0-867f-c52fb4c6141f
c24e848f-7f39-414a-92ff-56f4754fc2d1,0257f48b-7ff4-4ed7-95c9-05296dec4db9
34cd5414-1821-4282-9956-2f4853fcb919,3314209b-1ccb-41e6-981f-a870324416e3
4cd09d87-d826-4de1-a051-d53e602cdf74,00e17a8f-96c4-464d-9b2d-429e6bbed0e1
7cce0f1d-e2d4-4200-8f91-07dd4b740213,02ab5a55-3bc6-4a0b-9f96-5063f20e83fa
7ce144ab-70d8-427d-b301-4951da4f1124,411ef8bb-329c-4927-9004-b2a0fd7686b2
c29f005e-c497-42a5-a4fd-58de2dd007a6,cee60685-58d3-4d22-ab9a-f6eb3f529af4
4d610e55-7db6-41a5-98bc-496bd88fe7ba,1054421b-e991-4a0a-9299-7b330ccb864b
f34fffa0-2aae-4a21-b31e-c7d0c11e7c0e,f6f51c9f-532f-4082-9c1d-57cb9551cf8d
34e05d93-fc4b-4911-94bc-b69a16992a62,df29692a-6578-414d-bbf2-f5dc949f4ab7
7cf9f66b-5b3b-4db5-84a0-92d17540000a,e014be33-84cd-4140-8405-f700bb571f01
34e64d0e-7370-46de-980c-486409edf897,85a819bc-3a50-4de3-8e56-38423fee9e18
c2b6baeb-8d24-46ff-82fe-c271caa92193,7d13c309-f44c-4caa-ae10-6ed849b9e054
29f6d13f-ef89-4d42-b919-635f73a730ec,762bca3d-79dd-4357-a3e7-a44c32fb4d0a
350aa6ab-3fde-4535-83c5-79d9b1ae5c10,2c91c168-f963-4cb3-8ae4-9b40855477e2
c30dd7f9-beaf-4f44-95e6-5a816a57bdca,c2a436a8-27f3-4b85-af97-b663fa4d0608
c324048b-5a21-4b52-92be-4da9d578e5fb,af1f9a06-e304-4ec0-ab26-52a9bd157802
35778a5f-563d-4f14-bc8d-547801f6546d,ace4fa52-8fb1-458a-93b6-4afc1c9b2a32
7d429c35-6c98-414d-ba2e-decea2303135,789323cc-82dd-4102-9d3d-9103fd42e116
2a2592e7-42b1-45a1-80f1-9800b18055fa,fdc7d451-4221-4589-b03d-e5342d882c5a
713b8846-3c8c-4188-9ceb-5fc8fabb7eee,42e6f18e-00ab-4108-a9d9-e1dfee808225
03e20898-81a2-498c-a01c-376ee6b4e2da,a560069c-7e4c-4294-826b-e4fbc21364af
f8381058-0d89-44da-a8e7-c6623e74ad69,039ec21e-a435-4bc9-8df1-f9d38b077fd7
7d52e2f2-3a98-4239-b0be-f222ffae48ef,6058fc6a-dbd7-4c52-9c07-da062ea6c0e2
c3691c3c-ae09-4fb0-bfc2-5259b90aa27a,3aa0b3fe-9d30-45d7-ac12-b33fd15f4c90
c399c9df-80ca-4a08-be98-b3593be4c06a,85b22bf2-58ea-4ac0-b8ff-f35424448419
359b5329-a9e0-4a45-9f9c-ff6ec56c8e51,ae0f1132-c461-4201-bbcc-623bb3fbdbf6
359fa0bf-9292-4626-a27c-0e019bee7cb5,ba1db7e6-c66a-4d47-a409-849972869f36
7d92323e-c5cb-4881-b315-56aa75e4964f,94520a0c-dcc4-4a83-adce-d00271c25862
7d92ce2e-c2b0-46d6-812e-e869519e53fd,aea1ba22-ce26-478b-aa66-bd4d4bb74deb
b2f40d9a-bb2f-4987-8c1b-678f972fef52,f49b5219-30a2-4540-b61a-39d57954223a
c3ea1c28-5137-49c0-b242-f10936fd2f79,67e1d78b-5ec1-4ede-bce5-4f98cab9969a
49a1f7cf-f9e7-4786-8fda-02005645e2da,e6b16008-d8e5-4a1f-91e1-c750a68cf0d5
7da129f4-ee82-4585-ae23-8173a5a9d040,fb7141f5-28ad-4d16-81d7-be8246b54e2f
c3fc1ec6-82bf-44ba-a6cd-a75af05228db,ca9d99ba-f5a4-4460-b971-04746635ea55
92e239f2-f9a6-44ce-87e4-3e9df4017fa0,7b84e0c8-663d-46ec-b17d-58705adf6d56
7dc8215c-6442-4b7b-a848-7d6ae2ca1287,6c4cba7b-f0ba-4117-9b0f-804c3e75c9d1
03e3f0b4-63b5-4560-863b-e75f721afe36,a1663400-0bd2-4e28-8b4b-39810de80117
67ec98a2-9a90-4bd3-a442-2e0080f81f22,ccc16c20-51be-4c00-82b7-f6fb0ca5422c
b5daec30-18b6-44a8-824e-74a561ad4290,daffa758-2ed9-4dc6-9826-f7e593de2b24
a0ce1fe3-d602-4660-80f2-42940b798d52,27cf2fa0-4461-4a63-b263-8023762a61cd
c44c112b-9da1-4356-8e95-86dd7cfc7ddf,a5773757-a314-452d-b6cd-4a823e7d87ec
7df67473-34ec-40af-8c99-5f10ac3ffa5f,b1c39d10-0053-4425-89ea-0073c5b2f6f5
35fd7178-e7f0-42f0-9465-6bf6301005dd,08fc8f28-ef47-4588-9494-da21b3aba3f1
cef3e243-0321-476b-8cbd-ac0c396c573c,9f1c2f08-2ab9-4ff3-9606-9acf4eb7b635
c46f59ec-28cf-4923-b6b3-0f23aee1b732,930ff776-901e-4daf-96b1-799ebf1dd040
f48e90ec-0cef-4701-96f2-ff5a36fbed29,97995744-991c-448f-8121-f595d80ae0dd
b493c624-9bc9-40ca-a961-7c9bbaca008d,f3172b8e-34d1-46ad-ab2f-45558c5a362f
c488835f-de6c-48dd-8de9-17a3c5dc177e,b4569daa-91ba-4bff-bffa-4d8a63a36160
c478f77b-3690-414a-bea0-ff0998f2ede5,65ac0a9e-1dc0-411d-bf9d-5e7aa4aa2679
2b28d47a-9bd0-44ca-9554-0679be7ecf33,10f02b7b-ef0d-4a21-8fd6-1416f0d0caa0
7e99d7fc-4d81-4de3-9211-cc714e39043a,9fdf0614-8e2d-4df8-a7bf-e6dc62739122
f4a6578c-b642-4085-b7a6-341e437f7c2f,89eab038-c96c-4c15-a61a-9bf73213bc8f
03d860e5-b198-48cd-8625-8fa3edd35073,5d98ad76-2656-41b6-879a-2b4b7f4d4d81
5a4d049c-a38b-4c25-877b-7027ad3e6f91,af706b8c-7fc1-4111-910b-12e79a92066a
5c0593e4-c37f-4b05-8805-4e3c59b37488,98f09f99-3441-4cdb-95bb-1c9de50fc63a
5c3a0ec5-7e44-4aeb-80e6-2e685e586798,4d7ecd66-c407-448e-a8a8-0707149c136b
c49b64d3-dce5-4554-8132-29f891354a18,3a6063b4-7897-426b-81e2-d3fe706f77df
364b12eb-5322-456a-9c67-d91413dd9e86,d38f5e1a-2709-4051-8fc9-e5bfac1e7b08
7e5fc852-a3f7-4130-97e1-e0cf5fbf7eb7,e5b5aaa2-0182-4b6e-8178-bbe580ddf196
7e65aea4-fdce-48b6-851b-fa08285688c2,516af59e-bcf4-489f-96d0-a336804fe5d9
c4c11686-d1ad-40c9-a626-bb62a9ddf959,9ae0da2f-4615-4827-b2b1-f60e49ca5a5a
c4db7093-5c27-4b93-b6ec-1278e1f6a4aa,8578225e-62ed-4137-b76e-b23cb0fcd538
7e92ba78-8ee4-482b-af21-e05a6d526a11,abce6d7c-27e9-40de-a678-b795c3bb365a
7efe801e-28b4-4762-b3d5-0ba15579de7a,bd39f278-ab5d-43bb-ac63-0022ee45b7c9
09955701-e5b5-43ce-9504-9de17267991b,1211c7e5-6174-4815-851b-56eb300c418b
f50b143d-b144-4dff-a5a5-3cdd017d35e3,64b95ad6-a74b-4083-b744-1dd06e5d0bc1
7f1b2696-24f2-45dc-85f5-f5c6190f0d0d,1e6718e6-964b-4226-a6ec-c5be28d890c3
c51bc955-3f62-456e-ac6d-466c14249ec5,b84fa210-9011-439d-a852-8ed87f6cacb2
7230d049-d153-42d3-b32a-2db5e35ee33b,c5058f67-b4f1-47b9-9894-e1e462a53430
c57d7d03-9b92-4b4a-824c-439d93ffe7f4,70eb9d1d-c10f-49ae-9428-ce33adc9bba7
7281727f-45d5-4216-9bd6-35dc89865b70,7b95e6ab-eaf4-4e04-87ee-16bf656d532b
c4115aa3-e1c6-44db-9d06-11b5c0aeec81,ad7a2608-8637-461b-9551-86a3beeff784
369749b3-0a8d-4118-88fc-1de4d035ee48,2312b839-d174-42c4-879e-642d10d10d83
c6e879ee-5457-40be-9e9a-f1ee78f1f13d,3a01aa8e-3e06-4bd9-b8fa-433e267795f9
7f50096c-a669-43c9-9d83-7f7311363fea,847ef3d8-458d-42b1-8368-f5e121fa5790
f0a17aa3-10b3-4cc3-b88a-d6cfca8d5334,216f59c2-46f6-4586-ae08-4b8a02e4bb66
36c190a3-bc2a-47a3-b5db-e34c36e866b8,f5b9cac9-9e8a-4e38-8cd4-9fdd0f5f2d69
2ba1e7e3-f363-4740-8447-493470f2738a,1c50fc34-4b1f-49a7-ac5a-95810faabae2
f56d1218-faf8-43a2-b304-09b0f18a5b5c,c8bf657f-decb-45b3-b201-331c6acf7bc2
c5c54d92-336c-4c31-8375-a3b9350d6fbb,e06d8576-8a89-4fb0-b215-686a17416a9f
7f940a9d-c5fb-4575-b25a-0d53d0f01824,70df252c-cce3-4abd-bcbb-c26da080cad5
d94b4cae-f09c-4820-96b2-0f5945162b2b,f2afcb85-0574-4dfd-b2d2-ccda6f4d7925
370a4c10-c12d-427f-8c25-0fa2cd991c24,879109f9-46b1-4696-a947-335e97e2f49d
7f9c956d-37f3-4b5b-a99f-1d62a6d7d3c0,9a020f8d-48d5-43fb-bcfa-f71449762b20
b448488d-2f61-4c20-83b8-81cda7d41b69,bf96aa51-5a1a-4695-af98-bd638e9b83c3
c61f5205-9d0d-4fee-b1ec-447eeef66256,be23826a-b04b-425e-856c-81d61f9fe575
2be0df87-53c7-4367-b4a7-ed16a881703f,1c29b9c4-7f0d-48d8-930d-c87586eaa646
7fc8cba3-f22c-4a4e-adb4-ba93b4a08d95,19361b9f-0ca5-42dd-9129-f6add928ad36
2bce9582-f30c-46ef-87f6-b87535faa4af,276f2ee7-9093-4367-89f2-fc43de587494
b44832f7-c77a-4c18-8c62-38502d89331e,b942b157-d093-4ac0-9a6a-f81de764eade
f5fede53-352c-41fb-a67a-804d3a1015ff,1ef876cb-b707-4ae8-b5d8-71b1166aa520
568c7416-29aa-46b9-b9e9-d7d2cf3149cd,580f9bd8-8096-4bc2-bf61-fc65437baaa2
2be4c41b-c153-4eff-bfb6-42b0408bb58e,314521e5-91c1-4e77-859b-612135044fac
7fe90b3d-5bfe-47ef-a546-a8d70193bbfc,19e31be2-372d-4b18-a46b-48c05e293d91
a0350ff0-0227-4d97-a315-76e949b2df38,cd7f38f3-b946-4ccc-93e8-32a085f7c3b1
c7414ed7-b8eb-4237-92d9-e3cab1479251,70cfe2ac-34fc-4925-827d-adc0f45327c4
f625b0b5-eea4-4a20-80cf-e349dd2fb5f5,154cb317-2101-4f8b-96a3-66a0fcceda82
72e5ee3c-4608-4429-955d-52b1a8c9d27a,2238e957-d361-4914-ba75-032c569242e1
66b13781-88bc-4107-b7d1-1410c8db3756,5806ffcf-083a-4ab1-b30b-468b378d9e0b
a03c369d-134e-4f72-a2ed-495443b392c1,4e62b44c-4d31-451b-862c-ff5cabf3484e
c65e1db9-6352-4140-b139-de3dfb1e07d7,fec2924a-976b-4cce-b168-a1887d2f6eff
804946e6-38ae-4d87-be58-a59f69910da9,233a5bfd-e1e2-4e8e-8363-cd30488a287a
c65eccea-56a2-414c-8d3c-0cfe0bbb7d04,19f22983-6e64-4a87-abe3-446d3dde6258
2c0713d6-0c68-4bec-a8bf-0f93997c5904,b8ff592d-d7c3-4fe5-9c40-c4e34860aba2
b4a57677-7edc-476e-8abf-b8c430a0b97d,40d6401e-1937-43c2-aaa3-359f48924f31
83e64b03-4931-47ed-bf93-f3d8e81f5b7b,9608aa65-a2bb-415b-ad79-c011221e3724
bc457785-0c93-47e4-8c66-4701d251da38,ab58b56a-1843-465c-9787-5fb4a3466d03
070a48ff-7c69-4dda-b9f2-576dff6885ac,c66d063b-00ad-4237-9fd8-afab38ede437
6f0fa815-2e53-4623-8f36-79f6deb3046a,312a5c9b-8d47-48c5-9342-4df08ea9f347
c6afd266-6f05-4175-8ec7-0d66a74cc15c,e04db731-2b04-4a76-937b-58146431d76e
809223fc-2054-47e5-9aa1-7f8e6bf5e213,3e13f140-4262-4100-b5c6-873ac13f2f92
cca8625d-467d-438a-98f9-192c59ac45fa,26f4d3e5-1d4f-4c78-87a3-50076d5cd963
c6c8d290-84eb-490c-8bda-c8aa98577fd6,6298e7fc-f624-483a-965d-1742f8f26f8e
7335b7fe-92a2-4315-9952-e2869bdd43bd,52e7ad09-c2f3-47d0-b49c-0fc9ed44c11a
f66f6709-6746-4681-8f53-59fc228c5c47,63ff88c9-f606-4baa-89f0-9f5398f50704
809b1acf-300e-4c23-8bbe-d9d7a9b0c199,a3a61af8-050c-404d-8e98-95f8d0a851b5
c6ee1de3-d8cd-413a-acd6-e9f0711dc3dc,2b393bc5-f3b2-44c6-858d-859a14d43551
5369f317-863e-45e9-ac25-49b698ba7d60,bd77776e-a7c6-4983-b7cd-15dfafdd512e
ac87633c-9401-41ae-baba-c3083647a163,12212ab4-e3af-444c-98ac-897d0d457754
f6efc684-5231-4cbf-b717-b4c1ce859f7b,5f9856d1-093d-487d-ba36-d7dc71dd1bfa
f692e11c-5b05-4e05-a34e-ac3527fcb071,f5113059-6457-4fd6-8878-2f8592dc4a71
f69043c6-71d0-4248-9e11-4172f0a505d6,5b22da1c-f1ad-4ed5-b9bf-5b6ae02c0fa1
37aef374-95bd-4c5a-a6c6-b2859707674a,119545b5-8f2a-4583-b2eb-c3870d40d47f
c7331ac5-137e-4885-9702-97db8ea439b3,9d4dfc2d-a1b5-471f-8912-09e446d5054b
b0c6f3d7-b8ec-45f4-bfb3-6e446e84121e,e09ef9ee-18ee-4961-90e0-ad911f4e95bc
f4e9d719-87c9-4ed0-a1fb-f587a24d5d09,376f18b6-a5d5-4dcd-a56b-f602c3d3a19d
476edaa2-5623-4f3d-9601-8336b0e1cb7f,27e94228-96ab-4e87-ae8d-4ca3d2cdc585
80f5d262-e157-4bd3-9814-bf7e5486eaf6,e715bd2e-4d12-4a87-86cd-a903fea4689b
8111631f-59c2-47a0-a139-9e18ac7da2f8,136565ce-df8d-4701-8175-1e34592b66f5
e5a0c342-e3a9-4565-b7a4-bba12d313ce1,2b2a6786-d168-47c7-a686-8760075a313d
fa13a4df-7d46-48cd-bbb4-01b82762a40d,5672fe31-65c1-4d33-b8b6-4e79e134731b
737cb557-bf51-4f9e-a64e-0cdf1de7985e,44dee9e1-ead9-49cd-8f82-384b8e5a09ee
87c300d2-0999-4a1b-8db1-906d5d5ab268,a9236159-d1d7-406f-a08f-e4caf39c9bfd
b53c491a-8cca-4438-bab4-2fc98e28d16a,7235d5d5-e7f2-4800-8240-f640b99ceeb1
2ca4e344-ddce-4463-a35a-a44fa4103c14,2aa2a048-5979-4252-967a-27a1303baed4
37f94dc0-5248-49eb-a0bb-ba92e92aeeed,5941ab23-2277-46ed-a307-2be2b515671d
f746a226-91b1-4249-a2bb-36bfba324f90,3ba32870-6da1-4f03-adb6-e7c498a5fa62
6ea61b6e-3202-4652-89bc-055496b7a72c,1ee1d07a-3531-4288-91d6-49493fc932b4
f739bade-d0c1-4881-86ba-6c2ee0e46d71,79e4c206-4fd5-425e-bafe-d462cebcd9c2
0808f9e9-1e65-40b4-ba82-edd3da4181c2,2ab37d12-b22c-4a2a-8628-32ee5ffeee51
c81ebb32-d0bc-4c75-85a4-6e818be0d24c,3f7195fc-fa06-4f27-ba4c-6cd80239d00a
b57d29ad-21c3-463d-ae8a-46549b302cc5,823b52ab-5b0e-43be-a9c7-e6458fd9c65c
c8620ed9-43cf-4aef-95bd-0f582af90743,5aa712c3-b5dc-479d-b2ac-54847725a1e3
c82b87fb-8d0d-410d-8c3a-1801e50b461e,e91cb916-d429-4ae4-8f86-e7ba45f95591
c85153b6-3593-487c-80b1-145e79aa88e6,449e1515-b26f-414e-9222-9d5ac087b75e
bead3edd-f9c4-40a1-8b92-8ccd85494db5,7ceb370a-cfe6-41a7-a4e6-187259a4e3a1
b27b0160-1e51-492d-a0e5-576824777681,523ce7e8-aa8d-485f-b0a5-12a035c4f6f5
b0290118-a5fc-420c-980a-85d4a0f0022d,37b229f4-615a-4d0c-a714-785b7e23d592
a5d0466f-d43c-408d-87ff-fc00b1075e37,6a258da0-8e61-402a-942c-fbd84838f650
820899dd-419e-4f4c-9f1d-c07e5b2d95e9,be258077-3964-4b07-8a21-c082191a7db2
fd7b9c15-4df8-401d-8b61-f2e10b9e86ad,eb19f196-782e-44c3-9da4-a5406b5826e6
08deaee1-3d3e-419c-8cd6-b48c19976106,5af49b04-af63-4edf-b9ff-7321c8d2462a
c8bab315-a7c5-49a9-a675-c2e85acbb63a,84259fd1-4899-4314-b855-5ba94ef0a996
e2e7eed5-a255-4730-a8d4-409ac1648c0f,ab2d9102-7868-4d85-91c2-0174de5957f4
4326de40-dca6-4fe1-b9f2-0ba048a045c1,77af27cf-56a2-438f-9491-c6f869268fc2
822a2c00-4ab0-4949-85b5-e36716f604d9,bf3203d3-9310-4172-b499-6c8865938a55
e3946950-75d5-4a17-bb7e-01b06834cba6,15455ee7-eb11-4217-84aa-26282cbd8214
dfa6feb8-445d-4f38-af2e-72ebcc163c16,2d103635-bc8c-4f2a-aa7d-c7d7029de810
ae2cba5e-16dd-4691-9c2d-381cddcf6ed0,fac1efa2-cf30-447f-ab69-96e15921affa
822cf3c1-d58d-454b-92a3-997c56df37f3,891c93f2-a91b-4eda-8899-4f48a5375d82
6ce19ad0-3065-4aaa-9a55-8fbbed6f455b,20859348-72bb-429c-bd5a-123d58d4fb00
c8d5667c-50f9-4f0b-8521-9365cf927b31,f2e96226-0c61-4909-892e-c9ea6dadd666
5ea88253-4e3b-4178-8421-a87bdb808ce3,64b95ad6-a74b-4083-b744-1dd06e5d0bc1
8238479a-900f-493a-a2ba-4d88c0ab9980,a16d9544-4ee6-46ad-a1e5-6b17f4157fb7
c05250d8-41ac-4ef6-92ca-9defd425be26,f2aad6d7-c802-431f-99c5-e7ad4784bef0
55cfe913-2008-49da-9c0c-40648e252bbc,1c1ffc2e-8008-45c4-9da5-f54109d576f0
c5fd3adb-2961-4ab9-a3e6-c159ce13f016,9aae28d0-6540-4b8a-9938-232c6ff7b6a3
825bc064-3b51-44c2-b41d-e2db738fadfd,9b6fb138-da8e-4d42-ad06-35f4a1ee1b1c
0954f00b-11db-40cc-8bd2-e8d6bf0176c7,cfd6e739-20e7-455f-9ed9-803640405c05
826aca4b-6cc8-4e78-b01b-468ea5cdd318,3c239113-5ace-4b9a-afdd-6d23d643e32b
827c642a-7df2-411b-8041-d0a06b9d481b,4ba2332d-a5b8-4c67-b09d-4c7482afe003
2cf8535b-d36f-4cb8-a101-fd61fddb1fce,e1fc2f90-8da4-4cfd-9aa1-d7d6a9314760
5e17ab23-fd56-4acd-a6cd-586dd040247f,8aa2c9a0-62ee-4541-bd77-aacdda0ca668
f2311c76-39e8-48c1-8a39-ed668384edb8,5284d377-1000-4484-ab6a-b921c0231213
f7055389-2d0d-4c99-8b13-9201a8f3b430,37b229f4-615a-4d0c-a714-785b7e23d592
829d9aec-a9e2-4d3e-93b7-622df2f28859,42d1867b-6d10-4190-920d-89e93eb2c8a4
a278aea4-496c-4b25-8157-e4e1281cfedd,fc3cd653-1dde-4035-b593-cea18e54b51b
f5f2061e-12c1-444a-a249-9d48e9c217ae,481f8e1e-fa3f-4866-bedf-13a24a4663e4
82bb0efb-0172-41a7-aebb-1d9d81bcfadf,c9a31d03-0583-4662-8df2-db53af315ad5
c94b029e-9769-4014-85bf-454a0441c1cd,9e762df3-03db-4aac-96a9-6c5c421db495
82e886ef-18e2-4699-83f3-5566444c2ac8,405d5643-5365-49a4-a247-caa0ac04eac8
2d259dd8-3f96-4a32-be12-7833c09ccf5e,632aae71-71d9-467a-8acb-ec6e28161c98
b14a6366-031f-4e3c-9b8f-3bd359d32dc8,e414e2f1-609b-4620-b598-1fe30a48196f
2264025b-0d80-4242-9278-44f818d99821,21624b87-a6d5-41e7-ac5a-790fb8367526
f246831b-4afd-472c-b2ea-67ab31c6ecd8,8a5ecaad-6bd1-4501-8faa-254c96694a81
38a861a6-84e7-418b-a32c-1e8089cd3622,8aa2c9a0-62ee-4541-bd77-aacdda0ca668
b28d2c9b-ed1c-4193-81c9-a5d50cdfc25c,c504bda2-3efc-480f-acee-d744681b4965
c99cd5c6-75dd-41d2-9587-3453d6e7b1e3,7785eeb9-cf4a-4f21-9b1d-e185f7dd730c
42205aab-203c-41c3-847f-c3be4b8134f7,9fb25ff3-5f05-4e2e-a6b7-8e189c6b21f7
831002f5-43c0-4d91-9d97-ca5ea0cbfe46,977b2f2a-3865-4ff3-91c0-47d1ac1c74d4
1e639252-94ee-4773-86b3-713a301e3406,3989df4a-cfe7-4a65-88a9-df02faa3d653
38f68d39-b3bb-452a-bc62-7650a509da6f,385a9462-bca5-46fb-8ec1-eaefb02258c3
47ed4634-8786-4109-9b56-c16d1b311f96,ceceffe7-6ebd-4c25-ba56-acf4f55b8a1c
c77283e7-0bce-4eb2-917e-b60c70dec554,808b5c1f-33b3-43f4-8faf-7f5db150d413
fde70ea2-0808-43af-95be-c15ddc238f70,6d5a8f34-6eb9-4175-ba1e-d835727462d6
f84162ec-2cde-4f36-9fe2-ebfa0bcf82bf,82c0caab-32b7-4f96-b785-9de9e90d4e3b
a111e379-9ed4-4acb-8ccd-a3c90e7bf2d2,b5aa626d-8859-4150-b749-1b4dc959715b
672b3066-788c-4d67-93d5-c2b58d9cf70d,29907b5b-dc0b-4c1b-857a-0f609ca8ac0f
eb2650ab-7d90-4276-a0c3-39a0cae1cf61,78db51de-8d90-49b9-a505-7559561e3ff5
83a1b124-eb39-4bca-82c1-a83ee2efd643,2d3e82c6-5a27-4b65-bdc0-85cce7365c91
ca283bf2-f53d-44c6-b4b1-e73f8ec495aa,d50e646f-3714-4b8d-9a50-b23bba8f7f8c
8b9b440c-82bf-44b4-b912-27dca8fc6b32,c9015898-7a71-476d-9c78-8c6f97870d62
801c2825-4383-40cc-96cc-c27dfc5f5c67,961fef31-20f2-4d0f-b763-d89bdfb0643b
842ea278-9dbc-497d-854e-563910b395ea,84e90af2-2a71-4c8d-99c5-caa0d4e94fbd
840eb53c-985a-4477-94ca-2ceb3eb8040b,8578225e-62ed-4137-b76e-b23cb0fcd538
2e11ab9f-35f2-4805-a360-961e09f2bb7e,5b5a0d89-09d1-4640-a17f-b7c4b11b067e
848cc19d-2f50-4f90-a823-773e492ee0ea,db248043-7a86-4010-939d-bbcd9bd632e5
8477154c-6422-493e-a356-17a57f61694e,84259fd1-4899-4314-b855-5ba94ef0a996
2e7f938b-79b2-47d5-994a-d8ea24cc9b19,48aac996-db5e-4959-bc6a-4e5e96f13d6d
a06e71fd-e146-40f1-9ccc-6d1c7c197b84,1aa6e22e-e3dc-4d25-b7a9-e73fb872615b
2f4b5066-1b81-45db-b784-1c0d12fe4bdd,596b2c47-5f42-402c-8f55-a880175c51fe
84c4c887-b472-4b6a-ba69-74928f6a8f04,c2dc1f4c-59cd-4cd0-bf79-430c86c8015d
2f0cd376-6414-4df7-b7d5-2e1bc13f9a1a,af706b8c-7fc1-4111-910b-12e79a92066a
2f4a3400-4462-4791-aec0-881639349046,5d7beae7-7758-44ed-be6c-fc2d566e0b70
d985d03c-1513-485f-8501-917cc8a4d288,a06dd46e-28df-4326-8b63-fd96ef9d0aec
84eef5a6-ae70-495d-8368-1b18377d412a,7cd282ea-d5a0-4139-80f7-314cffe3bf06
a0cec6f0-b39c-4b0a-8da2-7cd565610f3d,4369fb68-7939-4ad0-9f1a-9cce08181040
a1885106-3f4d-46b3-a8ad-b8d200ca99dc,f7b939fe-b848-41a6-90d2-34b15478307d
2fc0016b-cd77-455c-a00b-68f45c9f5c77,3b805ce8-772c-451e-9231-7d2aeaeffc2b
309ccd99-60d6-4d74-ac85-33872a8532f5,6ec41ce2-3617-4af3-97b0-781dc6dbc35b
853c1b2d-e0c1-4ff1-8391-8d4081e19dc3,9afc5970-71f8-4f1d-a547-aa0da2e8360e
854fdc8c-e907-4d13-8762-7453ac4a90c0,ba26a0fa-2638-4b31-b8d3-71ba9736e6ad
30507adb-fcb0-4bda-aea9-66ef92db4899,065c5106-a6ae-4380-9266-c4b5bf07f00f
3030533a-8c25-4bca-875a-4c4c87291b35,af318ea9-bcdc-4069-9357-a9ee3dc6c927
3082ab24-fdbf-4e18-9a34-77e714cb3763,4dea3ab2-ea19-4af7-9994-644b690aa1b7
307d072c-6eed-455c-9bdf-0648febd0ff9,c4e7d1e1-b8c0-4f2c-b7ec-233e2da92918
85775e31-9b0f-4eb9-b4b7-c736a33a50e4,00fc16c4-122f-4fa7-85fd-0bb2e5ad65e6
85f70e4e-e54f-43c3-8321-47c38b54a8fb,29b9177f-f223-4e31-8d87-8994912b8a75
8686308f-4a87-4b0d-a17a-3f66e111743d,161dcd2d-a39f-47aa-94d1-ae1f552360d4
30b8ef92-3d1e-4829-ab60-820e80be7df1,39d3104c-18c3-4534-b894-236b7eb2d73c
8628ca44-4a71-40d1-947c-d5f2aee8737e,c48650d1-18d3-46c1-8a88-361ea9b87ea1
3149be18-3f20-4dc6-b7b9-aba0c06b6f5c,c4b52100-496e-4fb9-81f3-cd8f8b5ff407
311ee8c2-7a5c-48ad-9ae0-b9862fff6ff0,90199350-cc09-4f46-b382-775995bff065
39167c1e-9f40-4245-bc24-755d8a9df33d,c6214c06-ff8c-49f0-ba26-991e88225909
8697524f-bd0d-4c5a-9dc8-6ccd39f1ec02,fae4c1df-5f56-4ebb-8780-b37cd86d43ca
31a48e71-fb67-4cc0-bb39-d0617c5a3671,3b6b9ab8-8b61-4262-a594-5e1b67b1070b
3205c5b6-eb08-4c76-beb7-4b014dddfa3a,b26f0a14-6b0a-440f-a992-84e08945a1a9
87733c64-8d07-4df9-a9ca-83007ab557fe,9d050fc9-c0f8-4145-bded-23c041637037
31af4a80-5eea-4b06-b676-e6b302237855,a6cd3150-54de-4629-9713-5dc74984fd66
31e5c6ed-d88f-45a4-b754-c13e33b0240e,aae1ed45-1d0b-44aa-81f3-2fd91459e7ed
87121179-6cb7-4d9b-b9fa-d21f23265303,827a5c5f-2dcc-4255-b4b4-3b960428f66d
328fcf02-9c2d-49c8-a673-d1f8aebef777,3f75bb26-1a3d-4eed-9e8a-d3a6ded44256
884fdd39-d253-40fb-aee0-3461789776e0,c217e3f3-4642-4d49-866d-3df02214e2b5
87c38514-ad9d-42e8-ac34-989cbc3ea6f4,b0ddb9fb-1633-4af5-a651-6456f3ff2989
332b52ca-5ec4-49dd-aeaf-7724fe26df0b,b9d670cd-6232-424c-a45c-52affb187dca
3377e8df-fc63-4f9f-b63a-f8b51dfb81d6,7cac8298-bda8-45c0-93b8-6141418b3889
87ad19df-603a-4a0a-bf41-ba91d9a8b8ec,88ced90b-dfdd-4ec1-bee9-e3e8adba63ca
33a39de7-4487-4a85-baf7-54704727e8d8,79d87b54-b068-45d7-8577-7bc9cf241621
3452563e-7dd5-468d-b1a1-9edc289dce91,da19d35a-a1b4-43c6-aa3b-7c1171e365a7
88d14da6-9bc3-4dc5-a80c-3832d550b8d3,41ee749b-3ce7-439d-8fe7-9fdbf9bf9b2a
33e3a519-6860-4c81-8514-981f31d30230,2dfcc4cf-e4eb-4d1d-a1f5-dc4215ebb5f1
a08877dd-932d-4afa-9ea3-80d907d96df3,7f11cc0f-018a-4b3b-94fe-d0dcf07f0048
351fe34c-0fd0-49d0-bb71-054d41c880e2,bfe2fc58-470b-4fc5-906d-5d331ace83cb
34788491-f050-4e16-83ae-748309a8fa56,bae7d74d-d0a7-46c9-8dbc-14ec1ee26e1d
89f1fde8-01a6-483b-9f56-921e97490d12,39d4ec48-01d3-4a2e-ba8d-5c8b63f7549a
34c2ac24-a7d6-42d5-88d4-e2da809f5483,aa44b01f-c0a4-4369-aad6-9afe6fcb952b
3546424b-e367-47c0-a3c4-a3ff8a32932e,219b8aad-5d89-42f3-b60a-1b8fc77205f5
88de6a7f-48f3-4817-bcbd-657d25f9c6fc,1784fc38-cf9d-4b63-95ae-ce2be91e8b64
895953ca-0a52-426f-bd76-3f3ed1db8650,53d2e588-06b3-4a39-a4ea-45ef112ff99e
398528cc-a008-4692-a47c-506d6075ac19,c13f439f-19af-425f-9247-9aff1be947b8
8990372f-d5a2-435e-9502-755200b20736,2b509561-8852-4ef1-9542-4e9995d71a85
3628b635-34f7-4757-8d21-1266ad9e249f,da19d35a-a1b4-43c6-aa3b-7c1171e365a7
36916e8d-e442-4aa3-b9f4-be4f38889bfa,c679bd3c-3bdf-49ff-bc10-47594233029e
364ac85c-ce1c-4bd5-9826-db15bd9cca8d,358637c7-57d7-4111-a30c-f3d14e82fee5
36aa6789-1068-4b14-a971-df5bece07372,65ac0a9e-1dc0-411d-bf9d-5e7aa4aa2679
36ded0d9-0daa-4de6-be1f-f62e6eca474d,f7867f93-41be-46c7-9a6c-bd13f86b1bf4
3674e35e-b66a-4f68-963d-1c55728eb03c,bbf0fc62-5e67-43fe-8eac-b47749c7db4d
8a44cc73-c8da-44f4-b106-97030631d0e1,ced92fb1-4b1d-4b37-b2df-c3bb1d5d9944
8b123a49-5706-450d-a3e0-6b8f6f1445e2,bbf1d96f-bc06-445d-ad23-2b226d4f081d
376b3375-c78a-4cae-aa05-5c687e96bc57,de8f4103-3835-4d41-8f79-6f9e644f96c6
8a5011c0-c6a6-4f89-91f2-a97a8bb3a223,b52af229-ea7c-4d5a-9459-5aaa469241d5
3786925d-2f4e-4034-b13a-0aee9cfa11d7,0a5f3add-b229-4da4-bcdb-c1f6cebfd7af
37739bbf-d6f6-41f2-a57e-af0b5211f573,0ff85fc0-7736-443a-8618-723a9b99b0c6
375e2149-099e-4606-b7f9-b10cd19ccda6,e3cb1953-d4b3-4b2c-8287-8f13f03fa0b7
379db6f7-96dd-4e18-a212-ac9c823528db,10f02b7b-ef0d-4a21-8fd6-1416f0d0caa0
3b6e1b60-70d2-47d8-8073-01c48aeb21df,14905ca8-504e-4b63-a148-80cbb5cea575
39975393-e469-46f9-be0d-57b1832a5036,cd7f38f3-b946-4ccc-93e8-32a085f7c3b1
8ad9189f-5ace-45b7-995b-38b3945fb421,f3d8c21f-365a-4996-a414-cf906016ae6e
b64d6e9a-d5a4-490f-8c30-ad50d52d8556,2457ddbe-24a9-4df6-bb9e-4c14248c2e30
8afc914a-1ca8-4c84-9ee6-11ba5359f069,9f9a9e7a-ca83-4061-a298-6bb6ee9e0294
cb6a96f6-e07a-4107-ac52-e59cab0b742c,4e4bcd0a-3b3f-400e-bcea-be3c4d3056ae
8b9deb38-79a1-4eb0-957f-735c7ee984e4,ecd933aa-f64d-4458-8e71-456b18671e91
39f824c7-074a-4c39-8cd8-6760ec91d27f,8230c04c-ebab-4d53-94b8-50206ce44af2
fb1f1697-bb04-4aa2-85fa-152f3ffbf0da,97be9fd0-efcd-4698-9ac3-80d87e2341e1
8b9a1241-fd76-4e4e-8b8e-68893da9639c,fda799aa-ebc3-4b2d-b1a4-aeea6d6778a2
8bba6cda-e2a4-4b98-8c1d-5610b4f2104c,20399716-aac3-4145-9daa-93c32f8d927f
cad6f6e6-73fe-4f9d-a428-884831c1eafa,0d8753c2-702a-4cfd-8ba9-4e329b5ef553
5dd8e7d6-4112-4582-b36d-44b662bc0fd9,00345b99-da39-44ad-b87e-abcd953c8554
cadde2ba-3a6e-4016-8685-f8401edfd1cf,83980b4a-d666-46f2-860a-3b472ed2073a
39d1fa0a-9bb0-4bc8-9b17-cfced1de2baa,0312e168-b9ac-48b2-88d7-5fa5f1dd96c9
39dc4888-7b73-4e21-a43d-8f400d9c8cc1,2240c224-810c-4d61-ae75-a47c03e56dc2
cb11fa80-3ae3-46d1-9ef0-3891257b5a87,8b9c8673-eb14-4754-a920-f0bb7d37431d
8c2190e7-85c2-441b-bfbf-1b309c8b1718,9dba8759-1898-4ba4-b863-52f1c5b2d834
38d17a27-8efe-43d4-8e08-80fea175773d,7c677c4e-c6c8-4746-ad80-32abe3bff7be
8c355a58-7035-41e3-b8f4-7b67aab6f821,68c1ab60-f93a-4f32-b512-96ba041f1eea
f86f6c40-a6e7-49b7-9362-1ababb9334f6,f6434954-210d-4cfd-8643-63c1f71e29cd
8cbcddfc-f924-4edc-8f47-2202e2d32ab9,c7f89f33-a4bf-47d7-bcf9-9287819ac8bc
7557fe2f-8ea0-4c0f-9a3f-dd78e911f28b,797faca9-ed47-47db-b761-509841e6da4e
3a555e4a-b1c5-4ae4-8709-b8a666ac269a,c9729d63-34e4-4fc0-b07f-12d54b80e19e
cb93c91d-084f-4447-b13a-6e9c11dd2135,97ec948e-10c8-4df9-a497-f5176e5e8876
aa2521d3-a093-4e8f-89ee-29a3b5f189ce,3d71fe79-3105-49b8-a802-9bce64278475
b6b98c38-4688-40ea-94cc-aa678aedba35,54da5b68-23bf-441c-927d-1d465d7df7f7
b6ba2689-760d-41dd-8f8c-65ef6a142b97,fb2ba64c-456c-4d1d-88e6-dc7504e413bc
b6d2af75-1fc4-4e22-a4e2-921a33d06cf5,5ed58879-bbd3-4ad6-9680-3f280470861c
75a58c68-1633-4f79-a109-8af313875a27,1aa6e22e-e3dc-4d25-b7a9-e73fb872615b
6618fe24-9e01-4e59-8e35-1b9ddb3d8851,46b0c1ad-a3b8-443d-a82b-d106608b1425
8d1898dc-30e4-40b2-89cc-8f7c8cc8bd19,de4a8d5d-1d51-4e65-8e4f-82e93fa239a8
b6da11ca-94bb-4ab8-b07b-076e668b9bdd,27ac849d-71bc-4717-943a-8e7ae418a61a
3a91afaa-3ad0-492b-bf77-fb8b59948410,4df31296-9cd5-4512-b447-59d6e8341475
7b3ae375-ec80-494c-b095-2b73dce86c48,46b0c1ad-a3b8-443d-a82b-d106608b1425
75bcc582-b2c5-4e64-9c8d-0ea77a615f99,df2a4972-bc1e-49bd-af64-a63502b6c81f
f8c94abf-af4c-4b40-b989-eeeb558c616a,b79534df-dad0-47c8-8958-9c56a498e4f8
8d565020-d99a-4bf3-80d2-557eae830e3d,0cc9d202-84f2-42e0-b497-7cbc12e4d9aa
75e5c9fc-7614-49d4-bd68-027c719ddc83,3bf2c754-d8ec-4cdd-8b10-43f9120d9b75
8d6a1bc1-d57b-41ac-8ba6-9840d806776b,b43c9fa9-443e-4010-9344-3f9f5dc42975
8d910c43-a08c-4443-b4bc-e9091b514faf,06304583-e6fd-4e1f-9c64-5452f7b02d1e
f527c05f-0c85-4191-a489-13aab6c90342,086f85ab-228c-4e35-a5b9-81c124e9801a
8dc677d8-93d8-4689-b21b-24fd226165ac,baff6663-0907-4902-9c6f-271bb4c4fb47
8daca876-8072-4588-a082-9674d522eac9,12f05542-1827-4f76-bc09-6d393305667b
8de14b60-966b-4e1e-adf5-ae81a70c59d9,d0cb031b-6f5f-469c-b3b4-46347caddfb9
3af09bb0-50a4-4dc4-9974-2842069222e9,c199194a-c176-4244-9968-a8fed7f77f9c
0f8a58f1-11a0-476c-8e79-0838dac57afd,c98bdd53-96cb-4b8e-ae55-36093f959035
cd0dea24-7d87-4919-8abb-776fececc466,ba1db7e6-c66a-4d47-a409-849972869f36
399c0479-05a0-443b-ada9-7e19a1d39c69,bdffb289-fd12-4d67-bc28-e82401f1b0c7
e40b9bdd-6dcb-401a-a510-fca5fa5544a9,cb60540b-ac40-457c-bd8b-c3f791e8c1f6
394ebb63-a33a-4246-8f23-24de22d94b66,19716a66-9443-4449-a8ac-78763aa22ff4
3afaccf4-0394-4c2c-ad26-1fb762881728,e5456833-d3a8-49ac-bbf2-dac77d0a3466
8e019dad-f67e-4c4b-a348-f70a46048535,fe7f5412-6ae6-405a-8e59-e3ee35e24896
cd3236a3-ecbc-489b-a080-dfd9e285bb56,08fc8f28-ef47-4588-9494-da21b3aba3f1
7fb0711f-7755-4360-a17b-c912cd28b842,ff6612ed-ecd4-47ed-b397-335a3a64df17
3b1eacd4-002c-4a9f-acdb-c3843839ec7b,59bd067a-782c-4bc2-bc00-0a0621ab2a2f
8e427b74-818b-4b03-9c3e-6e594ac69088,a9823fdd-f95c-4d54-b0b0-e92ae1945f8c
8e6301cc-239f-4165-a58b-aa31de6788e5,861d1892-98ca-4331-a475-31379123bec6
f958bbbb-b3ab-44b5-98b6-f20f0240a5e1,d2f79a63-8d79-4c71-9430-8357372e746c
39b27a79-b4e3-4765-9ee0-0fa55e75ab45,076fdb63-9776-4560-a6a2-be14f2ecd04b
cd8efee8-996d-45c0-9073-e296c6a962fe,9f9a9e7a-ca83-4061-a298-6bb6ee9e0294
f974d293-75c6-4bb3-ac9b-db2eb2db4e05,9a4ee9b3-529c-4c5b-8057-82ed8a162dc7
cc8df590-0f59-4195-8fe1-a2f0aaffa6d4,6d7e1d7c-a857-496c-8b26-48677eda7b03
f986c00b-749f-4f50-a5c5-e9971f1576f6,cef114f1-6ed9-445b-a71c-f7b8d1ca22e1
8ec79655-09f0-4628-ad1d-8711268de751,aa3a1088-6c86-4e97-b0aa-ed68fd6b74ca
f99c8e05-bcc2-4c12-ac42-dc32dc64fb00,a4993abe-524a-43a6-8ade-1c819acee787
6f8c90c2-ce49-4123-85a8-5f568c73944b,484d6a84-f300-4f08-9cde-10b7febb7999
3a6dcd12-ab8f-43c0-abc7-4c1ed227a568,e1427fec-acb1-437a-8101-f4f02fa25896
3b89f5c6-bf3b-40ae-8457-a24dd71c459f,2c04d238-85a2-4054-bc4f-f7ebf8cf8ca2
d4e54a8e-ee91-47fe-9c2e-87b7de1c4b94,673011e8-113b-4596-a167-a13cf3c1d586
cdefe1a5-ebd8-460c-a130-7fc94766971a,d7453593-ac0f-4e41-9a0d-986fa88ae9b5
fdb98faa-0d4d-4b33-af86-28460a6e553b,9dba8759-1898-4ba4-b863-52f1c5b2d834
3ab50fff-fadb-458b-b6d0-a87c933f4c08,e98a4b1e-9465-48ae-b052-e36d412c2816
8f2d6725-74fb-4062-844a-73aa1429c5ce,12f6fe82-9bb6-40b0-a0df-d7f383189e29
cdf3485a-e54b-4e62-a8d3-3ea5f5784a32,20c191d0-b20d-4606-9ff6-01b8d306fee0
fef9d42b-7d64-4ac4-ac23-2308dc05e874,c3571256-79f6-4f1a-ae1e-8caa7bae3ef0
5fb5e2f5-0b23-49d5-804f-30ad26b757e9,c504bda2-3efc-480f-acee-d744681b4965
42e1fbfa-2b87-44af-a6a4-d9a88bbb6a07,3850dbeb-538d-47c5-b4a3-bb60e2c074de
cdd8827d-1f7c-4f26-a86a-4642b83edbb0,a21468ca-803e-4ee3-9a82-76c4271ea925
ce13a9bc-acd1-4a61-b236-4a70ecd0474c,ef299a43-9a22-4df2-9921-0fd29cbad361
912dbdb1-289d-4952-b4d5-8fe1b821a42b,4ec8fabd-3bd1-4b2f-99a8-1e1c5e95b82d
3ad857df-8a40-4d15-a455-3af79d61d38f,e98a4b1e-9465-48ae-b052-e36d412c2816
8fac6298-47da-499d-aa64-808bf6b3b36e,77756e1a-5089-49cd-8e3b-73037aafff94
ce6b5de9-bc2c-4d22-9da4-c12cfcb5e1bd,e3018db9-6877-49e1-b7fd-5a1f3dddd544
20bc90fa-86d3-4d5a-8802-02953c21e547,76589a98-1a5f-4c9f-b451-e9e283ed99d7
3bd3e30f-bee2-4c52-91d9-919ad89495b9,de4220ce-11d0-4037-8e97-87fa8a846ae5
771de3d0-5b3a-437b-900b-44c454bfbaa7,f0858262-2755-4740-9acf-b29a4771efd1
8f9230a1-2683-4035-acda-8237346514e4,b0133623-2d8a-443f-8546-d0981c199a70
f9d4a9e1-9782-4369-8ebc-ea915c0f9ae3,2160c803-74b1-496a-a82b-385f650d164d
f9dfc3c2-5726-45e7-927a-0f6cd5153f11,110d975b-59f1-4003-ba21-90764684417a
8fab0cf6-dfbd-4048-8f52-547adc4ce66a,5430a705-91ef-4a80-96fe-f1873d8921f3
8fa3fc5c-ce6a-4ace-bc56-a1262046bda6,9c0295ff-f080-4ca1-99cb-f9179eeeb19f
3b2eadc1-bb0e-48f1-810d-cf0a8f064cbc,7f5763f7-e42b-465b-bd17-c1d50b1dfb73
3b2f4460-1af2-4204-aed2-6b3eba56ab7e,0ef7017d-a4a9-4ff9-b076-0d956ce53a3f
4cebd865-0ae9-49d0-b464-6c26a1cf55af,500e56d9-c13d-4435-bb1a-389bb42cb6bb
bf23b2bc-295d-463c-9bfb-3ad2173d3423,f4e475f0-933a-40f1-93ff-109e22107504
f9eb6504-2c4c-493d-add0-c6c0b8eab1a8,4f37ab2f-d897-45df-88d2-285a4aa0dc09
3b500da0-b826-4d07-abe6-4cc7cc0c5513,49341f3c-24a7-4da9-a082-4d1bf51b64b5
94a83418-657d-4a5a-9581-27ad2f9e1b2c,facc28ea-7277-4e94-b137-68f2fec8420c
f9f30ea4-bab9-4f6e-8df0-711d9a97f163,9c5f30da-3aa7-4195-91db-c5ac0871ed63
8fd4e3c7-ed7e-4918-952c-edbabe9026f6,6614356e-65c0-4d53-a705-8ba80ba014ee
773f5ff8-91e3-488e-8b02-5f40f18fad1c,2f5e5c11-0748-4641-97b5-2df43dfa43cf
ce62d23d-47bc-40cd-883d-c81e3764010f,7470e30c-6586-49c2-b408-8ebaf8cda32d
77460c44-2109-4979-a5ea-b42bf6e90fff,df97d757-589a-4729-8169-d99d9dd527b8
706cd226-d6a1-4a5c-b3cb-95783d2bb99c,9f1c2f08-2ab9-4ff3-9606-9acf4eb7b635
774d8e50-2463-4c40-bb6a-53850c3a96d0,7cc60704-f315-4595-a8ed-f95d8bc0164b
b8bc8640-4290-4c73-ac0d-8c041abf76a7,d639100a-f16b-4f04-881a-80e9a7005c55
9030999e-246b-43b3-9528-00e2ec1ace82,b40739dd-af89-4b5a-a583-3ae2854c08db
903e7eaf-68bd-40fa-81aa-7e61cc6efeec,a3efb4a7-635d-438c-83f6-043df798183b
905e7d01-71ca-4dec-a8bf-be3deb007d62,250bfa78-47f7-48d4-a778-3e4de9d2e138
907f5916-63dd-4959-bd8b-90f0aa2c6b36,8f36fdcf-b8b1-4268-ab2f-c7c25c8b3444
b2ff432c-350c-4561-9796-57903ef460ce,53dd6a00-e7eb-4c07-8a0f-17660a13eb25
6e0e90ff-f2a5-45c5-a9b9-d75ffa877967,3153def8-a002-4d1a-bbdb-f12235c5e032
908aef6b-9ce3-45af-9565-542d5b0381bd,c067824c-260c-4ebc-8cf7-44ab5d38b9a3
cebb5573-57a9-4e9c-a38e-024413fc55e8,0c985b0c-fd70-4d1d-b73b-ab8ff65dc2f3
3c05db1e-494b-47f5-b2f7-bbc6e4dfc4a8,2d2d6465-8ea6-46d3-a4f3-0a31002edf28
f177a315-eb0a-4756-ba52-ffb01bdc8a44,82af9178-222f-4fcc-90ea-517e00ad5332
e14575a3-3180-4bf0-995d-337673ad5d35,a6ad19a5-1348-4c8b-91b5-38c7669e7cb5
ceccc5d1-f59d-4ccd-87f8-afad7f9057a5,97c67481-3e01-49b6-97bb-0f3c04f77221
b7e90245-ad15-4514-9e3c-04b70cb1f497,97995744-991c-448f-8121-f595d80ae0dd
77b6ae33-1f9d-4d73-a12d-30aefff64e6e,79a0bc96-f945-47b6-b91f-a250d23dedf6
90df9b70-57ca-4b34-807a-4bc49bd94f12,36195f13-31bb-461b-9b28-6ea76472b31d
91cb9268-7107-4a27-b443-c8d103cdda99,af69b5bf-a8af-419c-bbbf-8c4e922a8137
3b7633a5-6661-4cb6-8d6a-26b747c8cc82,762bca3d-79dd-4357-a3e7-a44c32fb4d0a
fdb2ca40-fd73-43a6-923e-01d70f6b2d6d,f52006ca-b39f-407d-bd93-c72f54e00d25
6d5e3cf6-df2d-4d95-bd0a-7d8bd81c24f8,4e24f81b-cd5b-4f51-aa9a-c0ca7380bdf1
3c318b2b-5d05-4f44-a0f1-d0a07470a774,07721311-39ac-4552-939a-af9b8a8dfda6
f3103c63-1eb4-4c5c-81d2-8ee4ff2041ea,e1624106-2e82-4597-afc7-739a099df870
ad7d02e4-8393-4116-a80c-caf4aea3f5d6,ba4ea344-2701-4519-99de-9b2d50ad6b0c
7f4b389d-c0d0-4a77-a4f9-90d429a56256,c98bdd53-96cb-4b8e-ae55-36093f959035
cf578f90-a434-43a4-87b0-35e398246157,183b9504-ef57-43a2-aa2c-559408aa05fe
53160020-6988-4dc5-8ad5-3402399be21f,d437ec70-19b6-4676-adf3-4e94d9ca1103
cd373bcd-4bd2-4b82-8ec1-31c3ff204ac8,78faabd6-1c6c-4c4a-84b3-c731c1980b22
b4eaf8e4-a908-4e4d-8e91-b34d18cd19ec,1ff51eed-5e8d-4aaa-a559-51bee8275af6
359d30f2-8a68-41e2-8b80-4f82cf84a79f,dd4b8b47-3194-4d91-a0d7-5fc500df65b6
b9270ad0-689e-431d-859d-309259be4aa4,a640162e-c4fc-4079-83f0-91e9406f2c4e
84368d99-3e1f-4158-8b1d-b1be88756629,5fbe5152-63c6-4e47-89c7-4e86978516d4
916ec99f-9bea-4f8c-9519-c66b542d8ab0,8173b169-233d-4b6b-8d14-ce16f54e2b84
cb1dc96b-4525-412c-8b3c-5d29857dee4c,b5dbc6a2-e0d5-47df-aad9-8090b4c63cdf
75d848f4-b7b3-401e-9aa3-cd1d82dbf348,2515ab2b-373b-47f4-a0af-9ed584bd3958
f6f1582e-c83c-4a46-9bc3-e4b4a30d6e68,d4a05cb3-50c6-4cd8-8830-2d3e4ba028bb
f4087a95-3fa8-4a67-9055-2e4e954694ea,d02d2fa4-f077-4579-a9f1-1ae89a4a66ed
ccbc9fd0-7105-494b-ba2b-a099b3c8953e,a05e138b-48f0-4ca0-a900-527f9be99fcb
91ae8a56-62c3-4e75-93c7-882d079e4526,d3166aa6-79ac-4463-acb6-161b374bdbc7
9f548046-0aaa-4237-be51-53f6c7342c5c,25ccb2d8-9373-411b-ad50-fa3f59ebe8ca
cfa193ad-b937-4a9d-80f0-3f4bdf51f79b,e5b5aaa2-0182-4b6e-8178-bbe580ddf196
affdb8de-b8fd-4b83-b940-185876e7df97,1a3d4b06-7652-4426-bd63-d4ac943990a1
8b014f0c-ddce-4d39-bd35-c243d26bf187,b7b45a2d-b1d4-4005-9ace-770a4e3e71cd
9095eb5f-2527-4566-b3b6-5bad91b4b7ff,a7b4a40d-d8d9-47b9-a53c-d148ba42570d
75cea18f-40d4-4ea9-8c1c-413fa6474183,f7e94fbb-e9e2-4993-b6b3-e54dfeb56534
b9568979-134c-4630-969c-ce4081bc7060,039ec21e-a435-4bc9-8df1-f9d38b077fd7
fa68c553-6efc-4993-9d54-1802f306f29d,b6ff3545-d24b-4555-b309-53c62ec43fc1
cfc351b6-7f7a-4de2-bc14-9aff265e1007,10fda8f8-fd62-4774-ba4c-e467519500d0
7cd76dbe-99df-4d24-ad6b-e96664acdf67,f39f5739-2308-4cb3-8980-b64ef7d2125c
d09186db-884c-4eb5-b8f7-1ee031df6a00,f9754128-0e9e-4a29-85aa-4ef62457b83c
d00e8a56-9cb6-46c5-8a1c-f43cc547c1c1,4623c2e9-e1b2-454e-b525-ee281e584500
d0398b81-d837-49f7-92ba-364d628bd2fe,77d7730f-22de-4d95-b5a4-bf8abbf4ff7a
d013f7be-e44d-44b3-a8f4-c3ca5d464d9d,1e60deb5-6474-4ba1-808c-0eed05060599
921cb46e-8940-42f4-a940-6d39bcfa9b58,5cee365c-e030-48c4-ade5-d3df25449b20
1a787b42-abd3-4ad9-9a68-9108640d83d6,9c368ca2-b9fe-4a45-9ffd-9b7305048206
962fece9-115d-4b51-9b0f-1ea44fd8b919,9c368ca2-b9fe-4a45-9ffd-9b7305048206
8a8a5508-3ed8-4de9-9a11-b75280e8de3a,5af49b04-af63-4edf-b9ff-7321c8d2462a
3cae2c69-e39a-4de6-8b45-e4a077839499,31a6dffa-5874-4c48-9da1-8fbb13b2cc2f
6ce7f393-6a13-40b6-b3c6-fd5cf09a4110,c81a5d1f-c151-460e-ae6b-ffc16083b45d
f484a1a5-4096-454c-b526-6e31fb0d7078,4ccc3ea7-4b13-4a6d-b699-7756957c2772
cd369e88-1d45-4ce8-b57e-5a553387607b,64243590-d7d7-400e-ac3d-b906688ec1fd
3cb0c70b-bba6-4d65-a99d-752f198b74a2,f3067daf-2917-4ed4-bad1-ec77cfff73f3
fea4728f-64ca-49da-a412-9ac7bed07d3b,1a41eb07-9e69-4050-ab26-b5f042e7917b
778786d8-fc98-4415-b9ef-fbba44a416cc,d121cab2-bd9b-4d40-8d00-a28a6917e97e
b7485df0-a3ce-4360-89bb-4bc58e317659,aefee839-45e8-4601-beba-0ad96e00bb7f
05cd9c53-e5e5-4a6f-9148-c1b1dcdc717a,a19d8362-bbc5-4d98-9828-ccab79f4eac7
85261545-e1a6-4a5b-bbeb-acc70887c1ad,5cd1592a-6cb4-415c-82b7-3a4cf191d6dc
3cba0f78-6369-4123-b78e-6132d3c0805f,36667371-5940-4cc7-8043-01ef557ee9c4
db2d8a24-73a0-4bb0-b03e-69365d844eaf,ebf7087f-a5aa-47b5-b69c-602564fcb465
ca989fa3-af90-4a5a-807a-240ff83073b1,b6d43591-5b5e-414c-865c-60d784754684
edce81eb-5d43-4c10-ac6d-af8e99dc9073,3c9082fd-73c0-461c-8ca3-394936c69b19
92913925-f237-48b8-a1da-0795551638fc,1bee33f6-fb60-4600-8a5f-8144cdb151cf
4be79389-b288-4f97-9a9f-59aa4fa5c7bd,580f9bd8-8096-4bc2-bf61-fc65437baaa2
b984fc24-173a-40e3-80b1-34d0aa50d438,d8e3571f-e9d8-4795-9724-e2925f199aac
d0169e97-0f66-42e4-91c9-0cb88f877363,760280cb-8188-4c9e-a6dd-cf753623147e
12b0fa12-24bc-40e7-8772-381eb0737f81,b04157c0-0e48-43ae-beb8-3c16769bec57
e9e30d3d-8be4-4ca6-b8fa-f6620dc44920,f2a258ef-b60f-4d36-9417-6b1216650e92
d0a109db-736e-4c9a-ba9c-f933bb5347f6,9fb25ff3-5f05-4e2e-a6b7-8e189c6b21f7
d0a26a8f-32c7-4b80-b5ce-4fbec54c9613,675b0053-5ce9-4045-9d53-22a1f989954d
689571a6-93f4-44de-9e21-ca075f4250b1,dd22cb51-a5db-46cc-bc21-aedeaf556c82
fb467f4f-9a3b-433c-8aa8-360e2e7c1c35,7d3ba865-8438-45c4-9465-bbe681281b94
29df5dc6-a99b-4cd6-bfe1-733ef9467565,b5eac733-3d2a-429c-b281-4820db977863
b9884449-e634-4828-b897-ae858ecf2227,35dce6af-2bf7-4042-876b-b874e568cd44
fa712a3e-7a7e-4f16-a426-7b400e2edb90,a0fd306f-3943-4b5f-ab31-452d04be233e
b4d92731-ce56-45d8-b35b-0159eeb2d317,a16ad5d9-5995-44a4-a97f-4a417376a1c8
242008b3-7132-4d26-989d-9f952171f767,d05debd5-af6d-4037-844b-b1dfc0445627
d0cc3efd-c132-46f1-aacb-5aaf8246c4a9,6c16314f-9fbd-4797-aa36-c106e6b0a499
8dce783d-d379-4033-95b8-c8f54c285039,18239789-a9d0-4c33-885d-6dd66e8a4a5e
94286089-41cd-4bac-ac38-1b9141c159d0,d6caa560-d1f2-4ad0-8da1-e9e9018bf787
4cf8f67c-a7f3-44e1-9617-7d4f79579b54,745dbace-b8ae-4195-bd1c-5fd67ca4ec0b
7855c179-a8d8-452e-8462-ea79c2019a11,221d3668-9572-49c5-9013-08111faef34f
3cfc17ee-e760-42ba-8ddc-fe694f93dbc7,eb18ea37-7b0c-4ce3-b75f-78a0486b425e
934e427a-4ee2-4ddf-83a4-48569f8b4018,77ade05e-4b44-408b-ba1a-4843f5ec1e39
133ddbac-0117-4b0c-b1ad-c75c0f874f8b,92431742-6144-40d4-9f54-f1e2a5aefbf5
04e4024e-8752-49be-b443-cf5c7417af4d,f0359f62-15b0-4cbe-8da8-9e8e94696669
13c9799a-61ca-4afd-ad6d-f96f8974f6c8,42e3d30c-4264-44ec-901a-16496bc258e5
78699f76-f681-4e45-80a0-15652bd1850f,06292b70-bf66-43d2-b476-8287712af976
3d36bde5-1564-4d00-bb46-2598f1f039c4,298a3e99-f131-46ea-99c5-fbd40dae6bea
6fc09c10-7ac8-4c78-afb5-c63ea183c495,5284d377-1000-4484-ab6a-b921c0231213
d16607c4-474a-4fae-996f-b6b85ad1e0dd,75c56ef9-1774-4f0e-8ddb-2a1000f32658
7e17e7ed-fb7a-4df6-a8ee-1c83eecaed5f,01311815-8748-4841-aa36-91e77af714b0
92f7a64e-883a-4757-9a21-dbd78d77bd6b,6b4668eb-2ce6-4a10-a763-98174e15003d
94636dd7-60fb-4896-9f7a-f38e390ae650,def367d1-dd16-4ef9-ae4b-2bca3e81cef6
3d4edd32-1743-4ac3-a8ec-c7c87a7802fc,42a99486-7129-45ef-b863-83dca347dbbb
78d212a1-170e-4b01-a2d5-b03dc95883c3,63955851-ea38-44e2-97ec-6f801f03ed37
2ade2b87-45ae-4784-9c86-799691bad95b,1da09372-8e4a-49b7-9bd1-fd88e1659eec
93c07d21-1607-4d06-8473-20674c984975,0a20fe49-6662-4ce3-9685-c7744aa00342
ba11bf12-169e-471c-b74f-189af500a7d8,b3984206-ae6a-4d20-a193-aa9469dd55ee
3cc29345-85e5-44c8-80b5-900ec0a6c767,c1d351ba-3905-4611-b0e2-4628e63f5779
789ad1c9-cd61-4888-a17f-35c36495629b,68d529d6-2266-4718-9ee2-0a3c5447b43b
c7dc2df0-c47f-49c7-a62c-90cd1e7cec60,dd49a6f2-1913-4e31-83c3-7435845b71d4
fba2449e-70d2-41c8-80cf-2de288cac56d,3b5fa3a9-2fd2-426c-af1b-c50983dfa254
3d00df70-23d3-46b7-bb61-ab0044f39b5f,e2e65730-8348-4941-b9fd-f354028770e1
ba2734f6-05b0-4f12-a676-1d663acd0979,198c4583-7c57-41b4-b9d6-8ab90333e1c2
78a6f5dc-85b5-46a9-9092-3409465e209a,02db1c5a-85b7-4814-9290-17fe2b54588b
fbacd50a-30fd-4729-b04c-1f4444622ba1,d56ba276-fb0d-457b-878e-ad0cb208c902
3d853f7d-a68b-414e-aaa3-c00b3a5c4ece,6427ea9b-a1c9-4a10-918d-4bd24e61fdbf
aa71b108-9e80-4dc4-8793-2bb95ef50c7f,e92e7506-145c-42bf-8ae8-27ee3a45f6f7
95ce53c5-e77b-45c4-9970-42e3435564d9,f40b4c20-4b5d-44ef-9f34-3da1063106c7
948dc450-273c-43c9-87e4-8ddd1c753214,f7243633-fd1b-4b51-8647-deaabf9bfdf0
ce789c2d-2709-4ec9-b68f-172c9c288af5,cf3888af-42df-4571-9451-e425f5945bf6
e2d0d120-c08a-42b9-952f-fbcb0176509d,31e805e7-14b4-4f13-ab29-0ad56390e178
3e0afd96-bd82-4a9a-8646-895e33cb2b70,d6957ad0-77eb-4501-a0ab-7f357a91a139
94fd6c46-8cef-409f-9188-626abe53f241,239bbd62-9e0b-44ed-8ca6-25dac08a1d8f
c7f4c303-3d27-4075-bbd5-39ca17f6771f,afefeae8-925a-4421-bb2e-0fe157b584ba
d1ef4059-65c6-42db-bb5c-67af267451f5,30dc48a0-837e-460b-8166-2097a778f927
94fe6bc9-c9a4-46c2-a1a7-b6335cebb38a,5ed58879-bbd3-4ad6-9680-3f280470861c
f7ef66e2-b376-468e-8501-2551fc4a0e89,5c70368c-e0a6-4393-888c-0e0465ca81dc
950237f0-7532-424d-b7cc-d8b661464d82,bc64137f-45b8-452a-85d3-2fabfd402367
1514373c-2b13-4ef3-bb6f-884f440423f3,b85410be-bf9b-4e8c-b4c5-06dd33eb7137
78f5ba13-7d86-42cd-807a-3b5e6f2ac6e9,38f26d4e-1a4e-44ed-8bd9-e1f2068a7b24
d2022c1b-27db-413d-8a0d-fc6ef18bcf01,0a486589-8673-4e57-8ed8-0f67058a789c
d207402b-792d-40d5-80fa-8476c8719045,f7408522-1945-4f6a-b6d5-459d7ca821f2
91a06884-c55f-40dd-94de-9f34a96179f8,cfb0a43e-283f-4f85-a51c-f4983e591c64
14c9679a-07d1-43cd-bf74-d360157318e2,5b5a0d89-09d1-4640-a17f-b7c4b11b067e
3b15b961-2793-4024-a1c2-fb4c794808f5,65c97808-2f6e-45e8-94c0-1173bfad9244
958ecc5b-1035-4950-94d6-f079596aedd6,fd508348-f51f-4980-a72b-2c692fc04836
14f8cb1c-771d-449f-9741-4b168f36c0cd,b8a136dc-7158-4cbe-a4f0-66cb0cfdc19c
47507dfc-60d5-4179-9fc9-5fcf889e6260,c46253cf-178c-4447-bfd3-57f54b0b3acc
d255a1f7-6f0e-4c8c-b128-6c56f88d112b,ccd1ef7d-c5b6-4848-8657-9f59f54c4a93
919a69c7-8b94-4481-8d4b-f30a0039dc08,b38ac11d-417e-4492-9348-9f160f1b3b30
d263d42c-2376-4503-ba9a-f7f7d80e9624,135284c1-5d08-43a9-b0ff-0b6a705d937d
284338d1-7467-42bf-9893-31a4f4148ede,c855993a-2400-4825-a282-6e0ab3081aa9
3dd92077-ab8d-4b29-a16e-d63a5c8181e1,a5c93be3-acab-44da-a269-3b213aa23e7a
d274b9d3-9212-44b1-8539-67eef4410a3b,3770cb63-6dbf-4bc2-ae43-614cedd2bb53
3de3b990-057a-477b-b02f-619189854981,e06d8576-8a89-4fb0-b215-686a17416a9f
df0c4281-dd2e-47af-acd0-1a7fd37f8a5a,68bb176e-f2bb-45ae-b5e3-b9d077a6538f
e36df7b2-b882-41bc-8821-8993fc59c9dc,2e7021c4-83e5-4083-93cf-c2c72d7063b6
7958ac0a-bc3e-469d-ab2e-2be0970a3d64,c044849d-e0e3-4452-9949-12ec0f810ab0
a9e8a745-1ea0-4310-9b23-7abf975af84b,4e05c4ac-72a7-4673-b273-0e1699ddf102
d2aa2eeb-3d4c-49e2-9c5c-78bc2a2d5940,4f5088b9-08e8-4155-a711-cbaf1e3751e4
7aa50cff-7cad-4788-83d6-52f27b0061b4,595a1c05-b186-485a-899e-540889eadc60
961bcf35-eabf-4483-bd0e-f6e0023d741c,729d8fd1-809e-4831-b7b6-c30a8aed2e44
afa4eb1d-975a-4622-ad19-c6657a3a3ad8,0753c138-e761-4aef-8a30-4d962512ecdd
8b110484-f2ca-4a52-a4ec-40a37f2b8cf3,92cbea03-c830-4881-931c-f81404476edc
15e975f4-4b26-4d0b-9376-619517227799,48b8f995-3b26-46b7-8641-e49a30319900
3e00f879-295c-4cb1-97bd-4bcfd4511d62,87f97aff-72d0-4fa8-8fa4-2d7189191561
d2cfb06b-a7d9-4ba4-a322-7a654f996a02,b03799db-bd57-4500-afe0-2456135acf70
334a4416-d0ba-4f9b-b165-14ed3532f2c5,ae533f44-ce1b-4725-a05b-95a9a1cad999
68a6854b-24dc-4f27-b8e6-4343b6448a54,78c41e41-9ca2-49ac-ba9e-0c06ab174628
96813c1d-8735-4f65-80f4-b02a9eff39ac,928fd772-d41c-4224-9e53-19cf27d0e92f
96935d18-be2e-491f-99e1-eaff476447af,31a6dffa-5874-4c48-9da1-8fbb13b2cc2f
e85ce9ef-dc5c-494d-ab35-609861503ca2,1d805e18-cf19-49df-850c-761e1f64a000
baa89ade-3e07-40c1-b993-a2c0a46994d5,70ae3b96-0d68-49a7-834f-49c35255d443
d43208d1-9a16-400f-a00e-c97b4740bf97,e547d2d0-6da3-4d56-ae7d-e5aa3243bac7
1668c0bc-5e78-423c-b6d8-def80e3d8c12,a8994d47-d383-40d5-b030-ee0519746181
1669a1d9-1e73-4296-9db7-8c6aed2523b1,691d499c-8f7b-43d0-bda8-ed7e349be497
96ee7dcb-4b17-452a-8971-285851d2db51,9acb929d-d237-40dd-bd5c-2616d17a6b70
06a622ba-4c08-4d53-9e84-9b16d9df5b21,7d6e4686-f405-47a3-8ad6-7f340f11ab6a
7254eb3b-6e86-41f1-9afc-638b59d910e2,9c437450-46f1-42e4-b76c-6238cfa0f076
79b5a10f-003c-4f07-85bd-fb6a1cb51edb,55085c76-0999-4841-8868-a8a7854834d4
9730ac45-6bf7-45a6-9766-2e647a66a94f,39d7c570-95b4-4bb4-a284-f5d7a2fb332d
79bdd5e7-a53f-40fa-bfd8-471e2b7fe995,37553251-64c1-49a4-ad24-2c857cf490d0
d332ef04-a64e-4c07-bf35-b195bbf274cd,1c50fc34-4b1f-49a7-ac5a-95810faabae2
168ba2d4-f16b-4463-82a7-133cf8a8ba3b,addd3077-a11b-4abf-a511-a0c17f4c6356
4b03a26d-a082-4109-8f90-e94ff0996d31,1f82fba4-d2fc-476b-a714-597c18c84d8f
d365f5ac-d190-4180-a481-956a43354d28,411dfdff-2963-4372-adc0-613f8ad6d40d
da7e3b3d-f737-48e0-beb8-d8ad459c34b4,312a5c9b-8d47-48c5-9342-4df08ea9f347
79db63f9-462a-4e86-b4b7-363cf5bb9068,850d6098-ab21-4c32-ad56-8e7d80b11b8e
d3824f8d-1d9b-4d7f-921a-2006a36ecf96,d760b421-392d-417a-b9e1-713abd757ace
d38fa91f-9b79-47d7-8584-d673af7afb67,643a0187-be10-4c48-be10-1c1f6ddc3612
79f4706b-e027-4a4a-9658-62c4a847b44b,83683581-8a96-4887-be26-3f87d145671c
174c03bb-d524-48b2-8edf-37fba72b21fc,ea1bb22a-6a80-4f65-9359-e6c93c953763
c4b2d220-19b3-4dc1-afdb-3ddafd770771,6225d97b-a307-44c3-875c-1c51ea3484fb
1773f440-d53c-4261-877a-7419fb69e5c8,df7249c9-f77c-4d8f-81a6-da0aa5fe03ad
d3d6f882-239a-49bf-9d3e-cae1fba85ca5,1f483486-631e-46de-8fc4-c1fe0f67e84a
e3a241ea-91de-413c-ae96-eaa72b313e6e,3f75bb26-1a3d-4eed-9e8a-d3a6ded44256
398250c4-abc2-4d91-a576-3202b8d93a38,14df466c-e44e-4ec1-bfde-f827699eda6c
fcfb1647-3c75-4706-9746-0760bf1c64d1,05614855-846c-4f13-ad6a-fd7dbdd8356d
c64c3067-cb1e-4de4-bf03-e16e1d8a2ea2,1ebab76c-9e6d-47ce-bfd7-08eb60ce3ba4
fcfdc0ed-55be-4234-ae8f-f990f324f5f1,c95b0655-37f8-4411-813d-9230c626bfb9
f59e71c4-a17b-42e1-beb9-4f87c6923192,bbdb912e-2c24-4654-ae5e-19afb7aa33bc
8419a2a4-a13d-4ff9-b1df-d891c33efa75,d49eb7b7-fd82-4a0d-b2e5-b597d65cb1d2
980db0d6-f061-4740-8cda-3d161aeb1325,56669ab5-4eb1-4ca8-8df9-33ed1cecf7f2
17a4e569-189b-4cbe-b0b3-51c5ee37fc28,3d01548b-75a3-40c4-b2f4-dc7f52a820b6
d3edb83c-8f58-4b16-99e9-e6465bebca1a,df7249c9-f77c-4d8f-81a6-da0aa5fe03ad
d3f2c5ca-e704-4259-97ad-e83743847876,31615e4b-4e4a-40ba-9f1a-7610e14c38f7
e60880a1-a8fc-4137-8ac7-c77da3c148be,1f859db8-6582-44f0-ade4-7de772d63acc
c444f1fd-e1a3-4a5d-a600-3e7efbfc3edd,507f153c-3130-458c-8d91-20b5caae0e37
6fb9a179-c01f-4365-b0a4-8077aa5a855a,30a8f486-9f8e-4f81-821c-ae400270e50b
6f79bd30-10dc-4ce6-80f7-32959605436b,44a1e13f-836c-4485-8339-292386afb1e8
a2358154-bba0-47e8-9236-0903c2f7665b,b9dbc597-3e54-4f19-859a-95248582b712
9852fa83-a9f1-4e37-a770-aad0362a59cd,d5c236c6-736c-4272-8804-9df55af97deb
d3fed49b-5749-411c-babc-e3b2c82c53e9,c14b3c1f-30cd-4a11-ab5e-93c6111fc066
ea5dee13-0347-42d0-a28e-781fcfd5d9c1,180f354c-79dd-4fb3-85c9-054df9b6c8af
9854bab8-9ba5-4bda-999d-cae2ea9054f5,d99b2ed2-f3d2-4e35-806c-728d60eb7ebc
d40bf3fb-bcbb-42f3-aab8-dfc842cdfae6,c0ddef27-0cdf-4451-8d34-9bb74856a235
987495ad-2d44-4ece-bc7c-451f39053d0d,37553251-64c1-49a4-ad24-2c857cf490d0
17e6a703-ac2e-4316-9ca0-8c6622345342,ce065ce8-5294-4b4b-b179-c2d8e6e7cdb9
74467f06-0e0a-4c9b-b096-39b830939c19,75550c9a-9432-4609-a083-cb21d92f98bc
9898c60f-9603-47b1-a629-f90b639aff8c,2aa2a048-5979-4252-967a-27a1303baed4
c39c4caa-5cba-414d-b51d-1f28a0b9ce63,f4d235ce-dba5-4cb2-949a-a2abab527038
8d5b54e7-30b4-4f3b-97cc-630d2302eff7,6d5673ef-f28c-4011-b899-55463d9762d4
18120740-059a-42d6-8aa9-c450dc6f6153,a77f870c-e4c3-49aa-9343-4606500c9075
f39353b9-2e44-4abe-ad31-8502f80db0fe,c98bdd53-96cb-4b8e-ae55-36093f959035
d47b10bc-ad7e-4a4f-b886-54632df0dc8b,252247ce-cfc9-4b29-9d6e-64c4f34b5817
d48872c1-21da-49e3-8af8-503fd30b5134,a95304ea-2457-4766-b4aa-6ea8b4480f1b
a6e16854-ac80-401c-9642-667660c42bd3,ce2c96bf-c161-4cfc-ad52-1813dd002c45
deaf90c6-04ac-4d47-a6c6-b380f87f246c,fc17a209-49c8-4b37-a486-2b0d9f2af00c
f6725101-5fd4-40b9-aa83-3c6c5ce0eaa3,3905b2a6-b9d6-4e32-a1de-63c2a75e0e76
184ec92c-d5e3-42fa-95c8-6c8f2ff39e81,675b0053-5ce9-4045-9d53-22a1f989954d
7698e6fb-18c7-466e-a973-a8b6474b2d04,8ac051bb-0cac-40c5-a966-2977e9ca1b05
185d31cb-86a6-4f38-bf06-3c5b968f5349,fb3bac45-d547-4f2f-9544-edb2e94e3579
7a5ad103-932a-458d-bc80-55ccd2afcd28,fe7f5412-6ae6-405a-8e59-e3ee35e24896
d4ad25b7-6f01-4ff9-bf8e-d97d88e54a54,066dbf13-24aa-40c6-91d8-17645c71ef57
993077b8-9b54-4834-92fb-acd65173b7b8,becc7c3f-c6f6-4025-8b9d-b488e971e6fb
c5adb5b0-f634-4a1c-b759-19b7ab37529c,bfae3a21-2b80-4a57-8ebd-40efd8f85e45
bb71a8f1-3a78-40df-a922-2d3e9b557f11,c4b9ec0e-7d4c-446e-be8e-d6b74a7214fd
18a0ba95-e663-4e75-8b76-c00ba92aa804,b75cd566-cee3-41bb-b8ea-72bc3f0f0334
b060ac18-4165-45d4-97f4-ed41313ff4d1,66e50031-8643-4231-bc38-77ae3cd57be9
d4e6f80a-4b62-42ba-a1fa-d6c35d081fbe,ad1b6bab-1cf9-4485-862f-81d75e036721
051f0d8e-d608-457e-9c25-41aaaa58acc5,19aee728-834f-4709-8703-a748caf8de08
5f6a4975-c4bd-4c3c-813c-a779d7bf1039,216f59c2-46f6-4586-ae08-4b8a02e4bb66
7cd53327-afaa-4c35-90d2-ea65d173d2f9,ce9b2bf3-fcea-4545-a42b-20779905a26d
d4f0ceb2-2dd0-462c-b8c0-01b6f86b308b,291fb638-acb8-4e36-b4f8-6c16604363a4
7a1faf59-bebe-4086-a14c-086f11140147,ccf4682f-9521-4653-a365-52148b90a680
d4ff7988-8fa7-4ff4-b350-6ab6cce3eeaf,719b8ea0-8bc7-4bbf-b793-c87aabf829b4
1cdc5ad4-5192-465c-8710-8cd65e5b69c0,bdc70b50-0278-43ed-92d7-4918c4c8eecd
fd65a599-8c2a-4ac3-b9cb-7b123e935697,c8ae5bb9-35f5-42f4-885b-1da18e0f24a5
18b7ae06-8466-43da-bb2c-4245fe86f24f,daffa758-2ed9-4dc6-9826-f7e593de2b24
51dac98c-0311-42ae-aa5b-715ac87e30ae,9808ce5c-2519-432b-90ab-8d0d1c8c0b1a
58155158-32a1-43c2-9eb5-0a47d087dcf0,2b029688-b0de-480b-9ea7-2e5f428a052f
f6692aac-16de-4ffb-a695-5ba1a33e9aec,154cb317-2101-4f8b-96a3-66a0fcceda82
18eec153-a6ad-486c-a68b-23324bcbe4f6,250bfa78-47f7-48d4-a778-3e4de9d2e138
4f82fd8c-5037-4942-81dc-019822cbdfbb,5753f7f5-3811-42d6-ace7-15960e5413c3
8d8d0fee-56e4-4e05-9da4-92e15deec859,f704f143-b053-4656-9a86-f7e993c401dc
d55245b3-0390-4956-9a94-e8aa4f74aa11,e91cb916-d429-4ae4-8f86-e7ba45f95591
d5542e41-7809-4c66-9d43-1d62307c2a20,7188fdac-7506-4924-83a5-4a8497d1b236
b89100f1-71fb-46eb-ab63-ec3364be855a,36667371-5940-4cc7-8043-01ef557ee9c4
6039565d-649e-48ac-a090-53803118e739,87f58ab0-6144-4a6c-81c5-2110e337abdf
9bc5a6a9-51cc-4f06-99be-33122831c3ac,f375c478-7d08-4818-88e6-40cd51a47e3a
d566dddf-51e0-479d-b421-8171508734d2,51f1528a-0ca8-44fd-be3f-104c9ee63f6d
d6a33a99-3695-4b69-bf08-3faa471e3f47,4da75238-510c-46c2-8d0b-a7b69dfb2165
f4abacb3-d38b-4036-bbc7-64e2a8f69313,bc8fd194-0d51-4ceb-8104-34968f20404f
a89b8c0a-2b54-4476-b90e-e83eff9e4415,bed34d69-be67-4269-838b-51c5d88d594b
9bc23ddf-ba74-4c5a-b748-347bc00ee080,6cdf2547-c176-4fb1-a517-f04114a927d7
3f682b25-b253-4c58-9887-fad46c95c624,c39f5323-7df7-43b3-b941-8b43cda3e57c
e6381ae0-7402-46ef-8822-19a65b34fd4f,c77966db-52c4-41eb-8f50-c6dd3a11c72c
19591db0-d164-4d7f-bd21-4c2790816624,a6f1a416-24b2-499d-a15b-e07cc10aa0b5
3f2ffe6e-0c95-41d2-bd95-6bf9a820225c,c577b90b-2719-40c5-873f-7029b8ac7e9d
5ca39250-503b-4bab-a0d4-6186f9dff02d,9e68be0d-f01b-456e-b266-2a58bffa7e88
82782719-ad6d-49e3-b453-4e0c82b57f4a,58ce2b28-2865-4a36-88cf-c9faba8fe589
e11b7a70-a5a5-4f6a-8f1d-42b6c016dbe7,efcb772d-d145-4010-9858-d46c03db2937
197456e1-1f48-42ec-a8ff-1b9dfe2600b5,dafeef78-0675-4dca-8b87-44240cfcacde
99a18a2c-7821-498e-8201-a03bb98a2067,9b6fb138-da8e-4d42-ad06-35f4a1ee1b1c
3f3498bc-dd6e-47e3-9031-3b4ab6abec9b,1e2768be-d16d-40c6-a249-749f275304e3
99aacf34-e3f8-4219-84af-1e56cbb66bb8,e43eeaf4-ace7-46ed-bf22-29f25c46d7ce
3f36c8a7-062d-4cd3-8ec5-b38fbaf3317f,a70ffa76-57d9-4408-91b9-00b1b38f3990
fd97cbba-e308-422f-b897-eec462bad87f,8a916da2-4ba3-4491-938b-5f11f120e998
d5ac97ab-281f-4b0f-aa29-d2c4c90e5c32,7d3de9d9-1a26-4805-be3f-a5e50ddda6e8
82baeac3-3a67-49fc-9f85-11ca9cd754bb,4f174bee-bf3c-4cf4-a7c7-acff07cfb63b
5994424d-b44e-45dd-9039-9607f38f183d,a9104378-9703-47b7-96ce-7e4ba98412d4
d5cb490b-9673-4e86-bf80-746520652bac,020798d5-93db-47bb-8314-2d2190ccd4d2
a0b3c603-8d58-42c3-b304-c5bbc36879f3,bf304f76-db90-4a77-937e-12304b978928
61040271-53d3-4658-86fc-2a0e1a225637,853b3131-9a38-4908-9d3f-c51b5568fc85
d5df781f-a193-459d-a68d-23fa0ff97480,039ec21e-a435-4bc9-8df1-f9d38b077fd7
19c432cb-8e3d-4279-8d6b-cccb1dcae28c,b83098b1-6f8c-47a0-8c60-ce2b549d42b0
d5e377f7-9b60-47d9-b502-29a5960c77a9,e16cd99f-6be3-4dbf-a303-4012091f4cbc
abca077a-6942-43a6-83a4-aa47a8b54a2d,dbe17d07-bfc3-42c6-b3db-d8ca1626d71f
3f5af0de-62b6-4f0b-a5a2-4b009b2baf85,6ef39434-119c-47b8-a83b-6fc258f9bcf3
af0b4484-995c-4595-914c-c04b4e788833,159d32f9-2526-44ce-ad9b-776b98394318
71aaac4f-d490-4e95-8d7c-26620c4379c1,925bc767-d220-43b7-abff-d9c3d6c3ed38
5b03bef8-5d22-4e6e-ae68-677356b249bd,52d1ec63-5b7a-4ac6-99ba-4edc94ca986c
ea8c6457-fc06-4de5-8f9b-262c9fbec002,3049ec57-6fb0-41ff-bdd0-c6f40ae40e93
19d39b2b-5636-4743-b0ea-aad60f05c838,94520a0c-dcc4-4a83-adce-d00271c25862
902056d7-d724-4751-9737-08dc9a0c05cb,72948190-4a1f-4bc1-92fd-8ccce8d815b2
d611426d-9e0a-46f3-b43c-62b0390aca30,c9b84899-c448-4e5b-b0c8-877109054526
900767e1-09b0-429d-934b-913ebb15074c,1ceed7a3-d730-4103-8c43-3b0e0febd7e6
db948998-0eec-43d6-9c8d-6295d72fff99,6b9f6d65-2717-428b-a293-75b0509c3b89
4016bb86-065c-427a-a089-9d59a5118fa9,a83bfa4c-9bb8-490f-a0c3-0b0572fd482b
d6254019-5ad7-4b68-a28c-363e4c10e728,636e2dc8-d936-4c78-a85f-6681955de91e
9a25debe-9435-4279-8aff-e40ff75b437b,896054bd-ef31-459f-9337-b2203628d54e
3f72bc6f-e8e7-456a-9a43-64e036d7569d,6d5a8f34-6eb9-4175-ba1e-d835727462d6
9a261ce1-d5b5-4fb6-88cd-b3a8eee59245,d9da597d-29a8-4515-8005-7fcaea6814a6
9a408c6f-093d-4159-afe6-c7ee2ff4eb54,41173695-197c-48c4-b4a5-395064ab524d
403ba597-b149-459e-93b0-8da096c2c4b5,ba26a0fa-2638-4b31-b8d3-71ba9736e6ad
7ae1b766-244f-4afd-b49d-1af2a8ee6e9c,4ba51c42-2ca0-41a0-b863-49f8de08ece9
7adfde5e-ae02-437f-8bfa-6589f1dbed31,a9823fdd-f95c-4d54-b0b0-e92ae1945f8c
9aa8572a-7953-45d9-be1c-1bb1176e5ca5,e88f1494-9d9e-4459-92b2-6bbe4632e02b
fe37308b-d5e1-4386-82eb-bd6910a68f74,6a7fc7b8-82ea-4a43-b999-b84243e4c93a
9ab94a2d-75e5-40ad-8405-4bad24fec2d7,100e48cc-bf69-4679-8273-e5424e5c46c7
9ac5afe8-65cc-4c6c-9515-1876dce5a618,c62e446f-3965-4f67-8e9f-26d7537f2a84
003c7bdb-af58-4ba9-bde2-c7e2f7207b7d,bea56d75-add2-457d-bff7-5fe44563ddc4
9af61043-f083-4402-975a-d8bdbadceac6,1e5c53dc-2a45-400b-b2dd-7b1e8318c4ea
3fa4df08-96e1-462f-a9a6-e2c65af8771e,53dd6a00-e7eb-4c07-8a0f-17660a13eb25
004caca7-3a2e-41a9-bc74-46c3e119c036,659faa2b-eb01-453d-8a45-6d5e05384213
005096bd-0cf1-433e-ad72-0d5af44577fa,bdc28f2b-8903-4625-ae00-0b8a32940bd3
9b19ace0-6052-4df8-be4b-5fc1381af550,4c268942-8127-49e6-9cef-2e925fa40579
413f22cb-0648-4335-a5e5-855d243a6dfd,76dfd50b-ed1a-4451-b8f3-8d8b34702ba1
417b09c9-8f9d-478b-92a8-1990f536282f,2b73adc4-1672-4694-89f1-c02452dd1593
9b65607a-708e-4a2a-9d99-14a781e32322,0d7d5b0f-5d5a-4920-a776-79dc76e0e319
9b3cdbbe-4004-4f32-a4cf-70d3b9ecee77,52ff3c28-c603-4f6e-a0d5-cb380336f91c
420b82f2-9662-4aed-95aa-10fbbd95553f,68ae105f-1e8f-4324-89a0-52c5d38f84c0
9b89ed73-f0c0-4975-86ef-04f0567e4630,49341f3c-24a7-4da9-a082-4d1bf51b64b5
3fb42930-36cf-4866-8e0a-6a882b23ded3,78db51de-8d90-49b9-a505-7559561e3ff5
4b2f49de-bb30-46be-a572-4bd368882873,52755125-729a-4e84-bbba-800cd28957ad
db7db565-591b-472d-9e79-685e5bf72188,205b28ce-3599-4822-b21c-0bf619d4e3d8
423673a4-adda-4e93-9e14-8168553e44f0,446ec04a-cf2a-4700-9c73-d5345bd64d6a
9ca57487-69fb-4d2e-b057-2d2ec7289a21,04678c0f-d69c-4c6f-be14-763bfd3216ee
425541bf-8d1a-4060-887f-29b53a56401d,7d5de736-e4c0-4c16-8252-79913a576293
430291a8-4298-4ba3-8d3f-0c04df4ce3d8,279e3ff3-8e5b-4255-8313-f2af8a483f09
43c7e7ef-1e40-48ad-94f6-ffff57eb0f41,09643b5f-769d-42a1-9805-0507b740a7c8
0087ce22-7e37-4edc-8cd6-cb3b8d818890,08042063-a922-417b-b3b4-17303c513589
9c23226a-1de5-4302-ad62-7305ef742cd9,23a20026-ac8e-4b9c-8182-0ceba1110f18
42c89374-a2fb-4fb2-9341-8752cc593608,f105ba92-a4ce-4477-834f-c24269f1c943
7b4efa5b-7786-4615-b2d8-5a2782d63b58,3ef45a17-3f70-4f28-93c9-28eea8f8a11c
bc372136-8b38-4c9c-a72c-4510a219e5bd,08d3be17-9910-44d6-8e51-6cc6584dc802
d6831163-206b-4ab8-b188-163fd9215387,9a07922f-572f-49de-af87-1c06a581f8db
86525e23-d34f-4d9e-bef0-b98ede91821d,1ad49de9-e530-453b-a8c9-3e17ed4a1475
4368ca1f-368e-4674-b943-5196d97cb823,c067824c-260c-4ebc-8cf7-44ab5d38b9a3
fe5c1ce1-9c02-43fa-b495-e5692cfea3b8,5880c208-254f-4dbd-878b-599f994e5caa
3fd8dbc1-b015-43ee-97ff-e5ae617f1203,65061547-3abe-4419-99ed-63386d99e96f
9cb2b9d1-e534-48fa-bf14-8a06b56f4973,e00cd695-80be-4423-9d9e-f9849aa9287c
00b34466-aa4b-4acf-8f46-3366f2a78e6e,ee842741-a82a-4c0c-99fd-9946c2fac655
7b80d68c-45c1-41ce-90bd-81820b94b127,5a8db4f1-58de-49b0-b1d0-eab30400499f
d6a3e6a1-f844-4524-addd-5adb8b147914,cad92167-1eb5-48b6-b12a-26a5a38715b7
fe89c5ea-8920-4113-b235-bfca1b1a3619,db6b2083-7e51-469e-923f-a255054750d0
fe77dc33-e209-4fa2-84d4-c35c6191910b,80abd41a-92a7-4ad8-928a-f2a588f24615
00f3509c-b172-452c-ad01-d3ec44700e4e,5d4f6e20-4f0b-4444-9031-68d7dd3c8848
9cd3da0f-7385-414a-afdb-74b14d3f4160,b26f0a14-6b0a-440f-a992-84e08945a1a9
9ce7f53d-c986-47ba-853a-72946f058e58,3d8ba68f-d7ef-4309-a067-66aff077d61f
7bace663-a616-4fc9-905a-1450d9e31de8,a3717b28-7371-4582-be0c-1940ece5b05f
00fa277d-07f9-48df-adb8-b24d4cd09e36,271e90f8-12ff-4d9c-92a7-b1e404e2a8d7
40251a8b-a2b8-4a6d-8da8-baefcef09808,85200321-f998-4816-bb10-c0ccfc82dc92
00ff61c1-3b95-44ac-952d-fad50246809e,527024bc-4c61-4ae0-8713-b12b7537941d
01000e2c-f7b6-46a9-9171-6079de3e62bf,21a225e4-9347-4424-b1a7-c327ff570248
feaf8f5c-1de4-4138-9932-5433df9ed37e,79cdfc4a-b2ca-43a2-b42c-82a090e1415c
40530ff1-9a77-4a45-8afe-dfbcf1efd271,8ba49bdb-34d6-4ae6-872d-f4a9322fce74
01087226-db90-4607-a3ea-8c025432f91a,fc913436-754f-4d36-83f8-edcf1648adac
9d45d2e9-3a60-4fc7-abea-758212917f3f,0f4cd8c3-0032-4997-9e4a-db8847f3e253
7bdae141-d58c-489c-8ace-ee157a95a180,e03a7a9f-9c02-411c-aec1-c23325c9965d
9d615460-b980-44cb-aba3-fce154a4f463,680240b1-6fe3-46b3-858f-b43bbc7067e8
404d9b63-b8f7-4fcf-b67e-5cab5dc447f2,396876a7-3d1e-4229-af9f-6242df0d9577
9d8815f4-0a53-4647-b00a-4ef8acf6275e,e39ead77-46cd-4fe7-9b14-015178b320ad
7c1bf664-e930-40cf-acf7-556b35aadb9d,acabed1c-16e2-4cd3-8365-45415cc42c07
014798a0-d077-4bc8-90f4-f3d5e5640ba4,17fb7148-8403-4bb8-aa96-c2a75559578d
014f46a6-621e-4d76-aa72-10a74c3666a7,aa32859d-debf-4c83-bca3-d533878cab17
d782cedc-ee02-4a9f-8174-ad7fc7f7d5e6,637b627c-749b-48b9-bab7-8a8f4718945d
7c241ba7-f271-4939-82dd-b011115e892c,8a012034-cb64-424f-ae69-8bf32426447d
408cc2e2-49ba-453c-a44e-c61b92464494,fc63dacf-1fc8-4b75-8677-014601c8d5ef
d724bdd3-7e34-49ef-83f8-bf82643730fa,20168a7a-a7cf-46c3-a7cc-027636539a03
ff077e18-1bee-492b-b9ba-515e9bd8483d,dbd02e81-f039-43d3-a3cd-e0afdd880e41
9df63e18-48b7-45ec-8168-2971bea31d80,93985804-cb6d-42e9-ab36-5168dd2bfbc0
0172226a-7bab-4875-8e60-ba2cd83f29ee,92bea749-7cc7-401e-9a90-21791b52e815
44a29b7a-8529-490c-bb24-cacd8541d3b9,75c56ef9-1774-4f0e-8ddb-2a1000f32658
ff2e33fe-b4bd-49c8-9d1f-17020b239076,bedf8472-617a-4ffb-b153-a332faaeccc8
bcd0969b-fc21-42e7-916c-9cd203a00bbd,bd105a26-e7d1-4ad4-a86d-fc993cdaa313
9e1b491a-6044-48bc-8663-4a0361860663,11a5a89b-3f7d-45e6-807f-d2a01e6b61ca
ff342d98-d18d-41cd-b1d7-cd6a2f20ecab,a25f3f74-f393-4742-b18f-1d8b7f314e19
ff9bef27-0f60-43c3-9453-b252a7429928,08758533-cbc1-4ab6-a51b-16a63f666d8f
9eaa3f7e-da9b-4c70-9a77-4537ab281008,8730609e-879b-4a5d-881e-8a23f99608ac
d73affef-0f81-45ee-b0d0-74bf76b3afc8,b80370d0-6f62-4665-a8a8-57275e498f9c
01cc5bee-bc6f-4b5f-aa72-43a71a17b3ca,1933b7d5-10ee-4bf9-b551-d2eaa86d6019
9e6041f6-87c5-442b-9d69-b78af6bc1a64,7188fdac-7506-4924-83a5-4a8497d1b236
9e7cfbea-363d-4f1d-a17e-08bd4c1da901,97a048a8-5b7d-4240-bbcc-9902292f8645
ff7cdf49-f740-4e2d-9b8b-c3b5f43bb7a8,0a010b1d-dd40-4f4c-ab8e-d098da851959
01dd5d3f-f9e4-4c56-a7c5-3a92b0431665,f37c0e8b-b9d7-4f74-8a3b-2d18c97aa835
40940657-dd26-4d91-9765-d03131512d95,c8c2364e-5beb-433a-8359-b3f189cf27cf
40a5a8c7-e496-41e0-af98-196d74eedc99,205a2aff-bec4-4dc6-9937-8a3f6eec6516
40b00550-9b3c-4ebc-aa49-38bd47ccfcee,04b0b9ba-886c-4f0c-bdec-76a52a34b3d9
d7887f5d-8316-4e4f-a4b8-5f69a9acf86b,eebefc50-f859-4191-9fd0-b7f51a038bd2
45373ad7-c54c-45e7-b2bf-c253993c7aca,6819577a-fb95-4953-9f2e-194026c586cc
40e26086-3f6b-4732-bea9-bcb21f8040a1,d19dc3b4-7239-4d01-81d0-db45cac9b59f
9ee3dd65-4f83-48e2-9812-75c8d93289fa,72557266-fe84-487a-8467-99d5a7b6c2b9
02369499-8b42-48b2-8ed6-6b1c3aac569c,2c544518-4ce0-4e92-ae5d-2ce754d3171b
7c93150c-8c6c-4537-9140-ab376faf463e,4cc48155-e69f-4303-98bc-6847c289286a
9f0b3ad7-ec9b-40db-8b8c-de5baba04d64,ada1556d-f201-4a9d-b9c5-072782189cec
ffdf1257-5cfc-4e5e-ae37-f2eb7b9838db,fae650f3-059c-482d-b30a-fae934c9d575
45a6b6f9-48f4-4475-857a-407a8efc3241,084f7ab1-880a-4140-93a5-5a5a25e734de
d7c95849-7611-414a-becd-1f0278adb0e8,92797e43-d49d-4b84-bece-d1462ef7c918
9f9c6412-2f14-4948-9116-93fda04cab0e,e2a351be-d620-4725-a6c9-6e2207fafe11
d7f662c3-f628-43ed-bf06-6dcff867c007,a9236159-d1d7-406f-a08f-e4caf39c9bfd
ffeed3e0-93c9-4288-adb7-55c7809d0909,d4bf4d47-2970-4fe8-a4a5-bab589c84b93
7cb24965-585b-4b0c-bd9d-638d044a0394,6298e7fc-f624-483a-965d-1742f8f26f8e
9f6268a9-19dc-42ab-ad23-e6944daf067e,9e762df3-03db-4aac-96a9-6c5c421db495
fff65220-172d-470a-ba0a-9332d9e0e63b,7cd282ea-d5a0-4139-80f7-314cffe3bf06
9f6c7cb6-bd98-43b8-9ffe-4fce817a32e4,444aba5c-e0ea-4a5a-b70f-0c0b7db80815
02a497ba-200b-431a-a92f-ea1f9e84ed05,9bf31f96-b544-416f-8a71-e24797e6b59a
4695662a-9f4a-4f17-b0bd-f35b16c256da,c48650d1-18d3-46c1-8a88-361ea9b87ea1
7d254cd1-bf2b-4dd0-a3e8-a9dd79984467,a651f42a-e622-4f71-94bc-6a90a02aeae7
41300f48-5e08-4a60-ae20-80457569c731,e5677d92-1878-4e12-b71e-57151fecd979
d843f00d-19c9-450c-9833-a826836846f7,b6ba0f30-b055-4553-b69a-19b3b4f0b137
02ef3a74-c1eb-4412-ab1b-dca85b1261f8,5aff3162-2cc7-42da-b228-65ce9d4f0e9f
0300adb4-a027-4c9d-9228-b8eb5b4945d2,c2b9a380-9219-4a51-b374-25ae7fb48dad
0305c903-e42c-4b75-964a-d31e45284fa8,857ddaee-1207-4208-8889-81f729bc7986
9fd1866e-868e-4c31-a51f-344878e8b187,9944cc36-f0d7-4cc0-a794-2c0ee11eaf79
4664df04-ee64-40cf-b308-f867cd833462,67582788-68c0-413b-ab6c-9ed52012c5b2
d87a7ef2-886d-4c6d-85bf-8e5fe7b0ca1f,99822fd7-201f-4c65-ae25-a46d911c2f31
032b66a8-1ce0-49a4-8ddd-0d62cf9b52ac,00b0610a-a7e9-4818-99ed-8538ad6315a6
0353f3ef-1508-4523-86fd-f56c377ff8ba,6c8f9f3b-1f35-4b10-a04f-14fbe9caa293
03315d46-2037-4c97-900f-a0e36025489b,0f475d11-85c3-4943-9ad7-a801c9ae5d8a
d893a5fa-5445-4dd5-a8c9-184558ef9095,0be817aa-a13a-40c7-a447-57ecf59f36b3
7d2ec6e7-7e33-4a59-a8be-4af79d0942e9,e16a021c-046f-4a03-b05c-ad7c4d697fa7
080518ed-d9fe-4082-b05f-0342973607aa,3c6c2b22-a9f9-4bc8-9113-60a507f75b41
be569e86-9f84-4ab8-af1b-1be41ed83c5f,8ac051bb-0cac-40c5-a966-2977e9ca1b05
be5943c2-73f2-4912-9e68-1f1009282b63,55c462d7-ef59-4c84-bd4f-df3cf9c63d6a
416d0fc1-8fb6-47d2-bd57-1b117733d763,07127286-08a6-450b-8709-81695254ee9a
008e3f27-39b5-4e20-9762-d39a9aafb73c,51d2aacd-6173-4c46-aa43-4a9cc2fc1595
41729c2c-43cc-4e6d-8a74-f9f4a8f01b97,75def7ff-4b41-4941-ad70-b50fe41fc129
4176f40e-57e1-44b4-8755-74bcf7171af4,5c8c3b1b-3352-4b17-a5f6-a8190ec7ba41
428795ea-5be0-4107-a80a-dc0ea9c606ae,2b80e6ed-8b61-4962-a1fb-44953695b639
41ea2589-0d0b-4503-ba63-9c29fbd4e26c,8bec581e-75ab-4377-8307-95a7ffd8376f
01826497-48f5-4ecc-a746-644d40571fa4,233a5bfd-e1e2-4e8e-8363-cd30488a287a
014a5923-e93c-4fec-ae0a-868c96069b55,8b5b03db-0dce-4694-939d-1cf39908f226
428d8c4a-edea-471e-a734-c349f8c602c9,933eb105-4c8b-4f45-b7ef-7ec643e19cf9
016447c7-c3aa-4ed6-a8b8-b262675fa1ae,4caaa4be-a960-4964-a59a-0833e37f0600
424f2160-d3eb-4f84-ac6d-f44042b73dd7,f8b243d4-d1d4-4423-802c-b7e9bdacf64d
4245ca5c-5e3c-4d32-92be-51ce5de714a8,d1fc368a-31f3-4967-8d67-ac10fa0b4c3d
424dbd93-e34e-4833-8b86-3bd2c33ebcd3,f0ecb5b4-afe9-4fa9-aae9-55d2b7bdbd93
022122dd-be2a-4d8b-ad94-66d97cfebf39,8912c74e-f5d9-47b8-a120-8f655c01ddad
5b976cdc-ee6c-482c-be23-e2f4fcfc0378,7f51c3f9-a0f1-4c63-ae6b-db713b3b73db
0213b309-f983-4417-abd6-0081dd4e3210,bbf0fc62-5e67-43fe-8eac-b47749c7db4d
43499772-2dd7-43cb-8ce5-3245b0931b9c,dca09db6-c8cb-4370-bf67-a497cceeccfc
025c2901-c1b3-4d44-a34e-c8dbabb10cb0,0865e744-e6d3-4185-8c79-6a2cb65adeb0
42d779c8-c422-4631-a663-1e7e7bb1fe14,2d103635-bc8c-4f2a-aa7d-c7d7029de810
03184779-09d4-4a19-bab5-597f4d850dda,32097d03-800d-41e5-a9ee-e3dd0654b1a0
037764f1-eabc-41c6-9fc3-e741ff0262d4,ce9b2bf3-fcea-4545-a42b-20779905a26d
02f0f5ae-ff2d-4630-9d36-645e87a136a3,3db5cbaf-13e5-4ab3-86b7-8944973f6c2c
4392bb11-866f-4a68-8870-6e8643705453,e7247ba9-89ab-425e-9e8e-8855e270a10b
0399b800-0dcb-4e9f-b84c-de2dec1d94c9,23bfb03e-1563-4517-b1b1-504bbc92d542
4381671f-9cd9-4e1e-8e85-4299828b9c4c,fb10be73-6660-4b4f-8064-619b9df96448
05705601-30dc-4c28-9f91-0c9d51351b7a,6a2dc0fc-3f09-4794-9122-7297c135c20d
43bc527f-be22-4b7b-acd9-e9910f9e7547,556a1dbd-d290-4399-8c8a-3c83bfadfbeb
03e2621a-4157-40bc-b63b-ad671fa18106,e66aa516-51bd-43c1-b62d-3844148f23ca
43d48ab0-d134-42d0-a515-9006d525831d,525b32e0-0fd6-4ce8-b33f-34fe40c5f0c3
040b2ee9-73dd-4b7d-890a-8d1d9c259247,e5190331-b617-404b-92a6-ea74c9e6e6d2
07193cb0-18ea-4850-9d59-f42ea779cb61,19361b9f-0ca5-42dd-9129-f6add928ad36
440ae32e-784e-43ec-8c7b-374163ea60ca,625f4673-7b5c-4f2b-ba30-285cef944422
0510fa2f-9c70-4f6f-96ac-66fffa8b9940,1058c14f-d187-4ec9-a335-22cd2287bd6d
04d305f9-a218-4b79-964f-3b2fe0bb4088,c9a62360-b8a4-4aa8-895f-7f27960fcee1
441138f6-37e5-445c-86ed-50934e3f8045,70ee6b8d-2110-435a-9277-378961f66952
45167336-2347-41c8-b8a4-68201014490b,835bdce4-a596-47cd-9785-48cf804c736d
447ccb29-6945-4ff3-ae89-e8ca92a989b2,afefeae8-925a-4421-bb2e-0fe157b584ba
449dfa4b-fb6d-4e4f-84ad-1f084f11a774,8ee978a5-ccf1-4314-9218-1818c76fb3a5
450d71f2-10c2-47dd-950a-25326526cb46,2b4c9a9d-a9f9-4911-a838-af66640393fc
451a154b-a31d-42b1-8c83-290b30588c0a,53b97a08-a6ec-4409-bbd6-d21c517c7dec
4616718a-b384-4bc1-a2bb-02b2e54a378a,eb81d33e-7d08-4d01-b69d-b6d36b942c83
07688592-2b37-40a2-9d30-150e1a117a7a,c0c5a8dd-8168-4441-8874-3168d00c1856
076b0453-91a1-4370-9b9a-3ca683262de1,e6de5cf2-d84e-4862-9a06-a86a99fda6eb
07d0a1b7-5094-403e-8eb7-051e95cce844,0248f39a-2d20-4258-a686-3b8f8b4664b5
45c5c526-e5ac-40fd-b518-e329e3a747e3,7774f54b-ec64-46ec-83fc-0f9e943346a1
07ee4630-cb42-4f55-9d72-3db33e1f543e,a63cb039-af0d-4a88-9aa4-2646fbb7cf3d
081e64ad-3841-407c-9298-0c934ac7241f,32e95ea9-0a12-4b31-b530-5776bdfd73f7
0a72e6a7-3cf7-4710-9e72-dd3db73b1829,281c6afa-8e86-4761-9226-bf2c3d54f742
4659cdf9-fea7-43ed-afae-a4de68f9e81e,2085bf02-6699-4303-89b8-eea5c018de66
09435dc3-0921-4ceb-af9e-8d59a8a1f289,0a01cbbd-67ca-44cb-8aca-dd5841772923
09fd171d-dedf-46a5-b60a-3b9aa8f62c22,01b04ced-64a3-4958-8ba6-d40a58fd8cad
09fb5849-c027-4bd0-bf59-4a4f18fadbf9,847ca907-00cf-4832-b7a2-af37a165712c
47086c04-63f0-48e2-996f-19419e63aa95,cb911f7d-08f0-4b09-9e35-668b8215e985
472bbdbc-8d95-4b84-b541-9455120b7e82,d4bf49cb-7b0c-4127-8f3f-3a11b7d569d9
473e622a-e668-4cfb-b31c-3585784ad644,9e8b4df8-676f-4930-aaa5-68df0d15b8de
0ad26422-b8db-4b29-a5d9-df2b1b8ea95c,afc7e578-2936-47a5-8fa6-c2fea94eada7
474e6431-0f97-430c-8743-2b8e9e0b26ef,662aedaa-376d-42d6-af5f-f884ef8b4ebb
475b22cf-ab98-4034-b12f-4b124d38f0f9,fb7141f5-28ad-4d16-81d7-be8246b54e2f
47aed879-13c9-4e70-9bf2-9dbce037f127,881f4f95-24d9-4e45-a85e-68b8efbfb433
477e39a1-55ad-48a0-aeca-c577a17fd63e,7e18f732-dddc-4994-8450-526050274735
0bb36203-8ef8-4089-8d28-cbed4e831494,0389b455-d272-4093-8df7-4f76c04eda79
0c5020a9-bdba-4bf8-b54e-a0e36c192ea6,61210d6d-646d-45e2-abe6-6f7b4f825b1e
0c5bb4eb-41b1-44e1-b4ab-a9bd1e081852,28b4c9b3-d93a-4255-8bbe-327c9002a93a
4823f285-a72d-4b1a-a53a-ea8b79bf52f3,835bdce4-a596-47cd-9785-48cf804c736d
498b12c8-0dcd-41d0-a6f6-c9c80ae021f7,3f77cd63-e7af-44b5-8e3e-15e19868ad91
0d5f420f-7a9b-4039-ad77-678f0d389d8e,e1fc2f90-8da4-4cfd-9aa1-d7d6a9314760
485f2251-0189-4a57-b1ee-212e56bb76b8,a2d777d2-964c-46f9-baf4-06a21ed68ab5
0cf4f9e8-32af-4d63-ba64-6ad8de75d217,c8da80d6-d791-4951-a8ae-10f042467803
489aec3a-fcd1-41d5-959b-4c5f39ab5ead,975d5061-e1ce-444c-b8b8-121fd5539c63
0d597305-38e9-41c8-ad91-fa129a8ef1d9,d1b8fbb8-490c-4e7c-ad23-d539794673c2
493030f9-f0dd-49fb-99da-720b69ed54cc,0757a554-728a-4907-a34c-1413305d5c25
0f283a76-5bd8-4257-844c-5852d9e4a61a,cbbd80ac-3f20-4127-93a7-ed66f68b6b2f
4964d179-d7eb-40d7-b245-789900dd3398,80abd41a-92a7-4ad8-928a-f2a588f24615
49727321-ad39-468f-b800-ce3948521de5,e49c9c68-7fe4-4e89-840d-e6ce6cc6cc15
0f3623cd-5a57-4c2b-85b4-69664f5323ef,74bb9318-556e-477d-9ef2-c1560e418554
0f6faab1-467f-4c8a-b73f-757cf44028b1,7d4ad045-e9f4-4df5-96ff-3a5536a78411
0fa27374-f280-47b2-9a44-3ba0110c780c,a9823fdd-f95c-4d54-b0b0-e92ae1945f8c
49e8e07c-7c72-47ed-ad6a-195c1e906bb5,aacda70a-7515-490d-9060-50581822e186
0f86192f-946f-4b37-8144-0b0f5e3c3e35,164a4fb7-de3d-47a2-a4c5-49791fd40744
49f89cdd-4d44-4e77-8ffb-9d93debf85fd,41435d59-9ac0-4549-accd-01688379a3c7
0f8c20ec-e52f-4d18-8d35-0f858fab2037,20faaa57-3033-4733-9421-a00242d0fb3e
4ac5116a-16f3-43c3-8ffb-3b843fa77952,e088feab-1ec0-4823-8ae6-685a1c3756bf
49ee96cc-7082-4b4a-9ea3-054e54a62934,72948190-4a1f-4bc1-92fd-8ccce8d815b2
0fe96e54-3d5d-4d55-8266-c66ada79afc5,cf0e04e2-35a7-421b-8945-c3ec51e46888
1040b2e2-9343-423f-8dd9-43f3c24d0771,6345cb37-45c2-4b8b-aece-fa3a52a21fa7
11209990-e3d4-4236-b02a-a783b22a09ff,12d2a73d-4b9f-410d-ba4d-dd28364fd3e9
103bb474-0358-4b94-8984-8409ada4c31c,1ee11955-ef2b-415b-8e6b-9a643df52d30
4ad2f000-c33f-4dc5-8dcf-1b9fb9c13266,8ebfedf3-0843-490d-9e44-201d224b778f
12658882-a279-4639-87ba-b5e1629a5652,8b5b03db-0dce-4694-939d-1cf39908f226
4b7d7059-88af-4d24-923c-1639dfb3fc56,fb20eee4-2069-4b2e-a8cd-638d52fdc5e6
11052847-aedb-40cf-9840-be001e1fa08c,4d99b745-89bc-4e06-b354-53ced795d38b
4bbc9441-99d6-440a-bf9c-ad1214c25879,b660c075-ba5d-4f78-a4e9-d76337a898b1
17b020e7-7627-493c-8f29-386aed0cd816,6b2e2c4c-463b-4e8b-8299-cab3bb822137
4bb88a8e-d4c6-47c3-9651-069453291416,927f90c0-9a0a-4053-8e82-014d49a21ddb
1a68503f-36d4-4d60-b274-2905c61da8c8,c7bb454c-fec3-44b1-8cee-2437c7743e52
1226023e-97d6-44cf-9007-d93d9b5033c5,9aa284d9-4dea-4065-af77-99c3d8cf4019
1afd90ae-832b-40aa-8253-73e494b4e9f8,3055be40-dc38-4759-a396-b05aa5fc316d
4c622456-2727-4ecd-bd26-cb595f764228,5a4d8a56-d223-4e77-91cf-7576aa4354c6
12f6a572-5ad3-44c4-974c-b9030204ce95,d984515d-5471-4adb-9958-9f2990bdffab
12ff599a-3e07-4666-92a6-7a9d7caa0793,b0d6ec22-e1c3-4578-a633-a0b13a19e564
4c759105-7781-4c70-bf97-a67cfa9c98a1,17251f55-d958-4f97-ad2f-16870a35fe9c
4c93a66b-77c0-4176-9d2b-95fd6690e5e1,84264212-a22a-4882-92d3-a8043e0a257d
129f7f5f-f31d-4cf7-9eb0-88731f1306ca,5ad55418-304d-40cc-8663-5a0c6307ed7e
4cb46129-b5c2-4d40-a46d-58fd1aa5e36b,9774e4ed-12e6-4b6d-b161-ae80f4054d55
5a045860-cbe7-4aab-94af-d62e7ced226f,04c878cd-f705-40d3-80d9-1dddf5a9552c
4cdaed0b-2e7e-40a0-bf6b-fff1b41fc797,bf59034e-458f-42cb-9a70-669fa0b4352c
4e9d5094-c19a-4e00-af44-fb32ca01523e,37e1515e-1d9a-40b6-aa58-71d8020f46bc
4d863d7f-9645-41ea-9cb0-ad076eb78c4c,80e097a2-94ff-45ed-b660-879379fbeaa7
14695b22-2f64-4fbc-b4d0-e6b053f1f5bf,827a5c5f-2dcc-4255-b4b4-3b960428f66d
4d915d98-0fc3-4c80-9e62-39dc3017e833,a5e884b2-99ae-4fd1-b1e0-bb5583307126
15d288fc-fbb8-4aec-a939-442ff0101574,0547aa78-5858-4b81-aed1-3f1a19bd457d
15a90919-4811-440b-b230-366393d40254,67b47e1f-461a-429a-b353-d2c2348e4a28
15626e78-751a-4b90-af5b-4cd9c1ffcec0,7e806817-bba1-4e60-ba78-71010372525e
4e1af2bd-d751-4254-b033-9ed89fd7b970,26fe0d95-5827-4989-bba1-7e5c27dd6acf
4e261cb1-038e-4273-9930-92cb6fe59fe5,a3efb4a7-635d-438c-83f6-043df798183b
4e3915fc-9fe0-4c8b-9c78-fece5fbb3a0a,a5e884b2-99ae-4fd1-b1e0-bb5583307126
161866c4-0bef-40af-a48b-b7218def5e10,e52382e5-7cfe-4e9a-bb77-93ff0eaded93
4ecd8e89-5afa-4715-8c42-8fbd7c3cf26d,5c02773c-31fb-4a84-92ae-1522d152f7e0
1795ebb7-adc3-4b94-82a2-43791bf18466,ab58b56a-1843-465c-9787-5fb4a3466d03
4f376a21-94cd-4850-83d2-6453d0425575,96f6fde3-9421-4724-9646-96cba9d8f39b
4f7ab9a4-a9ad-4365-aec6-ce54be6765b4,6508d112-6cef-4990-9143-e03fb99a38d7
4f80be89-e0e0-4675-ba1f-95683934bde2,e7247ba9-89ab-425e-9e8e-8855e270a10b
177546a5-5da5-45d0-9e14-f6be82126914,e6db3956-c036-4598-849e-002c0d65e307
5053ab7d-f69f-4759-af08-12371b5cf804,09643b5f-769d-42a1-9805-0507b740a7c8
50a5193d-bc27-4b24-b202-3260d0ecd65e,ebb444e6-a634-4a38-ab5c-a573e67158fe
507ce5c9-aa8b-49aa-9e6d-0c6e3536fbca,29282d47-3367-43f5-8094-14091be812c9
5081ae40-59bc-47fd-b759-a2ddcbbceb46,6e9ebdc8-463d-480e-ae99-ed3a627f42d2
19449078-0245-4148-994f-4199c8213449,1f82fba4-d2fc-476b-a714-597c18c84d8f
5082ad98-b7f0-4dcc-975e-4e4978210db7,fc2558d7-b2ba-4a8c-9f2e-643e31bda248
1ace716d-d85b-4190-97b8-00de9b37de7c,01b04ced-64a3-4958-8ba6-d40a58fd8cad
19fde127-c40a-491c-8cae-db17e3a2b89d,933eb105-4c8b-4f45-b7ef-7ec643e19cf9
1aac2d3e-a87e-41cb-9995-9dda1b019ffd,1f6ca9f9-dac9-4c2f-9679-b4dcde95c7ef
19e0f5a6-68f9-4b92-87c2-994fcda4ead5,e98a4b1e-9465-48ae-b052-e36d412c2816
1a2b2d4a-faa3-404d-ad0b-96d77bf01bad,b7973e40-d29c-4bd4-88b7-63310f2f67fa
19f6509a-aa20-406c-a1ac-b4f22d733f51,5ed58879-bbd3-4ad6-9680-3f280470861c
1a5c08f0-80fe-4742-989a-9f232eeef774,9a7db9c2-5082-4cb6-9185-9f8ff0e3e22a
1af70fe5-0ff4-43eb-8fcb-84c7286d002f,6a258da0-8e61-402a-942c-fbd84838f650
1af5e0b6-3394-4ac9-8ce1-a412586a6440,ef27908c-ba62-4af3-a86e-b5a6ffb007c1
1b3dc6b0-1523-4e1c-a386-662966ca73c2,c9a31d03-0583-4662-8df2-db53af315ad5
1b75d28d-e2b4-4081-b384-7b61b261658f,5864a869-3543-4a55-99c8-03d8f26c5f97
1c3e1d18-a2bf-48c6-8868-f33af30a1a76,deb80fc1-9b6c-4e56-be6a-a6f59d89fa16
1bb63bb5-d381-4719-a5c2-a9db789f9de1,2e5952f8-535c-4515-88d2-2d16d96546af
1d174287-83a0-4bd4-a2d8-92fc29c5d9bf,ac3c6442-cc47-44f8-9fe4-74e6f54da72e
1c80a4bc-7a64-49e6-998c-3ee750ebc467,28770a66-627e-4080-b75e-924175230fbc
52216e49-e710-4ede-a3b5-0b702f2184ec,b5dbc6a2-e0d5-47df-aad9-8090b4c63cdf
522650a0-c4ce-4cbf-8b97-08f2c6c68c9a,10bdbe9a-b7bb-41f6-a0a8-7067c64d4912
1c3bbcbf-cbd0-4848-8854-860ddbd921ef,63955851-ea38-44e2-97ec-6f801f03ed37
52a1bc29-649a-4e51-98f5-c5024320cc2f,2f85e676-04ac-4a39-b312-ce52ed44f869
1d702de8-9d58-44b3-b65d-74adadde63d7,5400ab80-ad28-4777-87ff-b53062a66a12
1cd88664-9ca2-4c89-bb34-a5253eb232c1,7edf8288-9ed9-4d04-beba-8f0bdd516498
52a01d73-5262-4661-968e-bc5c4eb55efb,84fb4135-2b2c-414f-972c-e67dbcb0d820
1dc157b7-1064-40c5-8b48-ddf2e2120aa1,3ff877ea-cc8f-4508-aaac-bdbcb1a93f69
1f0c4ed8-a723-45ff-8d08-2e4155f4f910,e501c415-bd26-423e-91f7-b27a8b035aa8
53e1c6f9-b5c6-4a68-b3d6-9f57fea848cb,8f28841c-739c-46c8-9bc0-742e34acbcc4
1e669751-ca9d-4670-a409-bdb7986b5a6e,0710e299-9eac-4803-a799-9de930695094
1e74e7ee-e88a-416f-990e-17a372dbc35a,b1c39d10-0053-4425-89ea-0073c5b2f6f5
54501f73-ff74-4b07-afc8-0c912e70d46e,5dcb22e7-19b7-4c8a-9175-8f21542424a0
53da3465-673f-4a18-aa02-3f7c5c83d0c7,71f7bb72-3cc0-49ae-8966-c8efe667af3a
1f8fce37-b063-430f-b4a7-15dec8437de9,467de0ec-29f9-4235-9526-9c1853631eb4
1f0a5c33-c368-43e7-80df-22ac9fdf37c2,4a2e8525-d639-4905-b0b7-a5822f0599c9
53fde195-f075-4a3c-ba8d-95af133eede4,4275eb96-1258-4f3b-86b2-71f1e13021f8
5415648f-ff04-4967-8750-48e71b1b1515,7c761cdf-7ccf-4655-98ea-41d903d09356
1f4ccf6c-b980-4478-9770-251c1d6ee547,7b305143-af7e-4bf2-9536-7088f494e3da
1f3b56cf-d520-4cc8-be58-ad7db7f503e7,70eb9d1d-c10f-49ae-9428-ce33adc9bba7
1f453a57-12e7-410b-8f26-983fc475261d,070d1fa5-51de-4b50-a8e0-0c2eb41b1efa
549a529e-5844-41cc-9f2b-39da73390443,3dde09f3-41e2-4a36-b2fa-73bb182fd245
1f7fb401-bb09-4e14-909e-868e5a6321ed,256ccdba-1c45-4f99-a40e-c7be9677f187
20d16bf8-d204-48cb-8c91-ddfe0284ac3f,117cd1ad-aad0-4f5f-9d00-b75ff8df6002
54ccf7fe-ed97-4417-89db-deb54912abdb,e912d9b6-7115-4999-aeb9-bdeaaece22dd
2055d6d2-4fab-47df-bdd9-351a08684cad,1d6a4bbb-454e-4d61-bdb1-bbaf746da107
1fea7e80-ead5-48d2-9629-0f4e4c49e575,6be040b8-5fd7-48fc-8ba1-ce849c8b6ba8
212dcb2a-e0be-4081-be4b-a1f6bb4a1438,5d3e80d3-25d5-49ac-ab3a-54dd43a581f7
20918ee2-0eb8-4c1a-848b-4ea76d1f95ae,79ec6570-9fae-40d7-b4af-a590faa0de15
20e171ee-c0ec-461f-be3e-96ae5bf57aaa,d8482cbd-8134-4c81-ad54-4299cc9c899c
55cda716-5ee9-42d9-bdf8-91d9fdce85cb,27cf2fa0-4461-4a63-b263-8023762a61cd
55c14a83-889b-4219-af4f-bea7b64fa722,ac28e304-2948-4756-9a00-28d9d86f5b82
21c88ccc-2c14-4200-9912-4842848fcfb2,a7806fe1-a286-49ad-a79c-a3933c04dd59
21136869-4ebf-4ec9-a94e-92166d09648b,db988dbd-41dd-4a58-92bb-3467c21fc1c3
214e77b9-d08f-4cae-a9e2-9aaf534f1160,63d73e96-527d-404e-ad9d-42a46ec09ab0
5638be7d-8826-4b5b-84e3-87ad04d5ab69,2f47f94e-daf6-4135-bbc0-734004f4a830
22adb25a-064a-4880-9637-0226ed7c629f,cf4d5905-66a2-4952-a871-8090a5716192
565d743d-1454-46ff-b75f-a86c2a46d963,2c679d3c-08a1-44aa-9e9d-2835b2e7a8ab
24157013-9c3f-435c-83d2-cac794876914,745dbace-b8ae-4195-bd1c-5fd67ca4ec0b
5678cea9-1aa6-4fd6-9310-25087e43a5bd,e21161f5-5df1-43df-b403-b5471d877da7
5661cada-a1be-45e4-b621-65338d6caaa0,e7763539-9510-4c95-af0d-0f7679c09093
22ef3571-2f4f-4cd7-89a3-15a8fe368d0e,07721311-39ac-4552-939a-af9b8a8dfda6
22555fff-e184-48e4-9974-78a4150ba23d,8173b169-233d-4b6b-8d14-ce16f54e2b84
22923640-7791-46e2-a7fb-d6285317c5ab,bff8a438-60d4-4342-bb88-f11b91471057
5788cb17-4288-4133-8d38-9eb5fa65e309,376f18b6-a5d5-4dcd-a56b-f602c3d3a19d
2318a2e3-f2b2-419c-b8bf-e6f3045208ec,99844fba-edc0-42df-9ac7-55b54a58b464
22ea5219-b95f-432a-8d07-a028e4bf6961,bc9985af-3062-44c4-8da2-b5f69171ea29
5755f443-ad30-4dc6-b7fa-cb6818d076fd,a410ec55-a884-41c4-8dc2-78e251079865
57181eea-9be8-4e30-b433-218fae294bab,8c3ff597-b6f7-4276-bc45-2ede66e84728
57a71d5c-0974-4cfa-85d8-9a5cbb261024,70ae3b96-0d68-49a7-834f-49c35255d443
23d8e917-8561-4a0e-8b2d-599f256773aa,ad89fb73-3f25-4c17-a6cb-c03c7c0d4d9f
25d0c174-345d-479f-9a41-14879f6e2dff,03c7f490-e8cd-468f-bee1-0d670b341c90
24ac3c02-21d9-4083-b416-113a26581157,f2a58be1-b562-447a-b124-38e1d96e5db9
24dd45b5-45e0-40f5-8beb-306e1d7a7b15,3d8ba68f-d7ef-4309-a067-66aff077d61f
580074e0-14ce-4f3c-b255-faf8bacab808,7e58283a-626c-48e9-b5c3-03d0203eb087
46e32f37-2a3e-48d6-9c32-d38035fe5a3e,87de594c-427d-452b-b437-cb80f3eb7226
58a286b7-c0a2-4bb2-841d-68826ce2f316,25acb7da-4e23-47eb-be12-5ac74525a84f
251ff86f-12b3-4d7a-959d-15bb17b55fdb,e6b60cfb-bd86-4f52-aef4-20ffdd88cd2f
5899d50e-ab49-43ed-a645-0de03583671b,4a477397-35d0-4590-9940-cc254bf4bbb4
4715acae-4693-4986-9dd7-6828f3acdac5,eebefc50-f859-4191-9fd0-b7f51a038bd2
47891ba1-33d0-4324-9eba-7e097c8dc3b1,c1d351ba-3905-4611-b0e2-4628e63f5779
a103cfed-250a-4ed4-ab8e-793b08f0ec87,01311815-8748-4841-aa36-91e77af714b0
a12a4ad7-f697-4002-add4-c5ff5a07eee3,42e6f18e-00ab-4108-a9d9-e1dfee808225
483cd7e2-f27c-4303-8139-119e01d50c65,bcaf537e-307e-44a3-81c6-6e90b7701171
49b5e85e-6890-43af-91b8-b53ed15313e7,a2443b57-1d09-49d6-9ef1-0de71c8ac5af
a19721b4-2e47-4c68-bf39-15530da3c0c8,12e87879-a2bd-44ee-9d93-1721c9e6c1b7
48f561f3-25fe-47d6-ab39-9b5113f0701a,c14b3c1f-30cd-4a11-ab5e-93c6111fc066
a1c92872-0d36-48ab-8a40-941e12cf4fdd,f7b939fe-b848-41a6-90d2-34b15478307d
a1ca5605-de11-4dea-8654-00ce14b482ea,5c5628d3-e4d9-4953-b28a-add30e9ffb31
48c32351-bddd-433f-917d-943e0d126e0a,312b4f3a-81ab-452e-ac3d-da9cf942f19e
4938a8da-a38c-4b37-a378-4b5748eccf80,4f62163d-3f1b-4cf4-b506-eb8d77052ab9
494433b4-04cb-41df-ad69-1c8ab21eb4d2,719b8ea0-8bc7-4bbf-b793-c87aabf829b4
a24cc688-6502-461e-9cd7-4722dcfe56cc,e6b38f39-e21b-49b1-8489-9c7b99a7d71d
4afeb490-5e78-48ea-bf0a-967c3f0ed826,e1427fec-acb1-437a-8101-f4f02fa25896
a324b94b-0dfc-468d-a0b1-755f7485c089,33e3a2e4-6a00-4302-99a2-c7dd33eef060
4aa85a0f-2498-4ae5-b718-19c5ad321591,9c2006a7-13cc-4fb2-9d88-f943011eed21
4b23b1c5-1c99-4025-8a33-2ff7c8a5292f,be1542ec-107e-4a3d-8c52-cdc79920b1e9
4bb002a7-7ba8-4976-8c5e-0cd1471a693c,bdc28f2b-8903-4625-ae00-0b8a32940bd3
4b3b3cb4-e25c-475a-ac72-4a2d8bc5ca30,77cff081-4809-4ee7-9cab-4550fbfd9302
4c1f1832-78d7-4888-9d60-f894208fef5b,e8bbb41a-bd1b-47bf-a7ed-5e115e9a11c2
4bd42126-15c5-43c4-b4aa-ba4c69e242c9,3314209b-1ccb-41e6-981f-a870324416e3
a38ce93e-fdae-45e4-b7ce-9e249fa6f709,c703a037-0223-4228-89d0-26604af82f4d
a43c9d63-d3ac-4a6f-b4d1-95c01d6c3428,0ee4caca-3c49-44da-8657-c86f923d9231
4c144d71-0dd2-418c-84da-608e4c5fbcf4,d33d5aa0-d992-44bc-83cf-f60ecd020282
a3a7c30a-2329-41ab-bb07-10530147870e,1be8e32d-4e91-4b5e-a998-3fc8ab768b4a
a3e5a8d9-49b8-457a-b502-e36ef3915079,4ff1b107-5b34-4363-9146-cdd234cb3d24
4d62b419-027a-4116-9c7e-6fc7d1e065fa,8048fcfe-1110-479e-b902-fe7edc354dd2
4e13b656-2dd8-4681-a80e-b7027a7b35e3,667f2eaf-5ce4-4206-8822-378053076152
a46ad452-f191-4c54-aa70-c1dfa8b58ff7,1f483486-631e-46de-8fc4-c1fe0f67e84a
a47f57bd-37d0-4c7b-9474-62c68c6008ce,9feaefcb-1b7f-4713-a9ca-4cbd0af6534c
4e6af8c3-705f-4b84-9759-b3a39969e33d,a7ffe045-becb-4501-a22e-0649ff1618f3
4ef6ec2f-eae3-4f3d-845f-b25eaac17dc4,c53d057a-943f-4b43-aaba-76f7192fe55f
a500c453-c34a-48fd-bbab-ca789c1b6683,d692a933-15af-4650-bd04-10da59a40f27
52b3af4a-2839-47f3-bb19-80e138b2e3b8,12d2a73d-4b9f-410d-ba4d-dd28364fd3e9
4f16b4ee-1808-4608-aaea-0f6ca02e657c,5b945c3a-e8db-46dc-8855-cd0c9e5a7ddf
4f09b6bd-5c98-4f4b-9874-622ce90f420b,280c2a8a-8acb-44d7-82f7-bc2ec1c4581b
4fc60a38-fa0d-4fcf-98ad-27816d6b6460,61f1bb3a-84f9-4143-84b2-6f5eba0f446f
4e806881-33df-4b81-942f-c5908c39a69d,857a7c0c-909b-4bbc-906d-e0c61504db7a
4ef1da48-b51d-4894-a2c1-f7dc85a12e5e,dc71a23a-c62c-480b-9c7a-85ee46c752ad
4ebd25e2-90be-4687-86e6-6da7c3d1788a,1d890a48-401c-4474-9298-3ed575a6b296
a50f3ee4-45ee-400c-93c8-6e59a47e7902,e4a70cad-c10d-4357-a4a1-35f730758cba
4f611eac-60e9-4054-975a-09bdbfcf55c7,33cabb12-4041-451f-9f57-fdc6cbd73a5c
4ed5aab0-19dc-488f-ba3e-fb53be96ccbc,cc216b7a-53a9-4bd8-aea8-03b4fad29fe6
4ed8f6db-477b-4305-bfc0-eaad9110fa7c,84f10246-c4fc-437c-832d-fe48bff39aff
a58e4269-f0fb-4d0e-9400-7737957d0e92,f668c4c9-d6d4-41e5-9d41-864a1012f2f0
d95922a5-60ed-4898-96ba-72b2ccbf2c4f,14d1be1e-4c57-4551-9696-6310868eddac
500131c6-178a-465e-9ea5-cb0cd993d9a0,0de5453b-792b-4320-b9c8-1cbfbbb8082e
a5d8ecd4-072b-4a92-b278-d5b76f573a7a,3c0064b1-3cd8-4ee7-ba25-20f58f24bb3f
a6d95079-6414-48cb-aeae-85392794e3d0,c0332a63-b51c-4c69-a61b-33992319a5ef
a61cb187-d27f-4862-80fa-316bb8805d26,0d77f1d4-c64e-4c4e-9d6f-a0bfe22d1f0b
a6211f61-c41b-4c72-ba7a-43643b61dcbf,23297743-4c45-4dff-b609-4236d31289a6
a76e4434-0b5e-4267-9703-63ee55cceeaf,6be040b8-5fd7-48fc-8ba1-ce849c8b6ba8
519416b8-3dee-49ab-80a3-7c7a9be20856,68c1ab60-f93a-4f32-b512-96ba041f1eea
a642cfd2-ce2d-46dd-ac71-017e08303fc4,9bf31f96-b544-416f-8a71-e24797e6b59a
50dd996e-149b-4782-ad7d-18051cddcb3c,3059e6c6-a307-4091-a02c-c806399bcd0b
50ceaf66-71be-4c6f-9556-63e421028c64,41734e96-03f2-4943-8321-d7f6935a2952
a6501888-af7e-416f-8ffa-8f5455948f7e,05568b45-317b-47e7-915d-f31b1e92deeb
a6ada604-ba35-4aba-84aa-46ca0a76860d,e3d967ad-a7d7-40ff-b62d-bcb355e576d0
a661a9b8-9916-4cfa-9ea3-b1fa79e92548,8bae4a15-7548-41d2-a1a7-d2a113d3a67e
51047ee4-bdc0-4f92-ac9a-37c0177afb34,947c888b-fafd-4a26-9696-bc759aad0d31
5159226e-2c11-427c-9bd5-b202f2710972,71a6ca25-2c5b-4095-b752-2f825efc15db
a6c64124-b637-466f-8e43-0b37445d4218,41435d59-9ac0-4549-accd-01688379a3c7
51ec8af0-1a60-4caf-99eb-96e225a98c20,e88f1494-9d9e-4459-92b2-6bbe4632e02b
5265fc10-4440-4081-8f68-f9eeb3c7fe37,2174f1ce-3b13-4962-9668-8d15623c57e1
a6fe52f6-cc65-47ce-b4e9-771a8b70e298,f41a49c9-3cf3-4c67-a6ba-aa312d6d4e86
a704bc93-82c7-470c-aa31-632c0e471fa1,c53b715b-34b7-49b9-9255-4b8315b14968
a778e8d9-c015-4f1d-a876-9b9d96d474b7,771e8b6d-74e1-470e-8cda-223b6db6c491
52a281d7-e9b2-4e49-86fb-3be93f0d018a,ca6c1383-63cf-4e52-933d-cdae79d89e72
52b33a55-1d68-4222-a956-ebdbcf926f36,7757680b-2710-4131-a35e-f6618a366af3
7e196b1a-08d6-46ff-9abc-d4e0b58007db,d5e6c18f-2873-47d3-8c6b-28bfe8fe005d
a77790b1-9753-461f-91b6-cfc549b70fb7,3d6f3275-e5ee-4182-b7c0-da61209c647d
7f13153a-a2ab-482b-b1d2-2c287e701360,99997e7d-e9a8-4779-b023-9798dc882b6a
7e7823b0-14a3-42b5-ab91-e83d7c96440e,54d144ba-db0c-44e5-a0d0-3e543749d7f5
7f1b56e6-c9ae-43b8-ab96-4335e5770ee6,634a5fa1-4fa5-4aa3-8c73-9fe3b8f42e37
5334e861-40c3-4f72-bc84-8ab8ddb68776,53b97a08-a6ec-4409-bbd6-d21c517c7dec
a816b9c7-7d10-4230-8d8a-5cb798287bd4,c9015898-7a71-476d-9c78-8c6f97870d62
a86cb203-9525-4532-a759-559c4cc730a6,1a1e78ff-4925-4a5d-a071-1ccef0004701
5434a9cc-a014-472d-a64c-b64a8d1aad29,13b174d3-2ae7-49d9-bdc2-caa03c5861e1
a8c46651-4dab-4ac0-9f0a-05e3fdb88605,ef333104-1261-4512-ba9f-11da209cc31a
a865a63c-efbb-4066-b67f-c1f086c0912a,47620e33-bf3e-4152-893d-bd28f8fad2a3
a88d77dd-6655-4649-b538-9b07d99d56c2,1c29b9c4-7f0d-48d8-930d-c87586eaa646
a875c294-3fdc-49f2-a7da-84ac9c7b4bcf,38ddcfa7-4aa5-42bd-9789-34cde8fe39e1
a8cc2a73-d54c-467b-8d5f-97363b3d87b7,2b80e6ed-8b61-4962-a1fb-44953695b639
54cfa159-4b07-46c3-8ad8-b097ffb7ba61,1803dd19-eecb-4d72-b781-bfa5ba524357
5699f1f2-f28a-4368-a3c5-c8794bfbab2e,8691532b-e441-4bcd-a6a7-6c240bcc1e2b
aa00eb5c-63f5-4e88-bda9-49419de42f4e,527024bc-4c61-4ae0-8713-b12b7537941d
550e06a1-382e-4c1a-940a-db3ccfc0bd50,8173b169-233d-4b6b-8d14-ce16f54e2b84
54f7e743-0a17-4b2f-81c0-f094a0803b59,6d7b4009-08f1-4fed-b0ab-239b905af10b
558d1d2d-1cde-442d-9eb9-6874154262e8,ec079e2f-2655-4cec-8699-604b0653a030
a9af9abd-14d6-4bcf-9e12-07059df2bee9,ebffa150-b8e6-4cd9-849e-c1970b4d0473
568df0cf-c04f-4b71-ad47-d81c411f2d60,9ce23759-b5da-47ba-b864-0220210a51d0
56f0f42a-f985-4ba2-bc50-61722688c006,c554d92d-fb75-4e67-98d1-697a7576a2bb
560ea545-2d28-45cd-ae72-4a72d333d792,fd521fad-afd6-49ae-b651-aebf974b6f0e
581ae81d-f144-4406-8c12-32fe97a19edf,9fdf0614-8e2d-4df8-a7bf-e6dc62739122
56c4c79e-e6b1-4d1d-af23-e947d997da8e,676dbc8f-5919-43ba-971f-240b87b786dd
a9cfd92b-0c37-45d0-82a2-0cdaeb9e6f71,1e2b4413-2bb2-4746-9918-8c2e7643ad2f
ab551ce8-dd25-4de4-9f2a-2d01e6f2a4eb,0dcc5e29-a6af-414b-97a6-0358a5f30340
aa2d15a4-3561-48c1-800b-3f0db0b628a7,291fb638-acb8-4e36-b4f8-6c16604363a4
aacfaef4-e54b-40ff-95c5-79022860c582,0afc9f82-a6cb-4729-bcfe-386f55be5299
ac11f3e5-43a4-4d1c-b12e-aacdbdd2c4ae,54d144ba-db0c-44e5-a0d0-3e543749d7f5
589576ed-2ad0-492d-b973-3815f97ac4ac,5b8a69ca-049e-45f7-a6f6-db02fb52be08
ab025110-2100-474f-8b01-0a1057eb8304,497ba7df-fc40-4906-8629-929e3ca53a1a
5935d64b-1779-4366-b944-904975e740d4,79cdfc4a-b2ca-43a2-b42c-82a090e1415c
ab1a9b88-288f-44c8-9e32-76ddc2ee2367,8ebf582c-6c49-407d-8a7e-658974f1f316
5a00c67f-d83b-4d8e-ba1c-5b07421f0488,4e39ccf3-6166-4e39-9326-dde4f6c5c2ee
59e5eced-cd41-4396-b89e-b6578057614c,d1fc368a-31f3-4967-8d67-ac10fa0b4c3d
5a616794-e36d-45e4-8a95-b50bb6c385ec,fd47a94c-8b11-4b2a-a90b-148b04c636eb
aba0264d-eecb-4658-9ba0-6fe55ce312f2,39f66d52-d537-4ec2-a65e-fbcdafbb2485
ab76cec3-fb30-4a6e-a16c-8bf3e9806d97,b8dcda23-b7d8-4b29-88cb-1ffbe8b446c1
5ac0d8bc-5825-42c5-a29b-b5d82548e892,1ee1d07a-3531-4288-91d6-49493fc932b4
abd62f18-cb7a-40ea-973b-3b1b49129dbe,66f3f0b8-6981-4bf8-ab87-dc280946c9a7
5aa02b10-30c8-4d01-89cc-86b8db783122,77af27cf-56a2-438f-9491-c6f869268fc2
5b769f53-3426-4185-a5bd-7abab4b2efb2,a26f4892-0b2e-47d5-b58e-a544b8814535
abec380c-a778-42be-849f-46bd6cbe2ecd,e527adb9-4236-4418-8faf-82f0e6437b63
5b449584-9256-4f2d-815a-15b733c2fe12,51d2aacd-6173-4c46-aa43-4a9cc2fc1595
ac25fdab-cb71-4dca-a529-712add2b33a6,5621120a-2ae5-4b0d-b24d-895303bdfc9c
5ba153a0-ec4f-4f4f-8251-96672c5865f8,577d4fbf-ce44-4a63-8913-76ee75c67256
5be72a44-d04d-4108-ab6c-e062821bf15f,f8b243d4-d1d4-4423-802c-b7e9bdacf64d
ad08c685-4f94-4694-81c1-926a548b779b,3c6621ac-c0b9-4ace-b5e8-bf31000a43fd
ac65a14e-3ca8-4c72-b0a1-1cf59395e8d9,fd521fad-afd6-49ae-b651-aebf974b6f0e
5bff55c3-fc13-457a-bc55-cbb59925d306,6750242b-b1dc-4aa8-af79-3f91791e8386
5bed8ec5-76e1-4c66-a39b-17b2452d2f60,49faf559-a4a7-40aa-b56a-7b4c13095ccd
ac6e9de4-0cee-4ee2-b43e-6dd1bbc51efa,8036c650-4934-4abd-aa2e-538fd0ba28a2
ac893279-2825-489a-8dde-7e27604ea9a8,54a3bf11-636d-4205-a057-a167bf4b47d3
5cedf0df-c74a-45f9-8c51-457af5f6a9b5,556a1dbd-d290-4399-8c8a-3c83bfadfbeb
5cdff04e-5a27-4183-a1b3-797fe782e692,183b9504-ef57-43a2-aa2c-559408aa05fe
ad4a9beb-8130-4357-b811-f2f07a38a74d,a57f0859-c196-42a7-838d-1a1caa1fc49a
5d573c5d-215d-4332-a9a5-ec04c0129736,79a0bc96-f945-47b6-b91f-a250d23dedf6
ad8f730f-e31b-4c54-8f70-93d823aabe30,29b9177f-f223-4e31-8d87-8994912b8a75
ae080dc6-bfc6-46d8-a023-d361c2e77584,3021b5be-d743-4017-b5d9-2cc3af6f02c5
adcd522e-70d6-45b7-ac69-6cf69f135e7c,fd508348-f51f-4980-a72b-2c692fc04836
5ea9793a-18ec-4a77-9967-e5d1776919f3,90915182-2c67-406c-acb0-cc34964ee65e
5f4cf45e-81a5-4d46-9964-ee136484efd8,d170037c-8944-44f9-9376-9377c1dd86b7
5dc6f093-8e6a-464a-a6f7-874ba1e0b731,40637291-e08f-4a6c-aa49-4026ee638ca9
adcf89f2-306d-45e4-9b7f-6e937497b857,29d45683-9684-4e5e-ac50-3eace93770b1
ade67612-8291-4470-be36-468e2eb7adea,0260f587-2004-4ca4-b089-1a8f3aa47326
adff7cf0-50fa-46be-bfbe-52693031c04d,070d1fa5-51de-4b50-a8e0-0c2eb41b1efa
5fc0b708-7e7e-4520-8f96-30051cb044cf,09d75bcc-8afd-4698-93ee-3828bd8bcc4e
5f7b8dd8-3484-4fd6-9311-c19dc48ba790,1227b955-271a-418b-86d9-826e20b8782c
6007452d-8302-4499-a6ec-15c950639dbe,ef1d0eba-2ad5-443d-8276-46d8d8773298
ae6968a3-c1c9-4ea7-be17-d726bed797a6,aca8b021-3074-48fb-94e9-96a91f001fb5
ae5ef247-1e88-48c9-b304-809c550b9597,8bd2f560-ca24-45c8-8292-5287f88dc7fb
6034c713-92f8-430e-b3be-e3e14232ccad,a1ed9284-9db1-41d5-abb4-da83f5581717
afa67158-aa6a-4396-82f9-d3ab30c3be5b,1ce3f17c-e0ec-44f6-a5be-5c6d50fbdf79
61979357-6327-47f2-ab56-46639b10f789,fec2924a-976b-4cce-b168-a1887d2f6eff
609106c1-219c-4c1f-943c-b98c71850759,502bceb6-f895-4693-b1b4-473d0d601f8c
610847f5-0e9f-4fe1-93b5-e01d5af18f68,81b0ff17-d84a-4c2a-8491-9fb9ec4b6cac
6114cb3b-ed96-4d93-b16e-9fc97a61b658,8ba49bdb-34d6-4ae6-872d-f4a9322fce74
61eaf4b0-e5bc-49f1-97d1-89ec38cc443f,225a1bf8-c46a-4602-af78-f75dd1ae87b2
627c20f4-675e-42e8-b497-4042d561ea44,c0c5a8dd-8168-4441-8874-3168d00c1856
af6bba1c-0fa4-4b0a-a835-ba83aaf1b713,bc86d5e7-b08a-4f87-910e-e410264ebe01
6201dd4a-50d2-4ce6-ae30-8075effea61e,2240c224-810c-4d61-ae75-a47c03e56dc2
62d40571-b7c4-40fa-a2ee-e62db51e93ab,a065dc7d-e59f-46d4-b2b6-bb7298ca670f
62e7e6cc-58b8-4c0c-966c-fd9220ce8a80,58a66cc2-07e3-419e-820f-799c056df59e
645e1980-0bc3-4da3-aab7-bf96d783e725,2d874617-bc42-4af6-8ecf-6a0534a828ba
6342271c-4801-4c39-b321-aba516e0b729,a24584be-e277-4819-80b6-22082a8aff47
63a1ca0b-b972-4ba5-ae7b-ffa74b4dd607,e03a7a9f-9c02-411c-aec1-c23325c9965d
d99f59d2-7b7f-43a8-aa01-487ce3594f0a,e5456833-d3a8-49ac-bbf2-dac77d0a3466
b097e6f7-740e-404c-9fe8-f1960b449d9e,928fd772-d41c-4224-9e53-19cf27d0e92f
64ce0107-6e58-4a0d-b79c-ce03e249aa50,c6e9b9dd-a35d-4b38-acb7-813f4396e6e4
666372fc-83f7-4765-a73d-01556615bfe0,76ae44fa-0537-4d88-902d-b8b941925dd4
64d75ec1-e8da-42f9-923f-133610c4999d,427951b1-7852-4e86-a17d-5715c2314a5d
d9c15f18-c9b8-4b64-a7fe-2ac50a6904f8,5c5288f6-04cb-4e2c-b2fd-3d7732c6fe2f
657b2f5f-72e4-4b86-9ea2-aa746a1754c7,771e8b6d-74e1-470e-8cda-223b6db6c491
d9c3659d-8835-43dc-af1e-94752c65d64f,9a269912-70e8-455b-b327-6c0d99da065f
655942ab-c1e5-4a29-8b6d-adf1af98b63e,5d7beae7-7758-44ed-be6c-fc2d566e0b70
da1960d6-96fd-429d-a46c-3e52138a0594,df7249c9-f77c-4d8f-81a6-da0aa5fe03ad
6689cb96-9353-4882-b02c-3fd2c5b37c3b,378a2142-0bea-4f94-8693-ddf851d5b9d2
667f437c-6463-46bb-a3ee-e58381bc81a4,ff7030a6-5386-4f6a-a7bd-8f9c3655e676
66d56000-ed4f-4912-8cbb-503e476df9b2,07e73e38-733a-4c77-9fce-c9840a2a2cd5
da9e3a12-1543-4712-b895-889e6b9bc394,23ae5a0a-549c-40ca-9c39-83859b95a696
667994e9-dbf6-44da-be97-1f66aaa51cb9,9a00b46b-3104-4cf3-b720-c3f31a577931
66fb3118-7d37-4d1b-ac21-35155f1ee2f8,cb27ef9f-7ea7-4eb2-afff-a41a42b7c565
dad59790-2b40-4a4a-8cb9-6a384e08da7b,f0858262-2755-4740-9acf-b29a4771efd1
67880849-524e-4cdd-94d2-d330322619b1,afefeae8-925a-4421-bb2e-0fe157b584ba
7eb37b10-5cea-4829-a0a5-290eedd8bf4c,fcfbf759-69cb-4e6c-a241-28522f9ab4a0
db636029-7d89-4d83-b3a2-4f222bc9d626,afd2367d-d433-4f14-9385-4db5fdbdc043
db29873a-0252-4b2c-a0dc-d4247d9ebb6f,97c67481-3e01-49b6-97bb-0f3c04f77221
db5c749d-e555-4495-aad5-6f422cfa59b5,0e0dcf04-8afc-4816-a6c3-e054cbe76790
7ec351ce-53af-467a-a7cb-697e3a7b005e,3d01548b-75a3-40c4-b2f4-dc7f52a820b6
db67f6df-b85e-4d0e-8999-7258efc8535a,e244c161-8ce5-4031-98c4-4a072c193dce
6843b04c-bc90-4936-955d-9b7d242889af,f3c820c9-c33f-4d87-a105-a44d7ba907cb
db928987-f86c-4975-9d49-324ef613c38e,5bca601b-f6ac-4cbe-a2b8-f70658b1cf6b
beb4dad4-a858-45a6-ac7b-3fbdfe3141e3,dc44a021-a3ec-4dc6-8400-a68a079353f3
dbb23cf6-c29a-4a5e-8022-6df8361ef217,3230f194-6b1c-4c58-b1e7-4ea831b11638
7fd3936a-7e52-4d08-be1a-b679b0bd13c5,8ad6de5c-1c09-461f-b01d-43cd9cec56e2
803dadc6-f5da-480e-9541-f3e3e4af8002,49d57b10-e803-4dff-949b-5f6022f735e2
802f6eaf-88f0-408e-b17f-e339ff7fbc7c,8bec581e-75ab-4377-8307-95a7ffd8376f
8027430d-b3ea-47c1-956f-b52a39996c3f,f645cbe0-ed08-4f0b-8f40-5c80b910149a
dc391a71-cd91-432c-b844-f6e3c5653edd,7dd409ef-ae7a-4873-bb52-a8d2b611c239
8287ecc2-8d0a-4d23-a1eb-bb855c6f8b08,88ecc745-c5c4-4d08-9b47-15f363f83032
dc4ddeb8-aab4-466a-869b-36be7f2ca2da,d3d5acdf-cd48-498e-a34f-84dd19f3fea9
81eb22eb-13f9-4873-b4bf-42bbe63512f9,d3166aa6-79ac-4463-acb6-161b374bdbc7
dc6eecc3-3c7e-4a01-8076-501291360a50,a1cda1f3-d801-4a1e-842b-24924553ecf6
dc84dc0f-bb25-4d85-8745-b2372e9063fc,46ded3fd-50a0-4756-9ce8-3ce6f3929591
dcc55781-0700-41a2-9775-3403c9ad3632,7f9dcd40-2a2c-41e3-ae03-5d9a6891db19
83067f39-6ad3-4137-858c-d988e68bedb7,98f09f99-3441-4cdb-95bb-1c9de50fc63a
8338db84-4dbc-49cc-bc86-0534d7a2a193,b3fe2fcb-ff7c-4518-b03f-1e94daa0ccac
83b9b3c2-2c82-4c81-917e-12181d6f6752,680722f3-f7ce-47fd-941c-8187af19bbc8
83427e20-8c80-436f-a660-1c7d43bb8cb9,054bda6c-abe2-4aa7-abad-d000b31bce99
83902479-aa10-410b-9e25-3d7b04e2cacd,8751e905-ac50-4acf-ba01-19a1415769f8
dd1d9635-7ad1-4873-8ab4-b4782064e807,4cf83b0d-5477-407c-8b35-d5638f9204ce
dd2ee3e8-bf94-49c0-9256-3e834c9f091e,5430a705-91ef-4a80-96fe-f1873d8921f3
dd5a340c-4a0a-4936-a78a-d3e43921befa,ac80a949-6933-4d59-8083-f869c4063e7a
8500586c-9e39-414a-ba76-ef7ac5e6488c,fac1efa2-cf30-447f-ab69-96e15921affa
dd63e770-4cae-439d-be7a-3b23f57b3a1a,5c5288f6-04cb-4e2c-b2fd-3d7732c6fe2f
de56ba68-7f7c-417f-b46a-110544dcb178,94439cce-a3b4-4013-a7b3-e0e53db84948
dd94568b-3b01-4c64-9536-050c274c882b,6ecc3062-4050-494c-85e6-2c0df249feac
e005013c-a4a5-4e4b-880c-c06944e3516c,7d3b1c76-c7cf-418e-b856-8870fb410865
867077a9-ad8f-4cf8-9dae-3acce662c429,1c1ffc2e-8008-45c4-9da5-f54109d576f0
dde673ae-71f5-469b-9573-49c1620d1d96,4d56320d-ffc7-460a-9e5e-1249cc3f3ba1
86a6acb9-52f5-493c-b6af-110e16d7512b,52f37cfa-3bfe-4140-8555-d3591655dba9
85679134-9db0-44a3-ba78-ca3eb77a7d63,58bf0a5f-b4bb-4e1e-aaf8-2c478d1929cf
862a1cbe-0ef1-4241-96e5-17d5c134075f,e1538314-04a1-4d55-a9c9-12c22f7129b5
de08862a-4834-4f0d-828e-335faac649f6,64cc5984-15a6-4563-a9da-c4dfe5b4694e
de3f9e73-31f9-4bf3-acc6-a3da5c05f80f,71fd0cea-ba2a-4083-9e49-58929ab6b558
864a2646-f421-4f1f-ad5c-e2baea8db01a,4418b141-cd8e-4dae-8cdd-00a02228519f
862db474-49ba-42dd-a55c-56c8dd06fed9,04127ab6-920d-4b3b-a79c-8083affd1c85
86497c99-d573-4806-bcae-f2057738f9b1,52f37cfa-3bfe-4140-8555-d3591655dba9
864d34e3-ea43-41a1-a214-e6d4a9d0773d,0af5c7a0-b15b-467b-b0ec-f238eed1bbb4
8674ed48-0fbf-4e69-817e-767d6cbbe353,8093180a-c333-491b-9da6-f0c7e7239abb
86965af5-5417-4846-9e45-18f5ee1220b1,10dc00bc-304c-427d-bef8-cad09960d228
86b36271-5a85-4b03-a1ae-ddf4b5022117,4da75238-510c-46c2-8d0b-a7b69dfb2165
df030488-c737-496e-8c97-8abcd6648664,8c054b33-7d11-4339-96a3-c246dbee3b47
888e2e44-bf7c-482f-a21b-0b3bff914ed0,673011e8-113b-4596-a167-a13cf3c1d586
880a3c6a-6fd7-4804-8ad4-af88e39d1c41,cb8fc50f-a20b-47d2-8523-381b3670afd8
df1272b6-0631-4167-b4ab-88820f03b171,8952208d-5e94-4cf4-a28a-9b2743318d19
880f4af0-9e05-4de4-85b8-250ef056ddad,3b5fa3a9-2fd2-426c-af1b-c50983dfa254
df71c33f-4e57-48ac-bc57-a3b6d07e90a8,737debba-a632-428d-b51f-0948bf97a2ed
df562b1b-04e6-491c-a9d0-fba9ac6c4858,e80d872e-0404-4722-8de7-20af927c5260
8882924f-c4bf-4b69-b676-c0bf2b782ab0,9453784c-69a7-4365-888a-f18954a5d219
88a06c3c-b18f-4e9f-9c38-658843633289,c48650d1-18d3-46c1-8a88-361ea9b87ea1
88833440-2670-419d-8248-342a165fb5d9,7c4b5369-47a7-4f34-addb-d061eb068492
88c22426-a8e1-4f24-9407-03d4b7b7552b,2ad8345f-c60e-474c-beec-e3b98c3180ca
8950ca33-3950-4661-837b-8a955e72cf4b,e753f899-fe91-4829-ae6e-d28c84c5463f
dfae5bef-b137-4c76-b7bc-f072b839fad6,3ef45a17-3f70-4f28-93c9-28eea8f8a11c
dfe7f3cb-f290-4661-b6d2-0cf342ebcedf,99999503-baa2-4026-b7ab-d4298fd547ed
8a552d42-f40c-494c-9c4b-76e72c3863c3,6f284c23-d857-4cb1-a3dc-357e1ed9d014
e03173f7-260e-45d4-9912-889a7e3519f8,8cebd83b-d376-4791-b821-b062e2101dbd
e0568eef-4225-4efc-a3f8-8010aad35a3e,d762879d-9b97-4243-9d0f-fb938d8ffbea
8adf90db-dfec-4693-a077-07d4be67ac80,1f370575-b888-49ca-a004-01b9672ee380
e14c1be9-a1c8-4767-9fde-927e333d6aa9,a7d65f9c-cc74-4e3e-8ae0-9ea834cfd7ca
8b1ca3a6-548d-4a37-8f48-e6698310e436,294b115d-43d1-46ec-8d9f-5849b093df59
8b51f1eb-85c7-4916-91b7-dfa066c81a3b,cc3038a2-863c-4507-af5a-b61534247a86
e1641113-1584-4c3c-9dc4-9604c6a8cdd7,01b6d7b8-4306-4a49-afd8-90cb22618ef0
e17f47b7-ed01-4e86-996e-ae0ef89c83c0,3ff877ea-cc8f-4508-aaac-bdbcb1a93f69
e1974cdb-1ea0-43d0-8dae-efd0e59a8de1,c8c2364e-5beb-433a-8359-b3f189cf27cf
e19c3ec5-b979-4b9e-b0a1-8c11fec3ec23,e5456833-d3a8-49ac-bbf2-dac77d0a3466
e1b39163-2d9a-4908-998b-0e7bd923fec3,ab19e18b-b54a-4601-9f30-e891c0529818
8dcdc750-c837-4c34-83d0-91715c0d9e66,55c462d7-ef59-4c84-bd4f-df3cf9c63d6a
8c5d0462-b3b6-4999-a632-446924025898,79a9c258-fc0b-48d3-9970-ac41a5de1817
8c606a9a-0470-49e6-8d76-3f219a2a7e8a,04b0b9ba-886c-4f0c-bdec-76a52a34b3d9
8c870b11-a66f-461f-bb1c-1a6911d42ef4,6c0c6bef-e6e4-47fb-928b-4dc546145e09
8d17a6bc-1e87-4f4b-a9c6-f9bc82626770,043cfa18-dbd1-40bd-8e3e-ce9fe75ce0fb
e1fcd37f-8b34-4b2a-af21-267bdc8b9fff,52ff3c28-c603-4f6e-a0d5-cb380336f91c
e2004b20-9e18-4202-a605-08b017f337a0,4cc48155-e69f-4303-98bc-6847c289286a
e276174b-e5a1-4ba8-b4bd-9c045c7682c1,cecb9bf8-92c5-4bb3-9dfe-fab8301d86d1
8e5d5b41-c033-49bd-a4f2-df5547d1d143,1561adff-bddf-4669-8cfa-4d731d44e4b4
8da5fa06-c20b-460f-8af3-97173a307513,83555c56-a62b-46ef-bc94-46160e3a7367
8ec68efd-d72b-4fa3-bf00-691cc0703421,9fb9b35a-b71d-4817-9509-eb4e4b8d3ff2
8daf1f50-2235-49a8-99cc-052eda857ba7,ae008046-3714-4e46-8771-68b5c89fcf1a
e2ace331-bab0-44f8-8417-dd892d2bfec2,46911339-837a-489c-b92f-118f9fb5d53f
e2e92877-2030-48df-9d91-b7bb57f3e5ef,3d71fe79-3105-49b8-a802-9bce64278475
8ec49d8e-76e1-46dd-ad2e-0b0f01033cd2,59417acd-9f8b-4183-91d5-e12aee834a69
8e790419-9441-4788-b06a-d7f184999320,117cd1ad-aad0-4f5f-9d00-b75ff8df6002
e341d84a-9591-48ec-83d3-a739b4742402,d5607566-4177-4748-9224-db0a8e6e25a8
9103ec8f-d6fc-47ca-b7e2-1a05fbc98aaf,525b32e0-0fd6-4ce8-b33f-34fe40c5f0c3
90384f10-7fb4-4914-86dc-133fe58895a2,9461f2e1-a9e1-47dd-b128-2862f6eca0b8
8fbc371d-7247-4424-aff9-9f442e545dbb,0847cd11-985c-43b1-9788-1cbd04b37118
903df3c8-8ab7-4e44-9a8f-9c87894c6f56,5e54630b-4ef1-48c9-906e-02f5de8dc0e5
e4851a97-0af9-4701-b443-55648f742f6c,671fc73a-2b21-45dd-8175-e9a0697bed1d
e44ee383-2ba4-41db-8ffb-28dbc92511dd,3f661f29-eb1d-4569-a405-12917dab37ad
90b5d62c-1e0f-474a-bbef-a1c11a5d3466,8b3c24bc-5480-4cd1-9e82-7ba7d5675c65
e4621eb4-4553-49ad-a56f-cb7f77a61f82,5d856a45-a654-4e14-b642-53d348110452
92defb9b-c753-4ef7-b4db-4bff8eae0d17,70651c9b-4d42-41ae-a826-94d1ae3ac67b
91ec480a-0984-45c5-956d-c08eb20e1566,77ade05e-4b44-408b-ba1a-4843f5ec1e39
92f993e7-aa5e-4df0-924a-757006bdb62b,b982dded-cbce-412d-9ba1-33f37fe1bc70
e81ba1a9-fcce-420f-8c34-47a824537572,db3562ea-aa7d-4cdb-beb4-5d242103a198
93e2b1d3-9e2f-49b5-8703-b34684e32e39,895ee6d9-b316-4e32-ba95-cd49f083ea45
9404d183-1e29-4701-95fb-45f46d13b35b,cab374af-b917-4a02-acf7-cc3b9da0c905
e5f37ec5-8fee-4b60-a9ee-043314cd6c33,04b0b9ba-886c-4f0c-bdec-76a52a34b3d9
e6f0d0b1-dd23-47eb-8319-6c5703c39dd0,7d2cfa92-aea0-489a-8bb3-c6ba85af76db
93fbb142-a521-4767-b596-124a9258b041,75def7ff-4b41-4941-ad70-b50fe41fc129
e662df8f-77d6-4d76-90d7-9658e3ca814b,f40b4c20-4b5d-44ef-9f34-3da1063106c7
943776a2-adeb-46f5-bc66-8598b34ac23f,d71fa00f-a519-4054-855e-949bcde01316
e6dd20c8-71e4-4cbb-b720-07aedd54c673,4f43a382-7447-48f6-a8c1-88b301ddb7d5
95d7feb4-bc0c-4010-8994-22ec37e131a2,49faf559-a4a7-40aa-b56a-7b4c13095ccd
9657b0ab-32fe-4852-889c-93a5ef43e158,0252cae6-2fad-4230-98e8-e1bc88f74850
e7082aaf-9f8b-49b3-9425-9beb4cc05fac,40dc01be-2abe-4481-b262-ab2e8b4b2fd5
e6cb75a7-3d14-4e28-9685-02da8ae57868,cb6346ee-0947-496c-b784-9c4dae15f822
e6d451a6-1bee-4ffd-b062-1f1ead539c78,788a088b-4ca0-46c6-b589-7727f9026f26
96894703-f646-4718-9cc2-f9ef51aa0324,0f07e951-85d0-4b25-8a48-6439e5ff76ba
96a501cd-204e-4b57-b44f-bd97d3b3aaa9,4e48d457-570a-4818-92bd-3bce09907c85
96b71d3a-3fa1-4826-a431-0db08637f5fe,cc216b7a-53a9-4bd8-aea8-03b4fad29fe6
96c41c02-d015-452b-ab72-6771174c5d4e,3432960b-3df7-4de8-abe2-6f7bd2a066ec
976d5dbc-abce-420b-ba73-1422953cbdcd,db979785-c4f1-420c-ab21-9bcb0c3acfa1
97003b61-692a-4b9a-aff8-701f1c421e5a,169ee912-ff9a-4777-b7db-1f7358a5f31b
9714afd2-4ed6-44d4-9b45-66ce5a79edcb,6746014a-32b8-40f4-8249-3ff06a214df7
e8464d39-a2b5-4f47-8681-ca6b515bafa0,cdae49da-8fcc-4b4b-a3ff-1ab16a970948
9722cc6f-a9f5-4152-a0f1-104a42c7f94e,015d6f91-8629-49f6-bacf-a961b6b225a8
e7e5f70d-e44b-43b9-879a-a1bf6e00c76d,f79f4945-bfd8-4e3a-84d1-623201c73324
98580023-d473-4548-a423-37e4888292f2,df5c1d08-76a1-4a4c-b777-3d71111802e1
976f8f46-1f7d-4101-a57d-79d077a90a35,5827ba3f-3404-457f-8752-9b567127a5d9
e949b704-1fe9-4219-afeb-f7bed318fe3f,553b8773-b029-420a-a945-fe10fcdecb94
e8270fbb-8294-4a4a-a843-9cc953d636af,e7247ba9-89ab-425e-9e8e-8855e270a10b
99bb59fa-c166-4b96-8afb-a84ea0c90067,9bc8d7d6-f46e-46eb-acaa-18d50bdf082b
e82db46e-843f-45e2-adb2-55db761f3178,ef333104-1261-4512-ba9f-11da209cc31a
e85628ae-ffae-4a04-b5e8-49529d9ffb80,11ff825a-6f40-4ce7-ae51-27978fef9656
e8753f97-4d4f-4a1a-bb12-bfeec4c198ff,f58763b3-ce76-4f20-9aa3-6522784e9909
98920229-f2c6-4ec7-b8b1-66bda6069015,7e48345c-4229-459f-98f4-31d373238b69
998a9eee-ad3e-437b-a581-40793e82435c,6508d112-6cef-4990-9143-e03fb99a38d7
98d1bc1b-7ecc-47d8-960f-f0757d049f78,295cebaa-b242-4c63-853b-766b8b6bd017
e8bedfa4-2860-47f9-b2f8-40bb0d5cd4f2,b4b8dffe-c44c-4290-be8b-bb746755d066
e934a8aa-c7d8-46ec-90c9-c69068071314,84fb4135-2b2c-414f-972c-e67dbcb0d820
990810e4-d063-467e-b58c-f39eaafdf03d,1c0e0911-d4b4-400c-a966-3aa6a6c19aea
995ce935-4a43-4561-96da-86223d331a77,b3644cff-accf-4c95-9336-dbfa64b670e4
e9437468-8c85-485b-849a-51f2902b37ad,f470c28d-0e9b-438b-b413-2d6ca4a0f72d
e96b906d-ce0b-425a-9811-d01b9c1f369b,1cff3b5b-c01a-4cbc-ade4-a22a8057c381
e956c13f-2503-4d1a-a75a-b3106934ef53,cf3c34c0-9372-4ebd-9bd2-9b0d526cdcde
9bce7df2-c361-44ac-9f47-6183d8219dc1,fa3656d2-2f7c-41dc-ba8c-93849fa66326
99d4af69-28d6-44ff-86d0-8460ff5a0b79,8388caab-6d44-468f-89f4-f47a7d3a43db
e98ddfe3-214c-41e8-a6b2-8440c1005dac,52135e5b-0238-46fa-b6e7-8dd7d1c15d89
ea504e53-97fb-4404-97d0-ae7112929e4e,3432960b-3df7-4de8-abe2-6f7bd2a066ec
e9be95b9-39a3-4174-905c-f5f11158b9cf,5b827d4d-3a06-4034-ad21-3f196a514315
ea918b8b-95ab-4137-89a2-564079546bd6,a57f0859-c196-42a7-838d-1a1caa1fc49a
9b153353-7d37-4735-8c03-c3b7b19ce3ba,6ec43eda-e77c-4f63-babd-da2e669240b4
ea4ae671-f933-4601-ac08-7ebd48d5c65b,b5eac733-3d2a-429c-b281-4820db977863
9cb72537-03ea-41f5-8853-448a0fee465d,b0ddb9fb-1633-4af5-a651-6456f3ff2989
9bc596ee-021d-4006-8d56-014dc1c3e58e,84f10246-c4fc-437c-832d-fe48bff39aff
9bd9a8e7-763a-4687-b761-749b95bc3ed6,3b805ce8-772c-451e-9231-7d2aeaeffc2b
9bc1b6d7-6b53-470b-8e08-078d4c4a8d8e,4e8cbcd8-50a9-4906-b785-11bbbdb5a2e0
9c809c2a-8294-47c6-9631-a390945a567f,d2fb7f65-4e63-432b-ab33-fbfe0bbebddf
9c4fb352-d98f-4cdc-ba53-e38601eaba0d,03ac589c-0b23-4fa3-aa6e-896efa989bfa
ea8ff1a6-1248-451c-b33d-762d1df93215,831681fe-2a6d-4617-a019-c48cfbd53320
ea9db008-cd14-4eed-a549-82d468e6ad54,72557266-fe84-487a-8467-99d5a7b6c2b9
9f62fcc2-78d4-45b9-84b9-3ff9ee410a45,7eab1518-d6ea-40bc-8195-57752dbdd9b9
eac5b64d-51d4-4fc3-876b-683f0f77a61e,90769343-dc6d-4a59-afcb-a55625a5db17
ead14f55-9550-4c9b-b578-7bc3f370164a,1d06ac35-601a-47d3-87e1-4252a3f9a4db
eb65a921-870f-4630-8a03-ba60989a14e4,d3106474-aa0f-49c4-93ab-4b461a7cabe2
9da82779-197e-4abb-9f8d-7f879b43c818,554b9888-6d76-498d-84b7-497ba834b986
ebda7256-50cf-4763-a2be-4add313d960a,6c33fb15-36a7-4dd3-be52-3f5fc869ddab
9e3bf436-99af-4ba7-8d3c-294dd24e69e7,096dbca6-455a-4939-b611-4bac161f58a6
9dfdad6e-49fa-422d-b458-1a4725888e55,8c054b33-7d11-4339-96a3-c246dbee3b47
ebeba4a2-d407-4032-8c30-e1317ec7e5e5,a7d65f9c-cc74-4e3e-8ae0-9ea834cfd7ca
9dc1d959-c202-4542-93cc-8d2944c181e0,747ca385-1e89-42e8-90e1-b9b5833fd533
9e1d78ce-9ecd-4feb-ba62-97e53dfadc50,3de1a9f0-3593-4b2a-8b24-8db78d734f2a
9e7f054d-396a-41c5-acce-581eba44487d,ded5f2b3-aba4-45c6-811a-301b331f2b33
ebc7c1e2-33e3-4e6f-8172-5687c8f31879,9c33dcb5-31be-458b-a863-8b95addcfa85
eb80eb46-8be3-4d8a-8e46-251e0ad518f6,9b97aa98-2d92-463c-b319-672626b6f2ff
9e9634d2-6de8-4dce-8b66-d37167d7c301,41e6b490-19d1-4b63-a74f-75da7b03e42f
9fe65676-b6b6-4c23-9796-32218ffd6067,2312b839-d174-42c4-879e-642d10d10d83
ebfee40e-7e13-4c04-94a0-dd0900fd8fbf,1734fd87-eddc-4ecb-bd71-fe79b56ece06
a012f578-e7a7-46c6-9318-101efa36da08,66d75141-efa3-4c24-8369-526446c4850d
a08fa8c7-42ea-493b-a388-0fb4f615e905,4a4dd328-ef00-4843-819a-e1a55c368c25
ec4bfec5-61ab-4ea3-87ba-86d20348edb9,c0733d2e-8d97-4d7d-9b20-095f4ebe818a
a08c0765-3ae2-4509-bae9-d6414b54ea12,c34026f6-3e76-48e1-a146-e9b2dada6e16
ec95ca11-98f6-4ba6-ab40-bc893a350462,a88a233c-9ae4-476a-9843-05ec1a754b12
a1c7baac-7081-4ea3-890e-34da20a18b9d,40110f09-8957-4fd9-b419-e42dc42ee91b
ecaa6a21-910f-4fd5-ac20-e15031605b43,690a448c-38df-4f03-b707-5274f0ee3845
a22f5667-4db0-4bc4-911e-aca10ecc0ecf,3d203cd2-1024-4757-8780-b797c7ad951e
a1218149-85ef-449a-bfd8-31281074e620,f042b988-2ad9-4d4e-bacf-5741cd69e382
a0f67b76-e916-4850-9aa7-d05237ddd8be,dd0048c1-62d9-4c17-930e-3de37629734b
ed34e268-0365-4141-ab00-c7eb6fcbc4a7,0f4cd8c3-0032-4997-9e4a-db8847f3e253
a178eca5-40a6-4d38-a7dc-57330408203d,beb5dda4-bdf5-49c5-8056-d74a7d544c63
a198bbd2-c84f-4b40-95ba-84ea6120d4fb,e9301b1e-d515-4739-a521-65723d6d7526
a2b0e018-809b-4acd-bbd7-a25a8fb3910f,8693056e-a3cd-4123-af84-d25d57c538c4
a3a453aa-f2f9-4c62-bc83-55c99aa2daeb,ef1d0eba-2ad5-443d-8276-46d8d8773298
a2b1dccc-22e5-45f0-bfb0-0697ef93dc37,eed0934d-4096-4f2f-b5e8-15195d2a707b
a38556c9-69ed-4188-bc7e-523da85c25e0,6c4cba7b-f0ba-4117-9b0f-804c3e75c9d1
a3c49566-50ac-40c1-bd4c-2423001f02a5,9c99e8e7-b151-4afc-9651-30e766c18418
ee2057c3-171c-44aa-b74f-501cbc098f12,19515624-eaa6-4d66-878b-7e7d3655cc07
a3897469-aaea-4e1c-9e8d-79ed23a197e2,4cb52709-6afb-456e-b1b7-ea714ced64b8
a58169e3-d927-4920-a3f5-86d2ab984898,cc7047ed-24e2-4556-b105-b1adf60ca1a9
a449df04-2ff5-42ef-a140-71012c74cfe8,d6c662f3-3fe4-400f-8ce3-21b0980d0498
ee41b66d-f1db-4b61-bd9e-ceef36dbd0b4,888c1647-08e4-4419-9290-20fadbc8dc0a
ee4a33d7-de0d-40fc-b93f-f105a584889e,b8016b14-bda4-45f0-9872-7622287c5e9c
ee7b3be7-bc6a-4ff2-b03a-95138a30baf3,8e29d465-2d1c-4f9c-8c0e-525b50615194
ee9221b7-ad8b-4edf-bf62-c19859d2c383,10c4941f-8068-4549-b9f5-ea05f159c8f5
a5ffe104-a822-4eaf-821d-8c7784ca270d,3bf2c754-d8ec-4cdd-8b10-43f9120d9b75
a5234b5e-16bb-4a94-aff2-6c1bbbbb4a8e,5c2100a8-cc5c-4343-855b-09451b619950
a5395b62-8b68-4b36-8059-c5a4fb269504,25fb77a7-6a38-4022-8159-56ab74ff5ba0
a68d238f-a430-4743-8e1e-dc74ad9d54d9,8e29d465-2d1c-4f9c-8c0e-525b50615194
eeed1c7d-1758-41f3-9dde-8dbb8e2a731b,d2511923-15af-4458-9c7b-aeb665530b32
ef0980fa-c700-46e1-8615-b1d15ee7ee25,4ec8fabd-3bd1-4b2f-99a8-1e1c5e95b82d
ef091af8-0eb3-482f-9dd2-7e5124af726a,9ec69147-966c-48eb-9d87-77ae83ef8bd0
a7f006b1-8c38-4446-aff1-d6973824c511,ccd1ef7d-c5b6-4848-8657-9f59f54c4a93
a917f8d6-73bd-48a0-aee0-5024a7b05d40,295cebaa-b242-4c63-853b-766b8b6bd017
a73e73a5-79b8-4240-9e8a-bde964fb095c,57bc171f-bf83-4fc8-a0de-4c54371c9d55
ef52133e-15e7-4849-90fd-9d9074a5bdec,3432960b-3df7-4de8-abe2-6f7bd2a066ec
a810fabd-1625-40ac-9699-3f1894adb90d,2365c1ac-376b-4961-b00e-fc6fd1e0b510
efce925b-04be-4571-8d8f-a06c874afe75,48d39cf7-7a39-459b-9588-eee2f6d59a0f
a900d6f0-6b0a-4b88-917f-df9e0218c248,d1b8fbb8-490c-4e7c-ad23-d539794673c2
eff2457c-7e40-4ff0-b75e-13563c80fb28,3d74d075-d655-4762-bfac-dc9fe9612d22
a92589e0-f376-4702-8de4-1e83e92df72c,8eb167dc-34f6-4593-95c4-b09a81086d3b
efef9f39-a988-4e2a-a93a-d63ace639d4a,ce65dd8e-e6c2-4463-bfe5-173e12471e69
a8c009df-dcd0-4dea-aa95-baa3b44bfb50,a3f72b8e-e4f0-4f44-aafa-954dc95a8e51
a902d7e2-cce9-4336-a15a-077b7e33b51c,b1f125a1-a7e3-454a-9665-0f9e046794c7
beea4c28-16bc-4ec9-97f0-01ac6792fd3c,a9823fdd-f95c-4d54-b0b0-e92ae1945f8c
befcd075-ff1d-4ea6-95ea-433bf5d9cfd0,e725ecc7-b091-47f4-8eb2-9793a9a04258
f05a4a8f-bf50-436c-8ed9-da29f6dc66fd,12f05542-1827-4f76-bc09-6d393305667b
03dd3fa3-bb84-4218-ade0-01c04a96e175,69cf888d-a4ec-4d8f-a6ad-30d559626e23
f06d6f60-e2eb-4297-a282-9b1cc63d23ac,ba3a150d-edf2-4484-984a-f86d28500b78
bf727db1-822c-41c0-bc71-2f704858b909,b15b7c60-7420-4e8d-a165-2ac79c87e6e5
a9c3355b-b19d-4ca0-9b24-684338a93d88,2ffde7ef-758f-484f-ba53-b88372339907
bf80f4f0-bbfd-4203-b37d-5bd3c053b3b5,62f3cf4b-55b7-4bd6-b9ab-bbf2cdd7d3d6
045bab73-5449-44fa-b537-e2cb2253327c,5ee8d9bf-1e35-4dc7-9b15-3a079faa9251
04332a65-c9f4-487b-8969-8fde246a4271,edef9f67-29c5-4781-9a8b-b613c82636f2
bfdd2439-4453-473d-a654-0fad3bf59727,8ad8f68e-0bf1-41d4-987f-f2124f8a131e
c087c769-7334-4b25-93d0-e21197fe81be,e615ede2-e4d1-4a14-8e1a-7bfb093ed4db
c0bbb351-2c74-4e98-92e2-f4123d1229cd,1254303b-c637-4840-94c2-2dffb0cb34f7
04a0f6c5-b68f-405d-81c3-6e4f41237814,38a66690-e454-4f51-9858-158509d8ec8e
c137d689-65c7-4620-8efa-fe344854c553,2eeef034-c08a-444c-8a30-3592f491dd67
04e4e0d1-4f04-48a7-98fa-9236a55fed49,280c2a8a-8acb-44d7-82f7-bc2ec1c4581b
c1886fe0-c85d-4a9c-babd-978edd497c11,d2511923-15af-4458-9c7b-aeb665530b32
c1fa8633-9ad4-4f12-be31-8600311b32b4,c14b3c1f-30cd-4a11-ab5e-93c6111fc066
0559cd5f-6191-4a32-b888-e81e1ceba0c6,270638d4-165d-4bfc-accf-23c49d395d7b
058ff640-0c4b-4f5c-8c7e-d3ee3bb9f2c1,3398b807-bf2d-4fe8-b079-cde417957492
c217724c-022e-417b-a835-330141869e21,0e27d059-a3c8-44ea-8924-d338ce06d142
05b0f3a1-d96b-42b2-af5e-7ec9d563d9ec,314521e5-91c1-4e77-859b-612135044fac
05c37b30-34d0-470b-8030-4b8942fab9b4,cb98132d-fa41-4b52-9fca-73f217f2e137
c2bf9e6b-6c27-4301-ba77-aaeee0f83b67,58236618-69aa-46b9-b995-b4d484db3e8d
05dd2be8-1e01-4b20-98da-822d98e981e9,00920701-9833-4767-8506-f8a98602d3d8
c27b418e-cc12-4cd2-adf4-68c641326e41,49e246f3-2b56-448f-8549-fed38992b8d2
c3a9bcaa-0a8c-4582-ac11-78ca63798ac0,ab6e9a3f-c0de-4f52-9a46-2f1d5457cc2e
c30a00ab-78ee-4ed8-a136-00afdfef61f4,995dcc9b-5e26-4e44-96ad-bc4a62b1c3f8
0699b0dd-dcda-4353-94f2-ce2fd02f9ab6,de4220ce-11d0-4037-8e97-87fa8a846ae5
0643cff3-7e7c-4fc6-bcf5-3c0bd0c2656c,abce6d7c-27e9-40de-a678-b795c3bb365a
c3a48503-fdb4-4805-a777-deca7cb46baa,0d26efba-d007-494c-a24d-32a457163727
c4a8963f-6dec-4812-a0e2-3e3b0685b08f,91d1ba8b-4df2-4030-8c9f-bc6b4c50dab7
c4e40078-84bd-46a3-b86f-776070631ef2,dfe24dc7-a1f3-4633-8cef-eabf22b9f8c0
06d72728-7a13-421f-9bde-529a53846b40,3851205b-73a7-4e76-a768-dab415d448f4
c4cae790-e3ff-43ed-8010-7de88ce7d74b,19fb70e9-6c87-4d87-bfc6-f684e76844d9
07b3353e-a8c7-41c0-b708-447e960d0812,5ed58879-bbd3-4ad6-9680-3f280470861c
c50da2a5-34e2-47c6-aaf7-4d043e3e2627,0f3a6795-c316-4f48-9fca-a22cab3a3ac9
0701253e-59f3-4c46-8fd5-7b3124e45f1a,5de7afa1-822a-4b62-a836-b4306da88e12
07039484-ffba-40c2-8c6c-26f917309249,cc9e50a2-b967-4761-a8f1-1df13ec67ac9
c4ee6ee0-132f-4f18-b8ee-4ba7a0b9eacd,b59cabcc-43d0-439d-8eb3-b67552201afc
c54c9952-f97f-4295-8b04-5b5f9f89e64e,93578821-9f3f-46ac-8507-59a372afc5b4
c52133b2-f9f0-4f36-9a24-b81078e5f997,43ab04f0-76a8-4c39-9273-3ba11a24bbd8
07c446b6-edbe-4202-bb43-38f059cf750e,b5ffcd51-12b9-42bb-9bc7-48047e50d283
0771fb53-a6a3-4cbf-a346-237a8534cba9,4cb52709-6afb-456e-b1b7-ea714ced64b8
079307ee-6952-4449-b292-569a222e3a6b,776ff71c-aa4a-4442-9752-45332e33702c
07a5cd32-3cc0-4f5f-9b5b-eb8efcd7bc37,9de48c36-6e4d-44d9-bbcb-95a119d2d575
c6ed568c-3b18-478b-b0ae-a5e8b9b3a6fb,9d4a5297-4ae1-4f31-bfba-0ff84da0d3d8
c6fc2e0b-0419-426a-ae7e-5f01d967429a,e6536b41-64fb-4e52-8aee-e9f10eedb6eb
c7b1a437-a9e3-4656-a2fe-25744bc42346,0e0dcf04-8afc-4816-a6c3-e054cbe76790
08114d5e-d82d-490a-973c-8210cbd8df3b,378c7c2d-874f-4e70-a820-efea2b9a45c1
c71e7688-f4f6-43ad-94db-f624b87c6230,8975d0c3-2df9-4dc8-9928-7a5905b763fb
c7280435-33ae-465a-95bb-2ae6b7be9e62,1067b32a-8e13-4449-bb7f-006842a48bb5
c7d75477-5cb7-4f1d-90d5-2ed91c52d347,d00e551d-133d-4731-bc48-76254e5075f1
c831f388-9685-41e1-b594-298bca77d5e4,51a1de86-49a0-4fd7-a39f-9799c6598bf4
c8971aff-d103-4a24-bbbd-0884bb227b71,0936b41b-929b-4b30-813b-0f535fbc13a4
08bef1de-e7c4-44ae-9604-bcb1c4bb54f7,770d177f-cd3f-4f4e-8fa8-a25bec87948a
c975396d-dda0-4049-a30c-d5dcf5671e1a,18935e4d-ad1f-4d26-8059-61048044e786
c914a473-ba50-4fb1-911e-796635201859,b1a830da-7608-432f-ab7b-95f3c167397b
c9ede346-eeae-4f8a-9c59-4481fed47dc7,87e463aa-9479-422e-acb5-4192ca67173b
0979d0a8-923d-4b57-934b-877b26c9cbe2,f549cbfe-ebf8-478e-96e9-20842fc12698
099c3ac2-6403-40cd-98a6-ad420d41b14a,b03799db-bd57-4500-afe0-2456135acf70
0a4119df-3203-4ecd-a85f-252e312bb327,0aa7bc50-a894-4298-8152-72474bf15f2d
ca685dd8-5f01-4444-8441-460f2dc5e614,98f09f99-3441-4cdb-95bb-1c9de50fc63a
cad6ed98-e653-4b8d-8d83-8e5533f2d3dc,bee8b0eb-d43a-4a9b-9be6-47ab0c339fcf
09ba29e9-de18-4d0a-93f6-d0ad6b64e05d,a35c6df6-3294-4aa6-b861-c0d8da7afdc5
ca3f4086-ef5b-4bbe-a680-d9369d5a7c51,027f09b2-4369-4f1b-93ed-f7abaed784b0
0a0164e8-dec7-4011-b1d7-d1737ef0a847,4e1d653b-1a38-4621-b31c-944548e4021e
0a1d1ff0-46c5-476c-abf1-1e7130b09714,b3984206-ae6a-4d20-a193-aa9469dd55ee
caf478dc-2e70-4a8d-a922-9ecb1667b40c,54a77d75-c28d-451a-8d02-a115170e5d7a
cd2d30bf-3507-4de0-907e-4c743ce16a3d,64454d12-45cf-48b8-8a3f-8a8ca3b8c3c7
0a56ecfb-f4e8-4791-8881-f48bbb489002,ff8fcd5c-da9a-4d97-806f-718497e86ffe
cb63ef29-c883-4091-87c1-528977999e06,62ff81eb-b9f6-40b7-9149-37f5bd57bc16
0a62e90b-17e5-4ff9-9737-46970655070d,ce844d83-4c99-46d5-b1e3-41ad07483b92
0a7a989f-2e72-4663-a67d-2b44b6150159,5fe89410-ec71-408b-b31d-c06622de0800
0a8083d3-def7-463e-9166-5905c3703fe2,8bd2f560-ca24-45c8-8292-5287f88dc7fb
0bb313b5-09ff-46a7-86f4-d1ec25cb0219,7518efd0-2836-4e1d-9f7f-43a3bd2cadba
0c270684-b243-493f-8428-e1d3ca6f5953,8f36fdcf-b8b1-4268-ab2f-c7c25c8b3444
0b65b3a8-082c-48f2-a21e-0ed511e77909,24f56a22-ae48-421d-bf26-44d2bd697716
ce38fd80-09f2-47d8-b4a1-651da033f01e,4a94c081-ca51-45cb-9da1-21c25ce8ffd8
0b998da4-4edb-4715-a475-eec85090e6b1,467a4178-bd99-457e-b0d9-953be6417b87
0bc864e8-4d51-47f7-93f3-da799869c4d1,f2aad6d7-c802-431f-99c5-e7ad4784bef0
0bcdc8f4-7d18-4978-b68d-d7e11295bdb5,6f284c23-d857-4cb1-a3dc-357e1ed9d014
0c247012-f3cc-48ba-bbfc-ce07ee26e07b,515b2a2b-ce0d-4312-a6be-c102f070bae5
ce15259b-b895-45c3-bc29-94c865f24257,dd7344ea-92d0-4b63-85b5-1ba1315ea289
ce3df0e0-3f6a-4280-9b1e-bea4af744c1f,1a85f26a-f2ab-4d57-8cf4-1547359ba448
ce41cc75-00e8-47ba-a717-dcc649fba1b6,ee364240-c96f-4838-8dbe-e569db1afb44
0c165d97-781c-4f80-9079-dab668536370,58799f79-c91f-4100-8ebe-8332e1b66a2b
0c53fd56-b7cd-403e-94a7-c6bac21f13d5,a725f766-9a25-4dd3-8314-57506cbd8cdc
cf8f2a6f-7bac-482b-906d-fbd930f5b728,e04db731-2b04-4a76-937b-58146431d76e
cee526a6-adf0-4fcc-a90b-a2897ead967f,fd080187-3e99-41ef-9bdc-1a0d5724ebec
cfc61e51-c1c2-4819-8d28-31edbc7a1203,c5037a86-dde8-4a80-89de-aec6adb29391
d0c81d99-333a-4cbf-801b-046e6caec53b,b01999c7-a28c-48e0-a27c-325b35e882c8
d013a3f4-e1e7-49d1-902c-bc55642b02f8,e954faa3-d82c-4a12-9969-16b41e87fd6e
d02f3eaa-c0e1-4def-833f-ae1c505bfa31,506a8b93-51c2-4d2c-97b0-397c3816a91e
0cf7f82a-a20f-4fae-9d44-6ac0ac28fa52,04e36248-953c-444d-95e0-ea390cfaeb8c
d011386d-686f-430b-adf3-154c367cbcfd,dc520bab-bf93-454b-926e-7cd3184bf423
d08ef54d-3f34-435a-8612-99ab2f45f883,a171540f-7340-4e41-b3f9-d8a7da55f6e7
cfcb2ed8-4231-4c22-8e77-d33789a9959d,1119e721-1b55-4381-a10a-794427349352
d083e5e5-ca6f-4b06-a1f5-f0d1deda04f0,0535fc9f-27d9-4c67-9d2a-fcaed006b17d
0d7874a9-0cae-46e6-b364-9599863cd247,e7d3cd91-a069-47b0-a597-49a350a7edf4
d0b7e458-2e7b-4845-9b75-31fbe479fc71,f2028415-e747-458b-beef-12b5818e38ab
0db1b0dc-42a6-42a6-a1ae-de7dd248c9a1,dc8408e4-61ad-496c-8201-11d560ac3b91
0de3bc52-f76a-429e-a8ac-8918543a4e08,932c8e13-af8e-4012-8ace-d8f72dc3a07b
d1ac32a3-de2a-4899-bcba-e42213e0cb98,b1ab0c58-dac8-4867-95f7-14a04736daca
d1eac8f7-e294-4180-8810-c3a2f562f2d6,9e8b4df8-676f-4930-aaa5-68df0d15b8de
d1cc1489-bf6c-4df7-98f7-c80aec20ae7e,0a96dbc0-6c65-4517-97f9-9e9808dcf1b8
0e2469c8-2fa2-4ad7-bdde-4ae8449f138f,64c25389-4beb-4858-ba57-f9be42066c25
d1da1d91-0d73-413b-bb1b-2ca8d4ec66b1,f41a0661-4d06-405d-a18a-7794639479c0
d29e9b75-9045-49ec-975e-b7fc96f7a732,54da5b68-23bf-441c-927d-1d465d7df7f7
d2acc946-fe82-4db3-9062-576f3c99c524,516775ca-090a-498a-ab73-7aa45c5c109c
d54afcd6-4bc0-4538-b8e2-459ac47eeacf,086f85ab-228c-4e35-a5b9-81c124e9801a
d264a6e4-3c76-4f2f-bbd3-e05b8ed4ce0f,e23c13bb-725a-49e7-882b-162745744c70
d2190ad9-1cf0-4dba-b2c0-b66a9b37e2aa,333bea21-075b-4966-bb85-a700f8ff7392
d2c9e8e3-16ad-4824-96de-059fd9735e4e,ae008046-3714-4e46-8771-68b5c89fcf1a
d3347cab-704c-419a-88c1-4f8624f83866,66239dcd-4821-4ce9-8bc7-2120336056ef
d4af77ea-202d-45ce-830d-731b4189b12b,ec337d46-dd13-49f2-8037-7864b73f8c0f
01b96074-b8f6-4909-948b-41acf99245e3,4cc48155-e69f-4303-98bc-6847c289286a
d5a232e1-1fc3-4d3d-ac64-9070e2e65a91,9aae28d0-6540-4b8a-9938-232c6ff7b6a3
01f5bdad-71ac-46f4-a448-7d6972dc2084,c2d3255b-aebb-4f4c-b20f-f7b289687b03
024c2070-ea3e-40a1-9853-6a663ec49b0a,530ddf2e-0f5a-4be7-bf90-0227024618fe
d5b28643-5a61-443d-ad25-c7dc053cefc9,2ffde7ef-758f-484f-ba53-b88372339907
d610cb10-0dee-455b-91e3-488851057de7,0050e59f-3546-4aba-b141-fcd61ed85599
d8ccf88e-a7d4-43d7-a611-d01c5fd6deed,52135e5b-0238-46fa-b6e7-8dd7d1c15d89
d74a3771-41a4-4e76-94c2-592eceac8452,08b2ceb5-b2a3-4068-a5bd-7b41588f1c26
d82ad638-5384-4552-9fea-1c086969cc98,e014be33-84cd-4140-8405-f700bb571f01
d79a233a-9ce9-4b71-8ed1-1435df2cb283,e9f0f69b-2199-4fad-9f50-9cb4d32b7959
d81fc4ee-22ee-40c2-860a-af79f8780827,905ae17c-3861-4278-ab4d-3c0e8cf13106
d7a54209-52da-45b5-817f-169a05cd1123,be258077-3964-4b07-8a21-c082191a7db2
d8b5ffb8-834a-441f-85d5-c53a6a03db09,cb768e3e-71a2-4a1b-82ab-2a82b5c948cc
d8067ab3-6aca-4737-acb0-6641ae61caff,42e3d30c-4264-44ec-901a-16496bc258e5
d9158f06-3766-49a6-86fc-2d2363a68adb,04160892-d02a-4ea2-a17c-364cf8dad8c9
d95e3426-4b33-4a18-b654-b005226174da,e5f9888f-e3ad-43c8-9bec-c72043e3be8f
dabcda15-1428-422e-b791-3bc76377de94,758473b8-3f36-4884-93c3-1ccc63824470
dabdc000-9a0d-4b0b-82db-44b949b42307,7672ea7f-f051-4e5f-b402-f447d73075ef
db45c2be-af58-4955-9846-f292c2d79ec8,c74fb74e-8523-4a5d-b89b-f279edf4d351
daf74350-724e-4f19-a44c-67316e5a0329,0962d92d-1541-47c4-9bd3-136de2ca9cf8
db47e9ae-d593-4d89-93e0-c54d4c120fab,51ecbcc0-1f6c-4f42-ac58-5e062b517bcd
dc4fc183-d234-453b-8491-3a762c2dc8e7,ab2d9102-7868-4d85-91c2-0174de5957f4
db687811-9370-45d6-904f-fe30f68d24e7,f7846838-685a-4986-8f45-9a7223fb74a0
dc6f9149-6d2a-4b22-9cb8-020982a65f93,2acd125f-54be-4b0d-bfe3-dc7f3ca03773
dbd36528-e015-4a40-b242-47c8b4fd5f50,8c6072d9-4c2a-4c08-90ca-8b89494bb1c1
dcf4ae98-679b-424c-9c4f-8cdba4b77891,0bfd72a7-192a-448e-85b6-1558da11531b
ddadccba-d573-4a6a-8b45-5a6de050206f,9debd2a9-0997-4c13-ae29-b2de898bbd8c
de916c18-864d-4733-bf4c-9c3373268a7e,d66b6eed-5702-48d9-8c9b-04858aa87b0a
dd8fae8c-347f-477b-aff2-1eac5057915b,19716a66-9443-4449-a8ac-78763aa22ff4
ddbe0ee9-07b0-4bf8-990c-8a583605d66d,146d4687-2d27-43bf-ab7c-e5db5a3951eb
de2f7ca0-45b1-4472-9d30-3e7852d52cc7,b4ce0873-f6af-43d5-b49c-a61414f215f9
dec215c0-1445-42f8-8408-fe509caf8e71,9e053861-324f-46ad-9d39-d4e96a13b5df
deabda32-4fa9-462b-9a5a-11604f909471,cf8dd279-7368-4ec2-a68b-c0eec1959f66
de9b4250-1d74-4cde-bdeb-2a8bfc2ed180,e1782c7e-a4e2-4176-8a53-ec044405aecc
df051daa-98af-4512-b089-ce28ea31dd1b,24e0caa1-4470-4700-bec6-b4746f6fe781
df0737f7-a636-4b08-916a-3f9c302a6e06,1f77dcc4-e12d-45d2-a13b-de534725e4db
df1fcd92-8d5e-4a9c-b109-87b69b7a9dd6,0a486589-8673-4e57-8ed8-0f67058a789c
df2c8b1e-da33-43e2-b787-990293e8400f,e5e42bb5-0f90-4c8c-9f8a-18e95cca1c87
df68f9f2-deea-4e2b-800d-09a82cbe31fa,f2e329eb-b4e6-4022-a336-897441d9b9b5
df5758ce-e58e-4d67-b251-79e40335afa1,111a977b-d735-41a5-836f-1b6c9255facc
df9c7919-fce5-4c1e-983d-7eb9f59ca89c,a9f43d3f-486b-4568-b8fb-6c3fbae36ac0
df3200df-37c7-4ecb-9f7d-87dacfd68ff6,41a5f1ea-b430-4cdc-b157-5d435d020e87
e2fda2f1-2aa7-4f91-9fa9-97bc629e602e,7dadc942-0aba-461e-b150-6c060420769a
e26e5ac5-ca73-4db3-9d66-d9a1ebaae2e6,e4f3448d-fc69-49fb-a70e-f6cd1545b6d2
e16570b2-d13b-437c-93dc-43cf90ddf065,0d051b0c-83f0-4ad8-a6b3-629aad9ff555
e19f6575-3e2c-40c5-b063-b6453899989b,12dd63d5-018d-47f8-9108-5b2351046deb
e1bc058d-ddec-4369-ab18-342394456a8d,080ee416-534a-4f24-8ffe-ccad5a0d6e01
e19790de-9512-470a-af8d-50a8f449b49f,8c36ad5f-78b3-46b5-a3ca-89d5707daa73
e30a4246-2617-4787-acd1-d080afa91700,0944bbf4-a725-443b-a0bb-03b670cae590
e34f0c35-04cc-4877-9eca-a2d4e61fb7b9,53100592-87af-4530-a812-763ece03a4d1
e4d6b3be-78cf-4543-bd57-242ea7a943d7,a63cb039-af0d-4a88-9aa4-2646fbb7cf3d
e3a585d7-bb98-43dd-a2f1-922ddb88271f,527024bc-4c61-4ae0-8713-b12b7537941d
e4a68e3e-eb9b-4f51-8674-73702beadcd5,cb1da2b6-fa95-4fa3-a634-3c63a0c3d706
e3bd2d32-810e-40de-920d-4908c2ace85a,9a4a3fcb-ef48-467a-90c5-b9bbea8ca1a5
e418d722-a37d-4777-823c-b951ecf8fe70,99e4c90b-2ab5-43fb-bdd0-e7808fe267ea
e46dd0c2-b319-4ca2-a35f-b76eefbeef32,8d2e49c4-a654-4b78-9127-e909e4c2a863
e5af2f65-64b6-45c9-922f-ffe4dbce77c4,af69b5bf-a8af-419c-bbbf-8c4e922a8137
e4c52a1d-5e55-409e-88c4-ebce019a00ab,b2ef4a52-4d23-4cda-88a6-43d7ef35d2ff
e4bbd5e4-4036-4394-a477-fd63720e64da,411ef8bb-329c-4927-9004-b2a0fd7686b2
e6a7d47e-1b20-4281-9a5e-5b49aea47695,92cf4ad4-9a51-46b0-9ac2-7573eca38f3d
e6b814eb-98c2-449d-8841-5e93b915c3e8,6a127583-1852-4464-a23d-7fce7151d3a6
e7485f74-9c40-4ffe-a797-f417a49f431c,2865b5d7-be92-4526-90df-cfa292a0b01b
e80797bd-db6a-49a1-82c9-a6e04df6b460,5c981423-23e1-4414-8b26-df6cf9a5602b
e881ec80-9744-48d1-a974-ce290f772fe7,a95304ea-2457-4766-b4aa-6ea8b4480f1b
e931eca5-ffbf-46da-9243-45131b0b4546,87fa4817-365a-4e9a-a570-0c0868711cd9
e8e90679-b4d3-40bc-8ecd-099838b5e129,1ffe4a34-1933-4b54-8c00-b483b9e9a7f8
ea79ff36-6102-4b56-9bd6-a3a72df0deea,206410a9-3c08-4df7-84fc-d6619ba2ee31
e84c11fb-6d65-4575-a5d6-f4544fe264fd,0ff33337-dd93-465f-9bee-c1c98f331cda
e9838c5a-c29d-4f02-877e-d98166e135ba,3f3dec10-2bad-498a-b21e-1c14aabfc1d6
e998bbaa-37c8-43a4-b784-60879d28e4f8,cbacafe6-0d10-4e46-91f5-2906ebafb072
e91863cd-ff14-4768-a0f8-fe3142f2383a,4a47b795-a17b-423d-b7e8-b27df20443dc
ea881b77-e928-47c8-a219-2b5ea4cc31c0,08e7039a-5853-48b7-93e4-c8bbb5e8e53a
025deb3e-84c9-4965-a3a1-802b12b2b078,77d270d5-4853-4919-8804-0cbb15bc5744
eaef735f-b709-4700-ac82-218a98cc4c74,63102e61-43ec-4267-bea3-682a0fc0332a
eb314212-585d-4773-b1b0-7e61778eaa67,3267a05a-381e-41e8-8d6a-93105e218ba7
059d6257-dca9-45ad-a5cc-0976534c419f,9afc5970-71f8-4f1d-a547-aa0da2e8360e
06643812-7da1-4987-aeda-404b11e7cfa3,394339d1-6b43-4fe9-8326-57d1bd55cd4c
06664880-5a35-4197-a6c1-c11569a0313d,c23e11ea-4d2a-4dde-a022-54aad252f7a2
067cd04a-153b-4b70-9de7-ddaf6c906c98,481f8e1e-fa3f-4866-bedf-13a24a4663e4
073d4a2c-94e7-4e73-9a96-34cef939ecc5,3e031f1c-dc98-4a1a-9a94-627cd8f520ef
08a9ae6d-fedb-4262-ac7d-72530e2df32d,4e62b44c-4d31-451b-862c-ff5cabf3484e
08ee3d53-eb76-405e-bb2a-962e736188e2,d6957ad0-77eb-4501-a0ab-7f357a91a139
08e5c0a5-428a-4a15-bf8d-a37690a649a7,72512654-122d-4cbb-8e9b-e32e73d3ef91
08d64f2c-b9ab-4507-8786-d91d5bb036f4,5941ab23-2277-46ed-a307-2be2b515671d
0a31150a-0e26-41be-85e4-efe21f851013,0562e5d4-e4d5-4c1d-8f61-007def4e0098
0a716148-c1b3-4485-a79e-5bb981c269aa,1efe5e21-b7cf-4763-8f8f-7131dcc8f089
0c14711a-686d-47b1-bdd3-e6f94f54de2e,07f1c13e-63ec-4214-97a5-7c6543ce1f6f
0c2c1fb2-d230-4753-9552-64f8a9013dad,bf96aa51-5a1a-4695-af98-bd638e9b83c3
0e493148-73c7-413a-b579-fe23a4839490,c5058f67-b4f1-47b9-9894-e1e462a53430
0e3f069d-0427-45ce-b07c-15aa96fd9b47,dbaa2d08-2336-4ff4-a4ac-4dd4b398db4e
0e944c02-4bba-4962-8822-5cf44b464be1,3c0064b1-3cd8-4ee7-ba25-20f58f24bb3f
0f8a4d15-d3d3-43ec-b9c3-af112af95cd3,bd39f278-ab5d-43bb-ac63-0022ee45b7c9
0fb08d11-0297-4d6f-9beb-91bd877811f4,65588440-820f-42b3-b2d3-8ef67fbfe07f
0ffcc3fb-fe32-4348-b183-d2199d993b50,830593f2-424d-472e-b5f2-d22b0ea03990
1016b907-72bd-4560-953e-a44ae1080302,f4ca13d0-0f15-4f7c-a605-6b80b4147b7d
10484a08-f7bc-4ea6-b037-e941739bebce,ccc4a52f-7639-4e26-a6d8-ce36e4182978
11f801dc-80b3-40c8-b14b-84033a738b78,8b483dd2-0f28-461a-8066-613a71f8fb18
10a6d30c-9bf6-419e-9618-8810d466a267,103de177-ae7f-41f9-9dd6-fa865e847112
1322c216-08df-4908-b8a1-29dbe3b42df4,7704425e-d993-4041-b27e-f992852146e5
11e9a48f-a1a5-483d-ac6e-fcae12f025d9,77d270d5-4853-4919-8804-0cbb15bc5744
11fcaec5-1aaf-4b3f-af1b-69d6049499fc,f61e3744-fc35-4a57-8e7b-8c8cc5d8a2e1
11b63793-6fa9-45aa-84fd-8ca29a9f2fbd,4c301ac8-9349-45fd-8114-f4acbc3e786f
128f7d69-14c1-4e19-9b90-bcad7ce96a4c,c703a037-0223-4228-89d0-26604af82f4d
15f280ca-eb31-4c75-b7dc-073f4454f042,53634c0c-e18d-4d79-83c7-ea7c6e63f4d8
13e74c9d-a25b-4e2d-bcfe-c64c1b98eb78,d3361807-9070-438e-a650-f7d646a915db
14a2ce86-d302-407c-978b-65a8f0c18976,09d75bcc-8afd-4698-93ee-3828bd8bcc4e
149782a6-ad06-4ea7-b053-0cef8ca834e5,2ee80675-7f4f-45c6-ad8a-72c5671fcbdc
166a1bbe-336f-498f-a256-19b5c0984c29,d76b0c60-2c74-48bd-9093-074bc9b71ad3
14839a80-7586-48bf-9acc-2c9dd24cdcf9,9461f2e1-a9e1-47dd-b128-2862f6eca0b8
15342813-9380-4485-818f-dcc4fbc66af5,1cd00efb-d6cd-4150-ba16-6b3ba386dc56
173b28a1-7b8c-48e0-9884-1e7098dacb81,faba12b5-27c4-4c7f-bb33-125082a6df3e
15e0e2f4-5ca5-4272-92af-101034a28e04,e4a70cad-c10d-4357-a4a1-35f730758cba
171d43bb-2e00-4c91-bd37-e7c89e9444db,dd7344ea-92d0-4b63-85b5-1ba1315ea289
1648e1d5-3e4c-4231-93fb-de528b27b6fd,062f8a01-3465-420e-bafb-bb79302456ab
19320e35-3253-4772-ac2d-da1d5ae13233,e0fce514-095f-4d06-8d7d-6679aff9eab1
1a2c2fbf-5bee-4960-acdb-edc2f31dd5b5,0eec4765-234f-49ef-89b9-24026f03bd95
1bb0279e-f34e-49a6-aac6-cc05a040707c,975d5061-e1ce-444c-b8b8-121fd5539c63
1a84cb13-d66b-4642-884d-f2257ea5e9d3,384573dd-2f2c-49f9-b43e-b874cefdb81a
1acfd553-d132-44ba-bc49-c32773354ce1,4188b44f-706d-46b9-8ee9-96b44e37c5c6
1a7ffb98-a303-4c87-a293-91791901f4bb,c5b7af8f-e779-42ba-a09d-e3d704a79fd7
1a911501-fcfc-49a8-a1a3-07b402e10d66,f7438217-072f-4cdf-aecf-4b384fc8dd7f
1a94054e-9f6d-41b9-a602-77e6d206c99c,5e67f32a-f8bd-48ae-ba28-a8ff7f4c5f37
1a323264-e84d-44e6-a4cf-bee0a622bc06,271e90f8-12ff-4d9c-92a7-b1e404e2a8d7
1b95c395-df00-4c5a-bafd-15ee47913435,0f801b8e-eca8-430e-b3a4-2eac302ceb90
1ba382a7-0e95-4576-9350-5d28f40baabb,2908f875-4c8f-4af3-b7d5-c4b0da8b88ec
1b510ebf-5dfa-472d-abd8-edf63a81cccf,4623a34b-0c95-4298-884a-70d444b23044
1b4e7944-fb39-408e-a95a-8fd70e175824,6b24bee4-0929-4f07-bdb0-eed0c126a968
1c038043-4287-4cbd-8c9e-56304912d814,b6193e74-9ef0-44ea-9446-8ae9465763b6
1c2e7357-80df-44a0-b626-60aacc5e1a3d,d94fe1da-2f64-4da5-a58a-f69a728cd5eb
1c9bc6ea-f652-4c62-ad42-913e37f21dc0,f6462812-84b4-42c1-81c8-ff7377e9d91e
1c857cdc-193e-4323-b96e-d26f4f03225b,624deabd-b684-4c56-a539-ffe1704e0ef6
1cd44c05-78dd-4793-b45b-9e6a62266773,6b1dcded-7f2b-4a88-a0a2-b6f0153d1aa5
1cfdc3d2-e30c-428d-b3e1-5a2674e18085,fb3bac45-d547-4f2f-9544-edb2e94e3579
1d4fb15a-39f9-4045-a5a4-74ca5dab9fe3,d54df3e2-ea6e-44b1-83e1-48f58b92193e
1d16affa-9000-45da-a22d-70c98b39ae04,70b83fd6-2b56-48e4-ba92-899460ebf3a6
1e93fee3-cc8f-4874-a26e-0f006631204b,59309e61-2eb1-4701-96e5-ae176f3a8e23
1e11ec02-a579-40c1-b02d-24bf4ce1b1f7,0ef0f1fd-e36e-4b72-8499-e37a9e9f66b5
1edfcfc6-5ee5-4c52-85b1-75530a2e73d0,fb0c660f-df05-4a3b-ae1e-372148070022
1fc96820-7b1f-4e60-8d7d-a54e3fa15705,d5cbbb80-116a-429f-8956-6b3e18b42f48
1f02b6e3-de07-41c2-8883-a13d81e9aa37,26c9a8ac-7086-4284-8a6c-fd953874e3ce
1edb39af-dc10-4cbb-b1a1-b7740cbccf93,b009504b-de34-4843-8dfc-8cb03896b9f2
1f21a984-e227-44bd-b4c7-3727cae55dc5,394339d1-6b43-4fe9-8326-57d1bd55cd4c
1fa1ff3f-c20a-4122-82a5-5d98af8e578d,20327ae6-7cd9-4f90-be94-910333a8879b
20294d0d-3fb1-4f32-b7b7-dbd9af97a93c,b554f39d-bd06-46a8-aa0f-ebb74fcbaf78
2015ed13-41f6-4f7e-8d0e-5345e51a5c1b,77760b58-1f7c-4e82-a544-c9c876ee471c
205a125e-c31d-468c-9eb4-8589d5c22c1e,b176ade3-2f48-4ad0-82d9-6136df1752d8
207b02de-b573-47e7-b6cc-b8cedd44e33e,64cc5984-15a6-4563-a9da-c4dfe5b4694e
20b3e345-56c3-4a27-9089-3b9632dd7791,a73b0614-cf0e-4be9-8553-e3113b193516
21ff4415-5b21-4c56-9b97-31e6691ed906,6e0d9e5c-35e2-425d-abb0-13bc6193d132
22583374-e417-4cf6-989b-59e0d81be9b5,d09f3b89-70bc-4978-8b5a-562b5f282252
23af9fc8-126c-4760-87bb-0e829ee3f152,85c22d66-d5d2-4e9c-ab41-e6fdb617354e
228733e2-2a34-4a58-8cda-3d2123d31870,4257f971-be8f-4127-a2f8-06ae3e6c56c8
2317775e-e4f7-4391-8514-cda746a5eb7f,a3e6631b-26ba-421e-92ca-3af613541fa1
23a2df57-d328-43cd-88f4-51a206261fff,cef90a53-976f-484b-8eb3-a8d8844681ef
2400615c-6116-428b-a9d2-bf5ea7f75271,7c8395dd-f04c-46bd-ad15-b04c4ac0b619
231c0f0d-840a-49d7-aa7d-897a11e4e9ad,b84fa210-9011-439d-a852-8ed87f6cacb2
2425e81b-d5c7-44bb-9169-3633be888536,6e058f5a-157a-483c-850b-a5fb637ac913
24c9f28d-0627-4743-bfef-db43322dfbd1,bc3a2146-6b34-4805-b4d2-d688a1aa3108
24b7ba66-4e02-437e-8920-39bdf005e220,830239ef-dcd4-4531-9291-cd82026cb7c7
24ca6075-7507-48b4-ade9-7029fa637df6,a4e5a8e0-0e14-47bf-abc4-c73fae477672
24d68d3e-528c-4e2c-9704-177dc8122b70,0bbeae09-1131-4564-abea-86ea923c3d4b
255ae1cb-4b7d-48a5-acbb-b6423d17bf53,e5d7107c-abba-4059-8fbd-67a698d8cd97
25482c0d-24ee-41bd-af8d-00498f7263f0,8a070a8f-6aef-4738-924e-003487bb9ada
255a0a70-2dc3-457d-aed4-f2f3f29c809c,523ce7e8-aa8d-485f-b0a5-12a035c4f6f5
255fc3de-4b18-41e2-8e07-3bba0eab6ca5,0f54f82e-bc07-4353-b043-d84d0b32b781
25cd02c1-5554-4a3c-a469-d6825fb610a4,b1b09116-5960-4bf4-ae9c-ca27bde0590a
260c0811-0f80-4728-97ae-95d9fcba360d,e9b10458-f836-41fc-a1fa-d73de2ee0d03
25c8633b-2b10-45e3-8e0d-9e57c43d93c3,c14b3c1f-30cd-4a11-ab5e-93c6111fc066
26339655-118b-4d45-b0f2-566108cc534e,31921e69-0fff-4f31-a044-60dd413076f0
2659618b-a34c-459d-9508-f1e3099771e6,7442e249-a554-4fb8-a8db-eaaf1d660d4e
264f5114-0f75-4600-b319-5f333b57e104,6d75f8b1-edbf-4a95-8933-8666e8b47b8c
262bb547-7b14-4945-b0ce-fd464b00ce9f,84bfb110-c416-43bb-a9b1-c74bec77ce4c
26564995-7047-4639-8615-38977e88f3f8,88937153-c1a9-4e6d-9248-ffb30adc4aa8
27087f56-eaf6-4347-8275-650f1a0f6b02,69b23002-4528-4432-80cd-a6313f352044
265d07c5-cbae-418f-a514-d58468cea2a8,b982dded-cbce-412d-9ba1-33f37fe1bc70
2680f6de-3002-4643-a317-a34d632202f2,29c70452-2f84-4c2a-a6a0-1d8f2caafa1b
26dd1fda-dbe9-4fee-8674-a38c60456a6a,e8ede4f3-74c7-420a-981d-64500cc75db7
273b2924-4171-45ac-a9b1-b989be34371e,d121cab2-bd9b-4d40-8d00-a28a6917e97e
26f67d62-821e-412b-8d35-040cfd71bb32,13941d13-5a52-4df7-aa11-d544a9a1d80b
27297fdd-40bc-4f86-92ce-6d74dd101cc2,7d2cab9d-3f7a-44a5-9731-1bddef095c07
2795ad76-f1b3-4093-b9ce-7d732d5fa939,721d795f-31d9-4a3c-b4d8-c75b2526cd8d
27921749-8929-44ca-9804-93a2cee9331a,a6e4744a-fcda-4061-8cc5-09626c5ff4f3
2798d5bb-8d32-4337-8119-c12a7624257b,c2e0f539-b308-4898-af15-a1e1149accc5
2859c9e8-3f63-4311-b685-9e2f1960ba39,094cee79-7e2b-4dcd-b740-279acf188530
27ffbbc9-bb24-44ae-b6ce-4fb58549baf7,74ce49ed-f1c8-4d5a-ae32-59bf3a9c7866
28154fa0-f441-479c-a980-4d3811ad9390,0864adab-6161-4bb0-a5eb-db900a6ab85d
28472cf4-64e5-47ca-b88f-de0f9b5cd168,b26f0a14-6b0a-440f-a992-84e08945a1a9
281bb315-72f6-4233-b088-0ce51acb239c,f3172b8e-34d1-46ad-ab2f-45558c5a362f
28ced71b-bd73-4694-b19a-f64ab636878b,b01666a2-f2d0-4f67-bcfc-aec3b509d1cf
287ceb5b-9b43-45b9-bf94-d9b81bb5214c,8ee5c88c-ad01-47f3-9dcd-85f59072c8a4
28671015-1a86-46b3-b31d-bb7e33a826cc,b11953aa-2130-4a33-bebf-535a151b8646
28a54f9a-94c7-4cf3-9f56-98441d5d0c04,24f56a22-ae48-421d-bf26-44d2bd697716
28b5c73a-5d70-4ffd-94e8-87e21d013403,6368e436-4370-4e52-9a7d-1a3578e2270b
297ea49c-0a1e-40ce-bce5-ba4c6fb3cf3a,89f56571-dfe8-4cc3-9f4d-02db2b3d4585
29b3ba15-4d08-4942-aaac-e9dc986fa410,46b864c1-0861-4da8-86a2-1a06c8bdc544
59127648-37b0-46b9-9bf7-8ebada74e104,ded5f2b3-aba4-45c6-811a-301b331f2b33
29868ed0-90e6-4275-8e11-0857bb44a840,30ad061d-2e7c-47aa-aebc-f9383c8b670f
299b67a0-3996-4f89-b97d-43e39dc1c35a,e551f55f-bcae-4f83-8b7c-e212b12f99ed
29f3879e-241f-4d7f-a377-d8bc54a55449,5bf7b2cd-09e0-4d10-8321-53f7d65cfb75
29c145f5-2e89-4ce2-a8b5-4d904bb5b96a,db248043-7a86-4010-939d-bbcd9bd632e5
5af7cfaa-7904-484d-a855-4679430b6582,e39ead77-46cd-4fe7-9b14-015178b320ad
59dcf944-24bd-4309-a7cf-1913c3052c44,c40bbcc9-8bca-4286-8e3f-6fff627c22b0
59daad03-dec7-4d5e-8d56-c557a4d8c4f4,cb6346ee-0947-496c-b784-9c4dae15f822
59f3615b-cdb2-4b81-ae79-7e333af59cd0,a5773757-a314-452d-b6cd-4a823e7d87ec
5dc46fa0-5faa-4317-b59d-759a5287b45d,43040f75-ef4a-446b-8719-9e520bbfd9d3
5b636a73-03f1-4b25-8c61-aef26c8a612b,8bec581e-75ab-4377-8307-95a7ffd8376f
5af4c345-67b4-4c4f-8871-e389cce59b89,338a33f0-fb95-4c40-a974-322a31939b53
5b42882c-da83-498b-b40b-f5371186a1c4,b5aa626d-8859-4150-b749-1b4dc959715b
5bc4b5a1-58e9-4e42-9ca6-357f772df469,33289b2f-de02-4f9d-8c1b-bc0617e80d46
5bdf186a-b2f7-4886-8181-9fede9d73d36,a9ef876f-5cfe-4d24-a2fc-1d4349398164
5c8abc7e-9154-4d2a-94a4-9f95fdfc2959,53d21e6e-4eea-4dbf-b532-bff5942f3fda
5c5a6dc2-97b0-4cd3-a167-cdfda7e389f1,2a36a08d-e386-4a83-bd4a-044383e6f012
5c9d5632-8257-4c5e-b5b1-bcf487cf4812,05a8c337-2f9b-4136-8c8c-f0871396ba7a
5d0e3c37-81a7-41fc-9baf-f58b80caa3a6,13855794-55e0-4a9e-820c-382e7f14f041
5e0c4536-875e-42a4-8ad3-d573a63ae4ca,6225f1b2-e811-4da8-9368-3707e29a34d9
5ceea7bd-db4b-47a5-b3ea-1b52ec4c1020,bd9230bb-dcd7-4e9f-87e0-a569b805c2f1
5f17f018-7515-4b36-be07-501bc5ec78b1,f3062fd5-af67-43f6-ab64-cd4ef8943115
5da9f133-95b1-4b2e-ae4f-1b79a06b6ff6,f470c28d-0e9b-438b-b413-2d6ca4a0f72d
5e2da2dd-29fe-4c3b-bf24-6cfc99bec5aa,6345cb37-45c2-4b8b-aece-fa3a52a21fa7
600337d0-c489-4405-8ba8-89437134ba58,b4a6b0b5-c104-4f2e-9f6d-b53044a1c929
5ee02d7a-f4c5-4de8-a1bb-0820d61be7b3,38f26d4e-1a4e-44ed-8bd9-e1f2068a7b24
5eda8b84-4772-4b99-bad1-dd19d14d8301,fac2b8a5-132f-4c0e-8751-25ab4d7d8757
609e943b-f704-4144-af8a-6ca4cc6ae308,7fd9bce7-9bc8-48e5-9d76-45b478cfc102
5ee55708-613c-4ac3-896e-2407e6d5e444,60956197-0d4b-47e1-80f9-066a570b8dc9
5eed8029-eec3-454d-9c8b-d3163e634add,60705af5-e671-4971-93d1-8d1919d426dd
5f3d0495-b7e6-4416-9cd8-872a9a84502b,4322726f-db85-4a07-81a2-3cd51a12af16
600ffdcd-ef09-458a-9a70-38eed56c5c24,81db50db-0314-434d-8670-f1c11da7cfdd
60b46cff-266a-4c4f-b653-f16a5277d6a8,19fb70e9-6c87-4d87-bfc6-f684e76844d9
618d9e44-d7b4-4879-b839-3a7609b6cba7,0d2ae6f5-8c1b-46eb-8d45-e48bf1525925
5fa77e43-03ce-4242-8cf4-33fbd58a50c1,dc34c78b-0099-4585-8a20-f02e2d0f7008
5fd0f3fd-ce54-4ceb-a543-5377570b222f,cc9d205e-50c4-4418-9c16-4635ddb12180
60638dd1-a19a-4044-901d-2a04c1df8e4d,a71226af-1767-44f2-a898-b0893e711116
6052b3b1-e92a-4ca1-913c-6c4553230b85,01a92c4a-a224-4bd5-9e7f-e1df857d8674
60457386-0696-4968-b512-586086ea8c1b,63a8db78-d818-4c00-9edf-2b7da127fdf6
6102334f-065c-4223-b82c-d4352c63fd58,c83e7d7c-6fdd-4a24-9e0a-fc248208f716
61941351-80e1-41a1-89b7-8a232233e547,8e4a05b2-e6f2-4bd6-a789-6785ce496750
616651d4-8449-418b-b1a1-6cc5c68c9e46,c7ddd0f8-21f1-417d-9515-a6c68cf02537
634648e0-e26a-4694-a6ab-26772d6e6b54,cda8dd29-dd72-40f3-a4e5-0c06bb33aa62
62b64824-54a4-467f-92c1-a867ea625254,2ded7100-31e2-42df-9f0b-ad67f327faeb
634eb746-4c48-4312-8b76-a7fa18e7be84,3753558d-8c16-4b57-9529-97fe54302a43
66747bc8-85f6-4f14-b3e9-7ea1b80f5f63,d6c662f3-3fe4-400f-8ce3-21b0980d0498
62d3d2b7-ebd0-4a24-8d41-c1d692b31ef1,812c02d7-4d6d-47e9-97e3-55d97ea4ef26
6351daab-bee2-468e-ac77-18926e7d978b,df65607b-43c3-4f58-9f6d-2460f2a1c4c9
64031605-bcc0-45ef-aa85-94f36f8b2bcd,40b34e5b-52df-44e9-8c65-2dc152033dfc
63fe49e7-82b4-4674-959d-fef2ff6a8710,9c948773-b5b7-4072-835c-040343c2a6c6
63bfdb55-3168-48f4-90ae-dc9024384a86,16e76c7f-194b-463c-8773-6719871c356a
65044891-adeb-4bf5-807f-9631cbd1cd3d,2522dcec-ca23-4680-a8d2-7f0766349712
64e7ba18-8ee1-4b72-9381-86c0c69109b5,af1f9a06-e304-4ec0-ab26-52a9bd157802
65947d3d-139e-4196-9b11-aa31a61811fd,31982ac1-4c1e-40bc-a188-161982c8e88d
67efa0e6-b8c8-4b96-bbb6-7cc556107c94,340785b3-2aff-4bb9-983b-10e5c16ea38d
67febf13-867f-435c-8aae-d3d42fdeec3c,25a01dc3-55af-4c40-988b-c1797923fafd
671bf3d3-c62c-4d30-af26-2ed52dcfba3d,e136fda5-52aa-4a3a-9350-7406a55286bc
68d377de-95cd-47d3-b6da-f6ad39b7b4f3,bc24f6e2-4e2a-4bd9-8138-975a314dc267
68aa5c77-759d-4e0c-a500-5979ccddc7d8,4623c2e9-e1b2-454e-b525-ee281e584500
683194e1-9620-476a-85c9-394d745bdda6,89da9bd8-e921-4172-9802-280f667b4f3f
69c91c05-4afa-4e8d-b009-27b932eb00ba,78e5cca7-dd0b-4f49-ab4b-6ffb895568ee
690a4bff-0bf2-41c7-baba-59096df9b358,ee1ed04d-1ac2-4766-aede-b0923c938613
690a5a43-3442-4ba3-8139-4d0ced5023ab,6d0c79a5-1ad0-4f0d-a7a3-82db7c2ab10a
69e70bff-6815-4788-a3d9-aa330d7a6a2f,e9cc35f7-dece-4151-9807-f98a3b3a3e97
6a1ba93c-942e-4981-a0d7-90e351ba91e4,77a5b50b-f8dc-4578-a56b-f4b7ce72a86c
69effefc-8786-4e07-8933-7f30056c62c5,742fbdae-746d-4576-a71d-564914078ac5
6aeb97c7-d1ba-4475-a2ad-f1cd672e323c,eb81d33e-7d08-4d01-b69d-b6d36b942c83
6a9cce5a-7d16-4b91-9ebe-2f4ebf9e4b36,0ce677e4-bc12-4342-bf3d-ea2b4373632f
6bd67706-d78a-48db-815c-3d753bf90ac6,1aea2520-a791-4e1e-9569-6394b136a941
6c269712-3e98-4c57-9d04-03db7e12c5ed,6160c797-89a5-4108-b7ce-32f9929aa4ab
6bb12bdd-9ad9-4c78-926c-1c656ae4726a,71944ea7-c2d3-47f1-a376-bb1fb6e4c071
6bc31e1d-21a8-478e-b276-1e82b0c8a056,b3099363-6e39-48e5-a28f-53daed7824c8
6be4871a-6add-4e8e-8aba-d0796c3a9ca9,8ad6de5c-1c09-461f-b01d-43cd9cec56e2
6c59183a-a06f-47d4-abda-f4718db790ca,af318ea9-bcdc-4069-9357-a9ee3dc6c927
6c625abc-3ccf-46a6-a36e-cfca7b22475f,98f09f99-3441-4cdb-95bb-1c9de50fc63a
